CAN_ID,Priority,TX_Ingress_NS,RX_Egress_NS,E2E_Latency_US
0x18fe50a7,2,1785268652235320223,1785268652237774154,2453
0x18ffd0f4,2,1785268652238306260,1785268652239766369,1460
0x1cff50f4,2,1785268652238675091,1785268652239766369,1091
0x18ffeff4,2,1785268652239042108,1785268652239766369,724
0x18ff9528,2,1785268652239909232,1785268652241767103,1857
0x18ffefa7,2,1785268652240973670,1785268652241767103,793
0x1f2,1,1785268652241337409,1785268652241767103,429
0x18fd50a7,2,1785268652241602000,1785268652243793373,2191
0x18ff28a7,2,1785268652241766073,1785268652243793373,2027
0x18ff2895,2,1785268652242231903,1785268652243793373,1561
0x18fe2895,2,1785268652242596086,1785268652243793373,1197
0x18fe50a7,2,1785268652246060658,1785268652247762859,1702
0x18ff38f4,2,1785268652249026103,1785268652249880481,854
0x18ffefa7,2,1785268652251191460,1785268652251880492,689
0xc7fd3,2,1785268652253655705,1785268652255882292,2226
0x18fe50a7,2,1785268652256320855,1785268652257881378,1560
0x18ff9528,2,1785268652259985444,1785268652261881363,1895
0x18ffefa7,2,1785268652261449065,1785268652261881363,432
0x1f2,1,1785268652262102191,1785268652263913226,1811
0x18fd50a7,2,1785268652262365596,1785268652263913226,1547
0x18ff28a7,2,1785268652262529484,1785268652263913226,1383
0x18ff2895,2,1785268652262992889,1785268652263913226,920
0x18fe2895,2,1785268652263356442,1785268652263913226,556
0x18fe50a7,2,1785268652266820810,1785268652267881230,1060
0x18ffefa7,2,1785268652271885595,1785268652273903023,2017
0x10fff4d4,2,1785268652272448850,1785268652273903023,1454
0xc7fd3,2,1785268652274616245,1785268652276006849,1390
0x18fff5d4,2,1785268652274780559,1785268652276006849,1226
0x18fe50a7,2,1785268652277145470,1785268652278007156,861
0x18ff9528,2,1785268652280810689,1785268652282007697,1197
0x18ffefa7,2,1785268652282275365,1785268652284036820,1761
0x1f2,1,1785268652282939417,1785268652284036820,1097
0x18fd50a7,2,1785268652283204026,1785268652284036820,832
0x18ff28a7,2,1785268652283367914,1785268652284036820,668
0x18ff2895,2,1785268652284432741,1785268652286007572,1574
0xc7f14,2,1785268652284896516,1785268652286007572,1111
0xc00e8,2,1785268652286961707,1785268652288007750,1046
0x18fe50a7,2,1785268652287726277,1785268652290007316,2281
0x18ffefa7,2,1785268652292790672,1785268652294007543,1216
0x1cffd4f5,2,1785268652295255472,1785268652296140442,884
0x18ffa7ef,2,1785268652295619303,1785268652296140442,521
0x1cfed4f5,2,1785268652295630155,1785268652296140442,510
0xc7f94,2,1785268652296394817,1785268652298133305,1738
0x18ff1eef,2,1785268652297459292,1785268652298133305,674
0xc7f28,2,1785268652298124270,1785268652300133076,2008
0x18ff9528,2,1785268652301789192,1785268652304133228,2344
0x18ffefa7,2,1785268652303253757,1785268652304133228,879
0x1f2,1,1785268652303818420,1785268652306172536,2354
0xc7ea8,2,1785268652304182529,1785268652306172536,1990
0x18ff28a7,2,1785268652304192881,1785268652306172536,1979
0x18ff2895,2,1785268652305357559,1785268652306172536,814
0x18fe2895,2,1785268652305721890,1785268652306172536,450
0x18fe50a7,2,1785268652308586373,1785268652310133577,1547
0x18ffefa7,2,1785268652313650935,1785268652314133803,482
0x30c,1,1785268652315315888,1785268652316141666,825
0x18ffa7ef,2,1785268652316180346,1785268652318258973,2078
0xc7f28,2,1785268652318844756,1785268652320258725,1413
0x18ff9528,2,1785268652322609011,1785268652324259488,1650
0x18ffefa7,2,1785268652324173427,1785268652326286740,2113
0x0,0,1785268652324337667,1785268652326286740,1949
0x18fd50a7,2,1785268652324601814,1785268652326286740,1684
0x18ff28a7,2,1785268652324965756,1785268652326286740,1320
0x18ff2895,2,1785268652326430895,1785268652328259659,1828
0x18fe2895,2,1785268652326440988,1785268652328259659,1818
0x18fe50a7,2,1785268652329305767,1785268652330259263,953
0x18ff28f4,2,1785268652332270749,1785268652334259137,1988
0x18ffefa7,2,1785268652334435847,1785268652336259019,1823
0x18ffa7ef,2,1785268652336899906,1785268652338384233,1484
0xc7f28,2,1785268652339564557,1785268652340384800,820
0x18ffeff4,2,1785268652342529224,1785268652344385341,1856
0x18ff9528,2,1785268652343293256,1785268652344385341,1092
0x18ffefa7,2,1785268652344757636,1785268652346414501,1656
0x1f2,1,1785268652345021376,1785268652346414501,1393
0xc7ea8,2,1785268652345485595,1785268652346414501,928
0x18ff28a7,2,1785268652345750093,1785268652346414501,664
0x18ff2895,2,1785268652346314590,1785268652348385123,2070
0x18fe2895,2,1785268652346678699,1785268652348385123,1706
0x18fe50a7,2,1785268652350143641,1785268652352384942,2241
0x18ffefa7,2,1785268652355208629,1785268652356385372,1176
0x18ffa7ef,2,1785268652357672707,1785268652358506679,833
0x18fe50a7,2,1785268652360337116,1785268652362507498,2170
0x18ff9528,2,1785268652364002020,1785268652364507324,505
0x10ffd438,2,1785268652364366388,1785268652366508928,2142
0x18ffefa7,2,1785268652365529993,1785268652366508928,978
0x1f2,1,1785268652366102082,1785268652366508928,406
0xc7ea8,2,1785268652366266710,1785268652368514846,2248
0x18ff28a7,2,1785268652366530968,1785268652368514846,1983
0xc7f94,2,1785268652367094983,1785268652368514846,1419
0xc7f14,2,1785268652367459129,1785268652368514846,1055
0x18fe50a7,2,1785268652370923645,1785268652372507702,1584
0x10ff38d4,2,1785268652375788245,1785268652376514706,726
0x18ffefa7,2,1785268652376052059,1785268652376514706,462
0x18fff5d4,2,1785268652377716752,1785268652378508643,791
0x18ffa7ef,2,1785268652378581155,1785268652380636673,2055
0x18fe50a7,2,1785268652381245620,1785268652382636869,1391
0x18ff9528,2,1785268652385010542,1785268652386637077,1626
0x18ffefa7,2,1785268652386575699,1785268652388652699,2077
0x0,0,1785268652386739716,1785268652388652699,1912
0x18fd50a7,2,1785268652387003826,1785268652388652699,1648
0x18ff28a7,2,1785268652387368157,1785268652388652699,1284
0x18ff2895,2,1785268652388832574,1785268652390637340,1804
0x18fe2895,2,1785268652388842537,1785268652390637340,1794
0x1801d08f,2,1785268652390907451,1785268652392637499,1730
0x18fe50a7,2,1785268652391771445,1785268652392637499,866
0x18ffefa7,2,1785268652396836433,1785268652398637644,1801
0x18ffa7ef,2,1785268652399300955,1785268652400639915,1338
0x1cffd4f5,2,1785268652399665064,1785268652400639915,974
0x18ffd0ef,2,1785268652400429893,1785268652402763500,2333
0x18ff95ef,2,1785268652401493942,1785268652402763500,1269
0x18fe50a7,2,1785268652402158531,1785268652402763500,604
0x10ff38ef,2,1785268652402622472,1785268652404763881,2141
0x18ff9528,2,1785268652405986730,1785268652406763022,776
0x18ffefa7,2,1785268652407550961,1785268652408779237,1228
0x1f2,1,1785268652407714016,1785268652408779237,1065
0x18fd50a7,2,1785268652407977829,1785268652408779237,801
0x18ff28a7,2,1785268652408341605,1785268652408779237,437
0x18ff2895,2,1785268652409505505,1785268652410763582,1258
0xc7f14,2,1785268652409968817,1785268652410763582,794
0x18fe50a7,2,1785268652412748245,1785268652414763530,2015
0x18ffefa7,2,1785268652417816659,1785268652418763738,947
0x18ff28d0,2,1785268652418882541,1785268652420889193,2006
0x30c,1,1785268652419746814,1785268652420889193,1142
0x18ffa7ef,2,1785268652420411347,1785268652420889193,477
0x18fe50a7,2,1785268652423075923,1785268652424889882,1813
0x18ff9528,2,1785268652426841049,1785268652428890016,2048
0x18ffefa7,2,1785268652428405298,1785268652428890016,484
0x1f2,1,1785268652428570020,1785268652430902675,2332
0x18fd50a7,2,1785268652428833833,1785268652430902675,2068
0x18ff28a7,2,1785268652429197868,1785268652430902675,1704
0x18ff2895,2,1785268652430362694,1785268652430902675,539
0x18fe2895,2,1785268652430727210,1785268652432890020,2162
0x18fe50a7,2,1785268652433591749,1785268652434889346,1297
0x18ffe5f4,2,1785268652436556805,1785268652436890505,333
0x18ff28f4,2,1785268652436920747,1785268652438889757,1969
0x18ffefa7,2,1785268652438785217,1785268652441014527,2229
0x18ffa7ef,2,1785268652441249406,1785268652443014594,1765
0x18fe50a7,2,1785268652443914279,1785268652445015939,1101
0x18ffeff4,2,1785268652446878409,1785268652449015961,2137
0x18ff9528,2,1785268652447742774,1785268652449015961,1273
0x18ffefa7,2,1785268652449307524,1785268652451141639,1834
0x1f2,1,1785268652449471079,1785268652451141639,1670
0x18fd50a7,2,1785268652449734892,1785268652451141639,1406
0x18ff28a7,2,1785268652450099853,1785268652451141639,1041
0xc7f94,2,1785268652451566270,1785268652453141594,1575
0xc7f14,2,1785268652451575510,1785268652453141594,1566
0x18fe50a7,2,1785268652454440271,1785268652455140495,700
0x18ffefa7,2,1785268652459504944,1785268652461142028,1637
0x18ffa7ef,2,1785268652461968929,1785268652463140910,1171
0x18fe50a7,2,1785268652464633469,1785268652465141995,508
0x18ff9528,2,1785268652468497594,1785268652469141777,644
0x18ffefa7,2,1785268652469961455,1785268652471171325,1209
0x0,0,1785268652470125861,1785268652471171325,1045
0x18fd50a7,2,1785268652470389990,1785268652471171325,781
0x18ff28a7,2,1785268652470753469,1785268652471171325,417
0x18ff2895,2,1785268652471317706,1785268652473150855,1833
0x18fe2895,2,1785268652471681389,1785268652473150855,1469
0x18fe50a7,2,1785268652475145646,1785268652477266266,2120
0x18ffefa7,2,1785268652480209856,1785268652481268363,1058
0x1cff50d4,2,1785268652480674002,1785268652481268363,594
0x18ffa7ef,2,1785268652482738878,1785268652483266967,528
0x18fff5d4,2,1785268652483002506,1785268652485267422,2264
0x18fe50a7,2,1785268652485466713,1785268652487266915,1800
0x18ff9528,2,1785268652489230950,1785268652491267938,2036
0x18ffefa7,2,1785268652490795663,1785268652491267938,472
0x0,0,1785268652490975439,1785268652493303226,2327
0x18fd50a7,2,1785268652491223993,1785268652493303226,2079
0x18ff28a7,2,1785268652491587565,1785268652493303226,1715
0x18ff2895,2,1785268652492851335,1785268652493303226,451
0x18fe2895,2,1785268652493115649,1785268652495392700,2277
0x1801d08f,2,1785268652495179988,1785268652497393341,2213
0x18fe50a7,2,1785268652496043557,1785268652497393341,1349
0x18ffefa7,2,1785268652501108304,1785268652503393319,2285
0x18ffa7ef,2,1785268652503572715,1785268652505395460,1822
0x1cffd4f5,2,1785268652504836134,1785268652505395460,559
0x18ff28ef,2,1785268652504846263,1785268652505395460,549
0xc7f8f,2,1785268652505710443,1785268652507393472,1683
0x18fe50a7,2,1785268652506374624,1785268652507393472,1018
0x18ff9528,2,1785268652510439137,1785268652511393346,954
0x18ffefa7,2,1785268652511703425,1785268652513436024,1732
0x1f2,1,1785268652511866776,1785268652513436024,1569
0x18fd50a7,2,1785268652512131127,1785268652513436024,1304
0x18ff28a7,2,1785268652512494606,1785268652513436024,941
0x18ff2895,2,1785268652513758802,1785268652515414776,1655
0x18fe2895,2,1785268652514022245,1785268652515414776,1392
0x18fe50a7,2,1785268652516886950,1785268652517516176,629
0x18ffefa7,2,1785268652521950938,1785268652523516024,1565
0x30c,1,1785268652523615798,1785268652525516258,1900
0x18ffa7ef,2,1785268652524479441,1785268652525516258,1036
0x18fe50a7,2,1785268652527144240,1785268652527516250,372
0x18ff9528,2,1785268652530908328,1785268652531516625,608
0xc7ff7,2,1785268652532472874,1785268652533537858,1064
0x1f2,1,1785268652532836372,1785268652533537858,701
0x18fd50a7,2,1785268652533200648,1785268652533537858,337
0x18ff28a7,2,1785268652533225555,1785268652535535758,2310
0x18ff2895,2,1785268652534375140,1785268652535535758,1160
0x18fe2895,2,1785268652534738972,1785268652535535758,796
0x18fe50a7,2,1785268652537603102,1785268652539651373,2048
0x18ff28f4,2,1785268652540566992,1785268652541646866,1079
0x10ffd4f4,2,1785268652540930823,1785268652541646866,716
0x18ffefa7,2,1785268652542794886,1785268652543645673,850
0x18ffa7ef,2,1785268652545258612,1785268652545645888,387
0x18fe50a7,2,1785268652547922522,1785268652549645818,1723
0x18ffeff4,2,1785268652550886300,1785268652551645792,759
0x18ff9528,2,1785268652552049867,1785268652553646507,1596
0xc7ff7,2,1785268652553313082,1785268652553646507,333
0x1f2,1,1785268652553677228,1785268652555695130,2017
0x18fd50a7,2,1785268652554041300,1785268652555695130,1653
0x18ff28a7,2,1785268652554051522,1785268652555695130,1643
0x18ff2895,2,1785268652555216367,1785268652555695130,478
0x18fe2895,2,1785268652555580383,1785268652557646437,2066
0xc7f28,2,1785268652558444143,1785268652559771559,1327
0x18ffefa7,2,1785268652563508280,1785268652565771778,2263
0x18ffa7ef,2,1785268652565972117,1785268652567771789,1799
0x18fe50a7,2,1785268652568635915,1785268652569771671,1135
0x18ff9528,2,1785268652572800835,1785268652573772693,971
0x10ffd438,2,1785268652573164499,1785268652573772693,608
0xc7ff7,2,1785268652574029105,1785268652575800094,1770
0x1f2,1,1785268652574393362,1785268652575800094,1406
0x18fd50a7,2,1785268652574757360,1785268652575800094,1042
0x18ff28a7,2,1785268652574767804,1785268652575800094,1032
0x18ff2895,2,1785268652575932427,1785268652577778938,1846
0xc7f14,2,1785268652576396146,1785268652577778938,1382
0xc7f28,2,1785268652579160648,1785268652579897282,736
0x10fff4d4,2,1785268652583724639,1785268652585898427,2173
0xc7ff7,2,1785268652584288376,1785268652585898427,1610
0x10ff38d4,2,1785268652585852719,1785268652587898587,2045
0x18ffa7ef,2,1785268652586817343,1785268652587898587,1081
0x18fff5d4,2,1785268652587981521,1785268652589897820,1916
0x18fe50a7,2,1785268652589558196,1785268652591897794,2339
0x18ff9528,2,1785268652593609191,1785268652595899706,2290
0x18ffefa7,2,1785268652594873831,1785268652595899706,1025
0x1f2,1,1785268652595237810,1785268652595899706,661
0x18fd50a7,2,1785268652595602234,1785268652597944754,2342
0x18ff28a7,2,1785268652595611827,1785268652597944754,2332
0x18ff2895,2,1785268652596775653,1785268652597944754,1169
0x18fe2895,2,1785268652597139540,1785268652597944754,805
0x1801d08f,2,1785268652599203768,1785268652599902469,698
0xc7f28,2,1785268652600067503,1785268652602023628,1956
0xc7ff7,2,1785268652605131565,1785268652606024095,892
0x18ffa7ef,2,1785268652607495977,1785268652608024051,528
0xe7fea,2,1785268652609160319,1785268652610024191,863
0x18fe50a7,2,1785268652610324756,1785268652612023943,1699
0x18ff9528,2,1785268652614288492,1785268652616025447,1736
0x18ffefa7,2,1785268652615652187,1785268652616025447,373
0x1f2,1,1785268652616016944,1785268652618050310,2033
0x18fd50a7,2,1785268652616380238,1785268652618050310,1670
0x18ff28a7,2,1785268652616390090,1785268652618050310,1660
0x18ff2895,2,1785268652617554176,1785268652618050310,496
0x18fe2895,2,1785268652617918285,1785268652620024229,2105
0xc7f28,2,1785268652620782378,1785268652622150018,1367
0xc7ff7,2,1785268652625846348,1785268652628151089,2304
0x18ff28d0,2,1785268652627310154,1785268652628151089,840
0x30c,1,1785268652627674022,1785268652628151089,477
0x18ffa7ef,2,1785268652628337907,1785268652630150081,1812
0x18fe50a7,2,1785268652631101816,1785268652632150204,1048
0x18ff9528,2,1785268652635065792,1785268652636150578,1084
0x18ffefa7,2,1785268652636430043,1785268652638176682,1746
0x1f2,1,1785268652636794319,1785268652638176682,1382
0x18fd50a7,2,1785268652637158354,1785268652638176682,1018
0x18ff28a7,2,1785268652637168576,1785268652638176682,1008
0x18ff2895,2,1785268652638333180,1785268652640155360,1822
0xc7f14,2,1785268652638796622,1785268652640155360,1358
0x18fe50a7,2,1785268652641560938,1785268652642275667,714
0x18ffe5f4,2,1785268652644825789,1785268652646276634,1450
0x18ff28f4,2,1785268652644835900,1785268652646276634,1440
0x18ffefa7,2,1785268652646700685,1785268652648276016,1575
0x18ffa7ef,2,1785268652649065560,1785268652650276323,1210
0x18fe50a7,2,1785268652651830561,1785268652652276260,445
0x18ffeff4,2,1785268652654835043,1785268652656277153,1442
0x18ff9528,2,1785268652655929444,1785268652656277153,347
0x18ffefa7,2,1785268652656983530,1785268652658281238,1297
0x1f2,1,1785268652657627064,1785268652658281238,654
0x18fd50a7,2,1785268652657984728,1785268652660403083,2418
0x18ff28a7,2,1785268652658055005,1785268652660403083,2348
0x18ff2895,2,1785268652659459460,1785268652660403083,943
0x18fe2895,2,1785268652659573589,1785268652660403083,829
0x18fe50a7,2,1785268652662388627,1785268652664402253,2013
0x18ffefa7,2,1785268652667432690,1785268652668402072,969
0x18ffa7ef,2,1785268652669876823,1785268652670402324,525
0x18fe50a7,2,1785268652672580918,1785268652674402587,1821
0x18ff9528,2,1785268652676615023,1785268652678403239,1788
0x18ffefa7,2,1785268652677978978,1785268652678403239,424
0x1f2,1,1785268652678333031,1785268652680525361,2192
0x18fd50a7,2,1785268652678676770,1785268652680525361,1848
0x18ff28a7,2,1785268652678760658,1785268652680525361,1764
0x18ff2895,2,1785268652679894800,1785268652680525361,630
0xc7f14,2,1785268652680350389,1785268652682524687,2174
0x18fe50a7,2,1785268652683094928,1785268652684524606,1429
0x18ffefa7,2,1785268652688139231,1785268652688525184,385
0x18fff5d4,2,1785268652688633451,1785268652690525436,1891
0xc7fd3,2,1785268652690728401,1785268652692525373,1796
0x18fe50a7,2,1785268652693352107,1785268652694524977,1172
0x18ff9528,2,1785268652697406324,1785268652698525611,1119
0x18ffefa7,2,1785268652698460484,1785268652700576529,2116
0x1f2,1,1785268652699104295,1785268652700576529,1472
0x18fd50a7,2,1785268652699448107,1785268652700576529,1128
0x18ff28a7,2,1785268652699531755,1785268652700576529,1044
0x18ff2895,2,1785268652700665767,1785268652702654485,1988
0xc7f14,2,1785268652701119838,1785268652702654485,1534
0x1801d08f,2,1785268652703134289,1785268652704654607,1520
0x18fe50a7,2,1785268652703927673,1785268652704654607,726
0x18ffefa7,2,1785268652708971939,1785268652710654622,1682
0x18ffa7ef,2,1785268652711515775,1785268652712654393,1138
0x18ff28ef,2,1785268652712479473,1785268652714676663,2197
0x18ff1eef,2,1785268652713833058,1785268652714676663,843
0x1cffd4f5,2,1785268652713916816,1785268652714676663,759
0x18fe50a7,2,1785268652714311610,1785268652714676663,365
0x18ffd0ef,2,1785268652714736034,1785268652716655045,1919
0x18ff95ef,2,1785268652715800361,1785268652716655045,854
0x87f9c,2,1785268652716944928,1785268652718655186,1710
0x18ff38ef,2,1785268652717928792,1785268652718655186,726
0x18ff9528,2,1785268652718683251,1785268652720793567,2110
0x18fe38ef,2,1785268652719056600,1785268652720793567,1736
0x18ffefa7,2,1785268652719760707,1785268652720793567,1032
0x1f2,1,1785268652720104927,1785268652720793567,688
0xc7ea8,2,1785268652720529462,1785268652722795356,2265
0x18ff28a7,2,1785268652721083903,1785268652722795356,1711
0x1cfe50ef,2,1785268652721167495,1785268652722795356,1627
0x18ff2895,2,1785268652722252507,1785268652722795356,542
0xc7f14,2,1785268652722399154,1785268652724782460,2383
0x18fff4ef,2,1785268652722691819,1785268652724782460,2090
0x18fe50a7,2,1785268652725276322,1785268652726780582,1504
0x18ffefa7,2,1785268652730320977,1785268652730781123,460
0x30c,1,1785268652732065059,1785268652732782968,717
0x18ffa7ef,2,1785268652732829443,1785268652734780850,1951
0x18fe50a7,2,1785268652735533260,1785268652736782472,1249
0x18ff9528,2,1785268652739598273,1785268652740787791,1189
0x18ffefa7,2,1785268652740670303,1785268652742921987,2251
0x1f2,1,1785268652741293707,1785268652742921987,1628
0x18fd50a7,2,1785268652741637686,1785268652742921987,1284
0xc7f94,2,1785268652741782056,1785268652742921987,1139
0x18ff2895,2,1785268652742878012,1785268652744907646,2029
0x18fe2895,2,1785268652743241399,1785268652744907646,1666
0x18fe50a7,2,1785268652746055289,1785268652746906287,850
0x18ff28f4,2,1785268652749068530,1785268652750907236,1838
0x18fe28f4,2,1785268652749420269,1785268652750907236,1486
0x18ffefa7,2,1785268652751230869,1785268652752907710,1676
0x18ffa7ef,2,1785268652753678540,1785268652754907147,1228
0x18fe50a7,2,1785268652756383005,1785268652756908325,525
0x1cff50f4,2,1785268652759391246,1785268652761032810,1641
0x18ffeff4,2,1785268652759742910,1785268652761032810,1289
0x18ff9528,2,1785268652760687034,1785268652763039766,2352
0x18ffefa7,2,1785268652761630529,1785268652763039766,1409
0x1f2,1,1785268652762254673,1785268652763039766,785
0x18fd50a7,2,1785268652762606393,1785268652763039766,433
0xc7f94,2,1785268652762750633,1785268652765038203,2287
0x18ff2895,2,1785268652763790442,1785268652765038203,1247
0x18fe2895,2,1785268652764142384,1785268652765038203,895
0x18fe50a7,2,1785268652767022811,1785268652769033096,2010
0x18ff38f4,2,1785268652770012737,1785268652771032977,1020
0x18ffefa7,2,1785268652772127354,1785268652773033563,906
0x18ffa7ef,2,1785268652774571506,1785268652775033204,461
0x18fe50a7,2,1785268652777275286,1785268652779033467,1758
0x18ff9528,2,1785268652781459890,1785268652783159100,1699
0x10ffd438,2,1785268652781804111,1785268652783159100,1354
0x18ffefa7,2,1785268652782468329,1785268652783159100,690
0x1f2,1,1785268652783092973,1785268652785164815,2071
0x18fd50a7,2,1785268652783436879,1785268652785164815,1727
0xc7f94,2,1785268652783580563,1785268652785164815,1584
0xc7f94,2,1785268652784734334,1785268652785164815,430
0x18fe2895,2,1785268652785038239,1785268652787158789,2120
0x18fe50a7,2,1785268652787852315,1785268652789160745,1308
0x10ff38d4,2,1785268652792286677,1785268652793159675,872
0x18ffefa7,2,1785268652792980951,1785268652795159797,2178
0x18fff5d4,2,1785268652794385461,1785268652795159797,774
0x18ffa7ef,2,1785268652795469417,1785268652797160568,1691
0xc7f28,2,1785268652798253863,1785268652799283986,1030
0x18ff9528,2,1785268652802287987,1785268652803284545,996
0x18ffefa7,2,1785268652803301888,1785268652805300112,1998
0x1f2,1,1785268652803926199,1785268652805300112,1373
0x18fd50a7,2,1785268652804270586,1785268652805300112,1029
0xc7f94,2,1785268652804414382,1785268652805300112,885
0x18ff2895,2,1785268652805488838,1785268652807285290,1796
0x18fe2895,2,1785268652805873021,1785268652807285290,1412
0x1801d08f,2,1785268652807957342,1785268652809285857,1328
0x18fe50a7,2,1785268652808751226,1785268652809285857,534
0x18ffefa7,2,1785268652813816399,1785268652815284965,1468
0x18ffa7ef,2,1785268652816240773,1785268652817287402,1046
0x18fe50a7,2,1785268652818945294,1785268652819285432,340
0x1cffd4f5,2,1785268652819299625,1785268652821410350,2110
0x18ff9528,2,1785268652823193990,1785268652825412410,2218
0x18ffefa7,2,1785268652824138059,1785268652825412410,1274
0x1f2,1,1785268652824762222,1785268652825412410,650
0xc7ea8,2,1785268652825106275,1785268652827422180,2315
0x18ff28a7,2,1785268652825189793,1785268652827422180,2232
0x18ff2895,2,1785268652826344620,1785268652827422180,1077
0x18fe2895,2,1785268652826708377,1785268652827422180,713
0x18fe50a7,2,1785268652829522545,1785268652831411091,1888
0x18ffefa7,2,1785268652834586737,1785268652835411355,824
0x30c,1,1785268652836520243,1785268652837412959,892
0x18ff28d0,2,1785268652836593928,1785268652837412959,819
0x18ffa7ef,2,1785268652837138480,1785268652839411285,2272
0xc7f28,2,1785268652839922908,1785268652841532999,1610
0x18ff9528,2,1785268652843987421,1785268652845534429,1547
0x18ffefa7,2,1785268652844971674,1785268652845534429,562
0x1f2,1,1785268652845596726,1785268652847534237,1937
0x18fd50a7,2,1785268652845940483,1785268652847534237,1593
0xc7f94,2,1785268652846088001,1785268652847534237,1446
0x18ff2895,2,1785268652847203142,1785268652849534655,2331
0x18fe2895,2,1785268652847557399,1785268652849534655,1977
0x18fe50a7,2,1785268652850371975,1785268652851533370,1161
0x18ffe5f4,2,1785268652853366734,1785268652855535430,2168
0x18ff28f4,2,1785268652853740528,1785268652855535430,1794
0x10ffd4f4,2,1785268652854105063,1785268652855535430,1430
0x18ffefa7,2,1785268652855629258,1785268652857535182,1905
0x18ffa7ef,2,1785268652858053669,1785268652859534026,1480
0x18fe50a7,2,1785268652860757893,1785268652861662167,904
0x18ffeff4,2,1785268652863841875,1785268652865663967,1822
0x18ff9528,2,1785268652864905535,1785268652865663967,758
0x18ffefa7,2,1785268652866269934,1785268652867663997,1394
0x1f2,1,1785268652866280064,1785268652867663997,1383
0x18fd50a7,2,1785268652866644284,1785268652867663997,1019
0x18ff28a7,2,1785268652866908393,1785268652867663997,755
0x18ff2895,2,1785268652868172552,1785268652869663601,1491
0x18fe2895,2,1785268652868436255,1785268652869663601,1227
0x18fe50a7,2,1785268652871300830,1785268652871663427,362
0x18ffefa7,2,1785268652876365392,1785268652877664183,1298
0x18ffa7ef,2,1785268652878729526,1785268652879663620,934
0x18fe50a7,2,1785268652881493324,1785268652883663809,2170
0x18ff9528,2,1785268652885757632,1785268652887794072,2036
0x18ffefa7,2,1785268652886621478,1785268652887794072,1172
0x1f2,1,1785268652886984995,1785268652887794072,809
0xc7ea8,2,1785268652887348603,1785268652887794072,445
0x18ff28a7,2,1785268652887612843,1785268652889792213,2179
0x18ff2895,2,1785268652888876372,1785268652889792213,915
0x18fe2895,2,1785268652889140574,1785268652889792213,651
0x18fe50a7,2,1785268652892005205,1785268652893789347,1784
0x18ffefa7,2,1785268652897369358,1785268652897789758,420
0x10fff4d4,2,1785268652897379284,1785268652897789758,410
0x18fff5d4,2,1785268652899643918,1785268652901790132,2146
0x18ffa7ef,2,1785268652899807602,1785268652901790132,1982
0x18fe50a7,2,1785268652902272236,1785268652903789773,1517
0x18ff9528,2,1785268652906536395,1785268652907915295,1378
0x18ffefa7,2,1785268652907400242,1785268652907915295,515
0x1f2,1,1785268652907964423,1785268652909936362,1971
0xc7ea8,2,1785268652908327866,1785268652909936362,1608
0x18ff28a7,2,1785268652908338366,1785268652909936362,1597
0x18ff2895,2,1785268652909503118,1785268652909936362,433
0x18fe2895,2,1785268652909867190,1785268652911914707,2047
0x1801d08f,2,1785268652911931603,1785268652913916422,1984
0x18fe50a7,2,1785268652912795950,1785268652913916422,1120
0x18ffefa7,2,1785268652917860716,1785268652919915585,2054
0x18ffa7ef,2,1785268652920325312,1785268652921916819,1591
0x18ff28ef,2,1785268652921289343,1785268652921916819,627
0xc7f8f,2,1785268652922459706,1785268652923917015,1457
0x18fe50a7,2,1785268652923123906,1785268652923917015,793
0x1cffd4f5,2,1785268652923788624,1785268652925915989,2127
0x18ff9528,2,1785268652927353473,1785268652928040963,687
0xc7ff7,2,1785268652928618021,1785268652930051715,1433
0x1f2,1,1785268652928981926,1785268652930051715,1069
0x18fd50a7,2,1785268652929246665,1785268652930051715,805
0x18ff28a7,2,1785268652929411072,1785268652930051715,640
0x18ff2895,2,1785268652930475973,1785268652932041560,1565
0x18fe2895,2,1785268652930839285,1785268652932041560,1202
0x18fe50a7,2,1785268652933703564,1785268652936041915,2338
0x18ffefa7,2,1785268652938768515,1785268652940042049,1273
0x30c,1,1785268652940432654,1785268652942042671,1610
0x18ffa7ef,2,1785268652941196779,1785268652942042671,845
0x18fe50a7,2,1785268652943961984,1785268652946042249,2080
0x18ff9528,2,1785268652948226958,1785268652950167957,1940
0x18ffefa7,2,1785268652949391136,1785268652950167957,776
0x1f2,1,1785268652949401655,1785268652950167957,766
0x18fd50a7,2,1785268652949773449,1785268652952176801,2403
0x18ff28a7,2,1785268652950029633,1785268652952176801,2147
0x18ff2895,2,1785268652951194422,1785268652952176801,982
0x18fe2895,2,1785268652951558846,1785268652952176801,617
0x18fe50a7,2,1785268652954423662,1785268652956169620,1745
0x18ffefa7,2,1785268652959488483,1785268652960168161,679
0x18ffa7ef,2,1785268652961852728,1785268652964168628,2315
0x18ff28f4,2,1785268652963517477,1785268652964168628,651
0x18fe50a7,2,1785268652964682192,1785268652966168417,1486
0x18ff9528,2,1785268652969046462,1785268652970168440,1121
0x18ffefa7,2,1785268652970111197,1785268652972295080,2183
0x0,0,1785268652970121623,1785268652972295080,2173
0x18fd50a7,2,1785268652970485917,1785268652972295080,1809
0x18ff28a7,2,1785268652970749897,1785268652972295080,1545
0x18ff2895,2,1785268652971914260,1785268652974294165,2379
0xc7f14,2,1785268652972378405,1785268652974294165,1915
0x18ffeff4,2,1785268652974143283,1785268652976294306,2151
0x18fe50a7,2,1785268652975207259,1785268652976294306,1087
0x18ffefa7,2,1785268652980272413,1785268652982294248,2021
0x18ffa7ef,2,1785268652982637158,1785268652984294185,1657
0x18fe50a7,2,1785268652985401271,1785268652986294381,893
0x18ff9528,2,1785268652989966577,1785268652990294589,328
0x10ffd438,2,1785268652989992262,1785268652992341341,2349
0x18ffefa7,2,1785268652990841201,1785268652992341341,1500
0x0,0,1785268652990851442,1785268652992341341,1489
0x18fd50a7,2,1785268652991216366,1785268652992341341,1124
0x18ff28a7,2,1785268652991480531,1785268652992341341,860
0x18ff2895,2,1785268652992645264,1785268652994420204,1774
0x18fe2895,2,1785268652993009207,1785268652994420204,1410
0x18fe50a7,2,1785268652995873541,1785268652996419715,546
0x1cff50d4,2,1785268653000237496,1785268653002420971,2183
0x18ffefa7,2,1785268653001001140,1785268653002420971,1419
0x10ff38d4,2,1785268653002265873,1785268653004420575,2154
0x18ffa7ef,2,1785268653003429088,1785268653004420575,991
0x18fff5d4,2,1785268653004393675,1785268653006420716,2027
0x18fe50a7,2,1785268653006258108,1785268653008420634,2162
0x18ff9528,2,1785268653010522842,1785268653012454897,1932
0x18ffefa7,2,1785268653011686761,1785268653012454897,768
0x0,0,1785268653011697242,1785268653012454897,757
0x18fd50a7,2,1785268653012061184,1785268653012454897,393
0x18ff28a7,2,1785268653012326349,1785268653014452723,2126
0x18ff2895,2,1785268653013490046,1785268653014452723,962
0xc7f14,2,1785268653013953840,1785268653014452723,498
0x1801d08f,2,1785268653015918217,1785268653016542271,624
0xc7f28,2,1785268653016882285,1785268653018542727,1660
0x18ffefa7,2,1785268653021846422,1785268653022542879,696
0x18ffa7ef,2,1785268653024310296,1785268653026543883,2233
0x18ffd0ef,2,1785268653025273919,1785268653026543883,1269
0x18ff95ef,2,1785268653026338357,1785268653028544098,2205
0xc7f28,2,1785268653027201797,1785268653028544098,1342
0x10ff38ef,2,1785268653027465499,1785268653028544098,1078
0x1cffd4f5,2,1785268653028429826,1785268653030543295,2113
0x18ff9528,2,1785268653031494141,1785268653032543510,1049
0x18ffefa7,2,1785268653032657949,1785268653034683668,2025
0x1f2,1,1785268653032667504,1785268653034683668,2016
0x18fd50a7,2,1785268653033031280,1785268653034683668,1652
0x18ff28a7,2,1785268653033295297,1785268653034683668,1388
0x18ff2895,2,1785268653034759992,1785268653036672624,1912
0xc7f14,2,1785268653034770066,1785268653036672624,1902
0xc7f28,2,1785268653037734066,1785268653038673913,939
0x18ffefa7,2,1785268653042698481,1785268653044673391,1974
0x30c,1,1785268653044362397,1785268653046673625,2311
0x18ff28d0,2,1785268653045026041,1785268653046673625,1647
0x18ffa7ef,2,1785268653045389742,1785268653046673625,1283
0x18fe50a7,2,1785268653047954023,1785268653048672673,718
0x18ff9528,2,1785268653052418404,1785268653054799577,2381
0x18ffefa7,2,1785268653053381861,1785268653054799577,1417
0x1f2,1,1785268653053745618,1785268653054799577,1053
0x18fd50a7,2,1785268653054109894,1785268653054799577,689
0x18ff28a7,2,1785268653054120097,1785268653054799577,679
0x18ff2895,2,1785268653055184406,1785268653056681940,1497
0x18fe2895,2,1785268653055547959,1785268653056681940,1133
0x18fe50a7,2,1785268653058412442,1785268653060673370,2260
0x18ffefa7,2,1785268653063476856,1785268653064799596,1322
0x18ffa7ef,2,1785268653065841026,1785268653066798645,957
0x18ffe5f4,2,1785268653067505387,1785268653068799397,1294
0x18ff28f4,2,1785268653067869533,1785268653068799397,929
0xc7f28,2,1785268653068833842,1785268653070799334,1965
0x18ffefa7,2,1785268653074098125,1785268653074799727,701
0x1f2,1,1785268653074108106,1785268653074799727,691
0x18fd50a7,2,1785268653074484326,1785268653076925830,2441
0x18ff28a7,2,1785268653074736362,1785268653076925830,2189
0x18ff9528,2,1785268653075100156,1785268653076925830,1825
0x18ff2895,2,1785268653075963854,1785268653076925830,961
0x18fe2895,2,1785268653076327815,1785268653076925830,598
0x18ffeff4,2,1785268653078192267,1785268653078799342,607
0x18fe50a7,2,1785268653079256483,1785268653080924445,1667
0x18ffefa7,2,1785268653084326952,1785268653084925468,598
0x18ffa7ef,2,1785268653086693123,1785268653088925472,2232
0x18fe50a7,2,1785268653089458162,1785268653090924538,1466
0x18ffefa7,2,1785268653094823629,1785268653096963683,2140
0x1f2,1,1785268653094833537,1785268653096963683,2130
0x18fd50a7,2,1785268653095197868,1785268653096963683,1765
0x18ff28a7,2,1785268653095461459,1785268653096963683,1502
0x18ff9528,2,1785268653095825253,1785268653096963683,1138
0x18ff2895,2,1785268653096789636,1785268653098925398,2135
0x18fe2895,2,1785268653097053005,1785268653098925398,1872
0x18fe50a7,2,1785268653099918673,1785268653100926687,1008
0x18ffefa7,2,1785268653105283103,1785268653107052369,1769
0x18fff5d4,2,1785268653105292881,1785268653107052369,1759
0xc7fd3,2,1785268653107458072,1785268653109052010,1593
0x18fe50a7,2,1785268653110122148,1785268653111050947,928
0x18ffefa7,2,1785268653115486449,1785268653117079036,1592
0x1f2,1,1785268653115496005,1785268653117079036,1583
0x18fd50a7,2,1785268653115859669,1785268653117079036,1219
0x18ff28a7,2,1785268653116123871,1785268653117079036,955
0x18ff9528,2,1785268653116488073,1785268653117079036,590
0x18ff2895,2,1785268653117652751,1785268653119051510,1398
0x18fe2895,2,1785268653117662640,1785268653119051510,1388
0x1801d08f,2,1785268653119728627,1785268653121052336,1323
0xc7f28,2,1785268653120691751,1785268653121052336,360
0xc7ff7,2,1785268653125656221,1785268653127176962,1520
0xc7fd3,2,1785268653128220798,1785268653129178048,957
0x18ff28ef,2,1785268653129085275,1785268653131177652,2092
0x18ff1eef,2,1785268653130150009,1785268653131177652,1027
0x18fe50a7,2,1785268653130914097,1785268653133178015,2263
0xe7fea,2,1785268653132778049,1785268653133178015,399
0x18ffefa7,2,1785268653136342175,1785268653137178408,836
0x1f2,1,1785268653136705673,1785268653137178408,472
0x18fd50a7,2,1785268653136969820,1785268653139214085,2244
0x18ff28a7,2,1785268653137133782,1785268653139214085,2080
0x18ff9528,2,1785268653137397724,1785268653139214085,1816
0x18ff2895,2,1785268653138262515,1785268653139214085,951
0x18fe2895,2,1785268653138626069,1785268653139214085,588
0x18fe50a7,2,1785268653141490440,1785268653143178201,1687
0x18ffefa7,2,1785268653146555206,1785268653147178131,622
0x30c,1,1785268653148219289,1785268653149303197,1083
0x18ffa7ef,2,1785268653148983654,1785268653151303060,2319
0x18fe50a7,2,1785268653151748027,1785268653153304164,1556
0x18ffefa7,2,1785268653157111939,1785268653159322161,2210
0x1f2,1,1785268653157475177,1785268653159322161,1846
0x18fd50a7,2,1785268653157738953,1785268653159322161,1583
0x18ff28a7,2,1785268653157903175,1785268653159322161,1418
0x18ff9528,2,1785268653158167969,1785268653159322161,1154
0x18ff2895,2,1785268653159132630,1785268653161304894,2172
0x18fe2895,2,1785268653159396221,1785268653161304894,1908
0x18fe50a7,2,1785268653162261537,1785268653163303831,1042
0xc7ff7,2,1785268653167325525,1785268653169305143,1979
0x18ffa7ef,2,1785268653169689937,1785268653171429228,1739
0x18ff28f4,2,1785268653171654166,1785268653173431091,1776
0x10ffd4f4,2,1785268653171663777,1785268653173431091,1767
0x18fe50a7,2,1785268653172527235,1785268653173431091,903
0xc7ff7,2,1785268653177891406,1785268653179434958,1543
0x1f2,1,1785268653178255274,1785268653179434958,1179
0x18fd50a7,2,1785268653178518791,1785268653179434958,916
0x18ff28a7,2,1785268653178682475,1785268653179434958,752
0x18ff2895,2,1785268653179246713,1785268653181431154,2184
0x18fe2895,2,1785268653179610285,1785268653181431154,1820
0x18ffeff4,2,1785268653181974659,1785268653183430129,1455
0x18fe50a7,2,1785268653183038227,1785268653183430129,391
0xc7ff7,2,1785268653188134622,1785268653189431533,1296
0x18ffa7ef,2,1785268653190506774,1785268653191430211,923
0x18fe50a7,2,1785268653193290072,1785268653195552177,2262
0x10ffd438,2,1785268653197862285,1785268653199553459,1691
0xc7ff7,2,1785268653198727947,1785268653199553459,825
0x1f2,1,1785268653199092741,1785268653199553459,460
0x18fd50a7,2,1785268653199357184,1785268653201573415,2216
0x18ff28a7,2,1785268653199520998,1785268653201573415,2052
0x18ff9528,2,1785268653199784737,1785268653201573415,1788
0xc7f94,2,1785268653200949563,1785268653201573415,623
0x18fe2895,2,1785268653201113896,1785268653201573415,459
0x18fe50a7,2,1785268653203878971,1785268653205553456,1674
0x18ffefa7,2,1785268653209255161,1785268653211553786,2298
0x10fff4d4,2,1785268653209268809,1785268653211553786,2284
0x10ff38d4,2,1785268653211537333,1785268653213554927,2017
0xc7fd3,2,1785268653211701665,1785268653213554927,1853
0x18fff5d4,2,1785268653213366433,1785268653215553530,2187
0x18fe50a7,2,1785268653214230779,1785268653215553530,1322
0xc7ff7,2,1785268653219595914,1785268653221731101,2135
0x1f2,1,1785268653219959745,1785268653221731101,1771
0x18fd50a7,2,1785268653220223725,1785268653221731101,1507
0x18ff28a7,2,1785268653220387946,1785268653221731101,1343
0x18ff9528,2,1785268653220952850,1785268653221731101,778
0x18ff2895,2,1785268653220963054,1785268653221731101,768
0x18fe2895,2,1785268653221327533,1785268653223681982,2354
0x1801d08f,2,1785268653223891721,1785268653225683346,1791
0xc7f28,2,1785268653224855289,1785268653225683346,828
0x18ffefa7,2,1785268653229820111,1785268653231682639,1862
0x18ffa7ef,2,1785268653232284448,1785268653233683131,1398
0x18ff38ef,2,1785268653233248035,1785268653233683131,435
0x18fe38ef,2,1785268653234313251,1785268653235683661,1370
0x18fe50a7,2,1785268653235076913,1785268653235683661,606
0x1cfe50ef,2,1785268653235441207,1785268653237684024,2242
0x18fff4ef,2,1785268653236505108,1785268653237684024,1178
0x1cffd4f5,2,1785268653237569676,1785268653239686924,2117
0x18ffefa7,2,1785268653240335307,1785268653241703510,1368
0x1f2,1,1785268653240999692,1785268653241703510,703
0x18fd50a7,2,1785268653241263505,1785268653241703510,440
0x18ff28a7,2,1785268653241427967,1785268653243809595,2381
0x18ff9528,2,1785268653241691447,1785268653243809595,2118
0x18ff2895,2,1785268653242656441,1785268653243809595,1153
0x18fe2895,2,1785268653243020680,1785268653243809595,788
0x18fe50a7,2,1785268653245785256,1785268653247808339,2023
0x18ffefa7,2,1785268653250851058,1785268653251809232,958
0x30c,1,1785268653252515493,1785268653253808744,1293
0x18ffa7ef,2,1785268653253580060,1785268653255808958,2228
0x18ff28d0,2,1785268653253590412,1785268653255808958,2218
0x18fe50a7,2,1785268653256055231,1785268653257809285,1754
0x18ffefa7,2,1785268653261119682,1785268653261808881,689
0x1f2,1,1785268653261784048,1785268653263959855,2175
0x18fd50a7,2,1785268653262047398,1785268653263959855,1912
0x18ff28a7,2,1785268653262411544,1785268653263959855,1548
0x18ff9528,2,1785268653262421803,1785268653263959855,1538
0x18ff2895,2,1785268653263386372,1785268653263959855,573
0x18fe2895,2,1785268653263751592,1785268653265934866,2183
0x18fe50a7,2,1785268653266516408,1785268653267934859,1418
0x18ffefa7,2,1785268653271581544,1785268653273934967,2353
0x18ffa7ef,2,1785268653273945215,1785268653275934830,1989
0x18ffe5f4,2,1785268653275610298,1785268653277983600,2373
0x18ff28f4,2,1785268653275973036,1785268653277983600,2010
0x18fe28f4,2,1785268653276337497,1785268653277983600,1646
0x10ffd4f4,2,1785268653276701365,1785268653277983600,1282
0x18fe50a7,2,1785268653276769809,1785268653277983600,1213
0x18ffd0f4,2,1785268653279739495,1785268653281961327,2221
0x1cff50f4,2,1785268653280104326,1785268653281961327,1857
0x18ffeff4,2,1785268653280468750,1785268653281961327,1492
0x18ff9528,2,1785268653281333152,1785268653281961327,628
0x18ffefa7,2,1785268653282398146,1785268653284063800,1665
0x1f2,1,1785268653282761718,1785268653284063800,1302
0x18fd50a7,2,1785268653283025642,1785268653284063800,1038
0x18ff28a7,2,1785268653283189845,1785268653284063800,873
0x18ff2895,2,1785268653283666675,1785268653286061293,2394
0x18fe2895,2,1785268653284018636,1785268653286061293,2042
0x18fe50a7,2,1785268653287483245,1785268653288060675,577
0x18ff38f4,2,1785268653290448208,1785268653292061179,1612
0x18ffefa7,2,1785268653292612343,1785268653294061171,1448
0xc7fd3,2,1785268653295078569,1785268653296060923,982
0x18fe50a7,2,1785268653297742961,1785268653298061435,318
0x18ff9528,2,1785268653301407550,1785268653302061550,654
0x18ffefa7,2,1785268653302873133,1785268653304186912,1313
0x1f2,1,1785268653303537148,1785268653304186912,649
0x18fd50a7,2,1785268653303801572,1785268653306210350,2408
0x18ff28a7,2,1785268653303965701,1785268653306210350,2244
0x18ff2895,2,1785268653304429754,1785268653306210350,1780
0x18fe2895,2,1785268653304794400,1785268653306210350,1415
0x18fe50a7,2,1785268653308259342,1785268653310187057,1927
0x18ffefa7,2,1785268653313323848,1785268653314187469,863
0x10fff4d4,2,1785268653313887622,1785268653316187184,2299
0xc7fd3,2,1785268653316052387,1785268653318187473,2135
0x18fff5d4,2,1785268653316216071,1785268653318187473,1971
0x18fe50a7,2,1785268653318581316,1785268653320187169,1605
0x18ff9528,2,1785268653322246276,1785268653324313154,2066
0x18ffefa7,2,1785268653323710230,1785268653324313154,602
0x1f2,1,1785268653324374633,1785268653326335869,1961
0x18fd50a7,2,1785268653324638595,1785268653326335869,1697
0x18ff28a7,2,1785268653324802334,1785268653326335869,1533
0x18ff2895,2,1785268653325866791,1785268653326335869,469
0xc7f14,2,1785268653326331251,1785268653328312973,1981
0xc00e8,2,1785268653328395572,1785268653330314207,1918
0x18fe50a7,2,1785268653329159271,1785268653330314207,1154
0x18ffefa7,2,1785268653334224444,1785268653336313740,2089
0x1cffd4f5,2,1785268653336690133,1785268653338343122,1652
0x18ffa7ef,2,1785268653337053223,1785268653338343122,1289
0x1cfed4f5,2,1785268653337063409,1785268653338343122,1279
0xc7f94,2,1785268653337828126,1785268653338343122,514
0x18ff1eef,2,1785268653338893120,1785268653340322281,1429
0xc7f28,2,1785268653339556764,1785268653340322281,765
0x18ff9528,2,1785268653343221686,1785268653344439859,1218
0x18ffefa7,2,1785268653344686214,1785268653346460500,1774
0x1f2,1,1785268653345249730,1785268653346460500,1210
0xc7ea8,2,1785268653345613579,1785268653346460500,846
0x18ff28a7,2,1785268653345623727,1785268653346460500,836
0x18ff2895,2,1785268653346788813,1785268653348439307,1650
0x18fe2895,2,1785268653347152255,1785268653348439307,1287
0x18fe50a7,2,1785268653350016719,1785268653350439078,422
0x18ffefa7,2,1785268653355082892,1785268653356439223,1356
0x30c,1,1785268653356747623,1785268653358440086,1692
0x18ffa7ef,2,1785268653357611396,1785268653358440086,828
0xc7f28,2,1785268653360276213,1785268653362439997,2163
0x18ff9528,2,1785268653364040801,1785268653364561193,520
0x18ffefa7,2,1785268653365605236,1785268653366562408,957
0x0,0,1785268653365769143,1785268653366562408,793
0x18fd50a7,2,1785268653366033197,1785268653366562408,529
0x18ff28a7,2,1785268653366397898,1785268653368562438,2164
0x18ff2895,2,1785268653367862038,1785268653368562438,700
0x18fe2895,2,1785268653367872519,1785268653368562438,689
0x18fe50a7,2,1785268653370737279,1785268653372561424,1824
0x18ff28f4,2,1785268653373701410,1785268653374562324,860
0x18ffefa7,2,1785268653375866415,1785268653376561965,695
0x18ffa7ef,2,1785268653378331086,1785268653380562246,2231
0xc7f28,2,1785268653380995588,1785268653382562628,1567
0x18ffeff4,2,1785268653383959885,1785268653384691046,731
0x18ff9528,2,1785268653384724232,1785268653386691354,1967
0x18ffefa7,2,1785268653386188408,1785268653386691354,502
0x1f2,1,1785268653386452037,1785268653388721402,2269
0xc7ea8,2,1785268653386915626,1785268653388721402,1805
0x18ff28a7,2,1785268653387179421,1785268653388721402,1541
0x18ff2895,2,1785268653387743529,1785268653388721402,977
0x18fe2895,2,1785268653388107212,1785268653388721402,614
0x18fe50a7,2,1785268653391571820,1785268653392691739,1119
0x18ffefa7,2,1785268653396635808,1785268653398691588,2055
0x18ffa7ef,2,1785268653399100349,1785268653400691896,1591
0x18fe50a7,2,1785268653401764555,1785268653402691999,927
0x18ff9528,2,1785268653405428922,1785268653406692596,1263
0x10ffd438,2,1785268653405792698,1785268653406692596,899
0x18ffefa7,2,1785268653406957561,1785268653408825551,1867
0x1f2,1,1785268653407521224,1785268653408825551,1304
0xc7ea8,2,1785268653407684853,1785268653408825551,1140
0x18ff28a7,2,1785268653407948833,1785268653408825551,876
0xc7f94,2,1785268653408513089,1785268653410817340,2304
0xc7f14,2,1785268653408877123,1785268653410817340,1940
0x18fe50a7,2,1785268653412352047,1785268653412817777,465
0x10ff38d4,2,1785268653417221221,1785268653418818108,1596
0x18ffefa7,2,1785268653417485960,1785268653418818108,1332
0x18fff5d4,2,1785268653419151747,1785268653420818915,1667
0x18ffa7ef,2,1785268653420015630,1785268653420818915,803
0x18fe50a7,2,1785268653422680503,1785268653424819715,2139
0x18ff9528,2,1785268653426445777,1785268653426818023,372
0x18ffefa7,2,1785268653428009656,1785268653428944515,934
0x0,0,1785268653428173840,1785268653428944515,770
0x18fd50a7,2,1785268653428438080,1785268653428944515,506
0x18ff28a7,2,1785268653428802540,1785268653430943934,2141
0x18ff2895,2,1785268653430267050,1785268653430943934,676
0x18fe2895,2,1785268653430277587,1785268653430943934,666
0x1801d08f,2,1785268653432341797,1785268653432943704,601
0x18fe50a7,2,1785268653433205514,1785268653434943493,1737
0x18ffefa7,2,1785268653438273687,1785268653438944516,670
0x18ffa7ef,2,1785268653440738894,1785268653442945038,2206
0x1cffd4f5,2,1785268653441103410,1785268653442945038,1841
0x18ffd0ef,2,1785268653441867480,1785268653442945038,1077
0x18ff95ef,2,1785268653442932677,1785268653444945716,2013
0x18fe50a7,2,1785268653443596395,1785268653444945716,1349
0x10ff38ef,2,1785268653444060226,1785268653444945716,885
0x18ff9528,2,1785268653447424595,1785268653448945128,1520
0x18ffefa7,2,1785268653448988881,1785268653451082731,2093
0x1f2,1,1785268653449152973,1785268653451082731,1929
0x18fd50a7,2,1785268653449417546,1785268653451082731,1665
0x18ff28a7,2,1785268653449781580,1785268653451082731,1301
0x18ff2895,2,1785268653450946573,1785268653453070298,2123
0xc7f14,2,1785268653451410404,1785268653453070298,1659
0x18fe50a7,2,1785268653454175424,1785268653455069254,893
0x18ffefa7,2,1785268653459239764,1785268653461071936,1832
0x18ff28d0,2,1785268653460303832,1785268653461071936,768
0x30c,1,1785268653461168567,1785268653463070484,1901
0x18ffa7ef,2,1785268653461832508,1785268653463070484,1237
0x18fe50a7,2,1785268653464497195,1785268653465070588,573
0x18ff9528,2,1785268653468262098,1785268653469071629,809
0x18ffefa7,2,1785268653469826256,1785268653471196825,1370
0x1f2,1,1785268653469990255,1785268653471196825,1206
0x18fd50a7,2,1785268653470254383,1785268653471196825,942
0x18ff28a7,2,1785268653470618510,1785268653471196825,578
0x18ff2895,2,1785268653471782874,1785268653473196243,1413
0x18fe2895,2,1785268653472146945,1785268653473196243,1049
0x18fe50a7,2,1785268653475011521,1785268653477195951,2184
0x18ffe5f4,2,1785268653477975595,1785268653479196537,1220
0x18ff28f4,2,1785268653478339593,1785268653479196537,856
0x18ffefa7,2,1785268653480204267,1785268653481196270,992
0x18ffa7ef,2,1785268653482668678,1785268653483196244,527
0x18fe50a7,2,1785268653485332718,1785268653487196545,1863
0x18ffeff4,2,1785268653488296848,1785268653489196759,899
0x18ff9528,2,1785268653489161343,1785268653491322270,2160
0x18ffefa7,2,1785268653490725574,1785268653491322270,596
0x1f2,1,1785268653490889425,1785268653491322270,432
0x18fd50a7,2,1785268653491153553,1785268653493322337,2168
0x18ff28a7,2,1785268653491517514,1785268653493322337,1804
0xc7f94,2,1785268653492981820,1785268653495322126,2340
0xc7f14,2,1785268653492992209,1785268653495322126,2329
0x18fe50a7,2,1785268653495856543,1785268653497321878,1465
0x18ffefa7,2,1785268653500921050,1785268653501322215,401
0x18ffa7ef,2,1785268653503385090,1785268653505322497,1937
0x18fe50a7,2,1785268653506049111,1785268653507322490,1273
0x18ff9528,2,1785268653509913162,1785268653511322901,1409
0x18ffefa7,2,1785268653511377283,1785268653513464486,2087
0x0,0,1785268653511541208,1785268653513464486,1923
0x18fd50a7,2,1785268653511805651,1785268653513464486,1658
0x18ff28a7,2,1785268653512169834,1785268653513464486,1294
0x18ff2895,2,1785268653512734589,1785268653513464486,729
0x18fe2895,2,1785268653513099328,1785268653515447961,2348
0x18fe50a7,2,1785268653516564196,1785268653517447898,883
0x18ffefa7,2,1785268653521630165,1785268653523449228,1819
0x1cff50d4,2,1785268653522100681,1785268653523449228,1348
0x18ffa7ef,2,1785268653524165335,1785268653525449276,1283
0x18fff5d4,2,1785268653524429186,1785268653525449276,1020
0x18fe50a7,2,1785268653526893597,1785268653527448769,555
0x18ff9528,2,1785268653530658407,1785268653531448662,790
0x18ffefa7,2,1785268653532222564,1785268653533572154,1349
0x0,0,1785268653532386675,1785268653533572154,1185
0x18fd50a7,2,1785268653532650525,1785268653533572154,921
0x18ff28a7,2,1785268653533014708,1785268653533572154,557
0x18ff2895,2,1785268653534279145,1785268653535571036,1291
0x18fe2895,2,1785268653534543365,1785268653535571036,1027
0x1801d08f,2,1785268653536607316,1785268653537571880,964
0x18fe50a7,2,1785268653537470959,1785268653539571466,2100
0x18ffefa7,2,1785268653542535039,1785268653543571303,1036
0x18ffa7ef,2,1785268653544998950,1785268653545571518,572
0x1cffd4f5,2,1785268653546263517,1785268653547572103,1308
0x18ff28ef,2,1785268653546273776,1785268653547572103,1298
0xc7f8f,2,1785268653547137771,1785268653547572103,434
0x18fe50a7,2,1785268653547802007,1785268653549571188,1769
0x18ff9528,2,1785268653551866187,1785268653553700822,1834
0x18ffefa7,2,1785268653553130142,1785268653553700822,570
0x1f2,1,1785268653553302048,1785268653555701648,2399
0x18fd50a7,2,1785268653553557751,1785268653555701648,2143
0x18ff28a7,2,1785268653553921193,1785268653555701648,1780
0x18ff2895,2,1785268653555185926,1785268653555701648,515
0x18fe2895,2,1785268653555450887,1785268653557700844,2249
0x18fe50a7,2,1785268653558315148,1785268653559700467,1385
0x18ffefa7,2,1785268653563379006,1785268653565701000,2321
0x30c,1,1785268653565042885,1785268653565701000,658
0x18ffa7ef,2,1785268653565907657,1785268653567700382,1792
0x18fe50a7,2,1785268653568571827,1785268653569701671,1129
0x18ff9528,2,1785268653572335693,1785268653573701694,1366
0xc7ff7,2,1785268653573900109,1785268653575848093,1947
0x1f2,1,1785268653574264089,1785268653575848093,1584
0x18fd50a7,2,1785268653574627623,1785268653575848093,1220
0x18ff28a7,2,1785268653574637475,1785268653575848093,1210
0x18ff2895,2,1785268653575801672,1785268653577827067,2025
0x18fe2895,2,1785268653576165225,1785268653577827067,1661
0x18fe50a7,2,1785268653579030208,1785268653579826431,796
0x18ff28f4,2,1785268653581994005,1785268653583826675,1832
0x10ffd4f4,2,1785268653582357892,1785268653583826675,1468
0x18ffefa7,2,1785268653584222047,1785268653585827668,1605
0x18ffa7ef,2,1785268653586686088,1785268653587827161,1141
0x18fe50a7,2,1785268653589350035,1785268653589827931,477
0x18ffeff4,2,1785268653592314480,1785268653593952731,1638
0x18ff9528,2,1785268653593478121,1785268653593952731,474
0xc7ff7,2,1785268653594742798,1785268653595959761,1216
0x1f2,1,1785268653595106148,1785268653595959761,853
0x18fd50a7,2,1785268653595469998,1785268653595959761,489
0x18ff28a7,2,1785268653595480109,1785268653595959761,479
0x18ff2895,2,1785268653596644231,1785268653597952605,1308
0x18fe2895,2,1785268653597007711,1785268653597952605,944
0xc7f28,2,1785268653599872119,1785268653601953498,2081
0x18ffefa7,2,1785268653604936237,1785268653605953113,1016
0x18ffa7ef,2,1785268653607400463,1785268653607953051,552
0x18fe50a7,2,1785268653610064354,1785268653611953388,1889
0x18ff9528,2,1785268653614229588,1785268653615987336,1757
0x10ffd438,2,1785268653614593012,1785268653615987336,1394
0xc7ff7,2,1785268653615456859,1785268653615987336,530
0x1f2,1,1785268653615820856,1785268653618092292,2271
0x18fd50a7,2,1785268653616184465,1785268653618092292,1907
0x18ff28a7,2,1785268653616194613,1785268653618092292,1897
0x18ff2895,2,1785268653617358884,1785268653618092292,733
0xc7f14,2,1785268653617823066,1785268653620078673,2255
0xc7f28,2,1785268653620587346,1785268653622079425,1492
0x10fff4d4,2,1785268653625151467,1785268653626079374,927
0xc7ff7,2,1785268653625715334,1785268653626079374,364
0x10ff38d4,2,1785268653627280083,1785268653628079367,799
0x18ffa7ef,2,1785268653628244578,1785268653630079785,1835
0x18fff5d4,2,1785268653629408441,1785268653630079785,671
0x18fe50a7,2,1785268653630973413,1785268653632079426,1106
0x18ff9528,2,1785268653635037907,1785268653636205263,1167
0x18ffefa7,2,1785268653636301899,1785268653638216348,1914
0x1f2,1,1785268653636665231,1785268653638216348,1551
0x18fd50a7,2,1785268653637028914,1785268653638216348,1187
0x18ff28a7,2,1785268653637038839,1785268653638216348,1177
0x18ff2895,2,1785268653638203240,1785268653640205248,2002
0x18fe2895,2,1785268653638567071,1785268653640205248,1638
0x1801d08f,2,1785268653640631244,1785268653642205778,1574
0xc7f28,2,1785268653641495072,1785268653642205778,710
0xc7ff7,2,1785268653646559726,1785268653648205201,1645
0x18ffa7ef,2,1785268653648923712,1785268653650205194,1281
0xe7fea,2,1785268653650588184,1785268653652205575,1617
0x18fe50a7,2,1785268653651751825,1785268653652205575,453
0x18ff9528,2,1785268653655717171,1785268653656206024,488
0x18ffefa7,2,1785268653657081107,1785268653658334479,1253
0x1f2,1,1785268653657444716,1785268653658334479,889
0x18fd50a7,2,1785268653657808770,1785268653658334479,525
0x18ff28a7,2,1785268653657819196,1785268653658334479,515
0x18ff2895,2,1785268653658984022,1785268653660331120,1347
0x18fe2895,2,1785268653659347779,1785268653660331120,983
0xc7f28,2,1785268653662211910,1785268653664331587,2119
0xc7ff7,2,1785268653667276120,1785268653668331202,1055
0x18ff28d0,2,1785268653668740259,1785268653670333028,1592
0x30c,1,1785268653669104239,1785268653670333028,1228
0x18ffa7ef,2,1785268653669768253,1785268653670333028,564
0x18fe50a7,2,1785268653672532607,1785268653674331495,1798
0x18ff9528,2,1785268653676497101,1785268653678332573,1835
0x18ffefa7,2,1785268653677860778,1785268653678332573,471
0x1f2,1,1785268653678225628,1785268653680458195,2232
0x18fd50a7,2,1785268653678589422,1785268653680458195,1868
0x18ff28a7,2,1785268653678599811,1785268653680458195,1858
0x18ff2895,2,1785268653679763878,1785268653680458195,694
0xc7f14,2,1785268653680229134,1785268653682456891,2227
0x18fe50a7,2,1785268653682993784,1785268653684456810,1463
0x18ffe5f4,2,1785268653686258024,1785268653688458147,2200
0x18ff28f4,2,1785268653686268061,1785268653688458147,2190
0x18ffefa7,2,1785268653688132179,1785268653690457714,2325
0x18ffa7ef,2,1785268653690496924,1785268653692457892,1960
0x18fe50a7,2,1785268653693260926,1785268653694457977,1197
0x18ffeff4,2,1785268653696265352,1785268653698457963,2192
0x18ff9528,2,1785268653697359420,1785268653698457963,1098
0x18ffefa7,2,1785268653698414339,1785268653700580585,2166
0x1f2,1,1785268653699058243,1785268653700580585,1522
0x18fd50a7,2,1785268653699402259,1785268653700580585,1178
0x18ff28a7,2,1785268653699485815,1785268653700580585,1094
0x18ff2895,2,1785268653700890658,1785268653702580355,1689
0x18fe2895,2,1785268653701004991,1785268653702580355,1575
0x18fe50a7,2,1785268653703819992,1785268653704579644,759
0x18ffefa7,2,1785268653708864313,1785268653710580419,1716
0x18ffa7ef,2,1785268653711308521,1785268653712580356,1271
0x18fe50a7,2,1785268653714012190,1785268653714580423,568
0x18ff9528,2,1785268653718046758,1785268653718580594,533
0x18ffefa7,2,1785268653719411176,1785268653720631531,1220
0x1f2,1,1785268653719764711,1785268653720631531,866
0x18fd50a7,2,1785268653720108857,1785268653720631531,522
0x18ff28a7,2,1785268653720193097,1785268653720631531,438
0x18ff2895,2,1785268653721327516,1785268653722718171,1390
0xc7f14,2,1785268653721783236,1785268653722718171,934
0x18fe50a7,2,1785268653724527775,1785268653726711620,2183
0x18ffefa7,2,1785268653729571707,1785268653730710179,1138
0x18fff5d4,2,1785268653730065167,1785268653730710179,645
0xc7fd3,2,1785268653732160691,1785268653732629191,468
0x18fe50a7,2,1785268653734786361,1785268653736711213,1924
0x18ff9528,2,1785268653738841096,1785268653740711365,1870
0x18ffefa7,2,1785268653739895163,1785268653740711365,816
0x1f2,1,1785268653740540382,1785268653742735987,2195
0x18fd50a7,2,1785268653740884231,1785268653742735987,1851
0x18ff28a7,2,1785268653740968786,1785268653742735987,1767
0x18ff2895,2,1785268653742103817,1785268653742735987,632
0xc7f14,2,1785268653742558295,1785268653744710610,2152
0x1801d08f,2,1785268653744572709,1785268653746836843,2264
0x18fe50a7,2,1785268653745367167,1785268653746836843,1469
0x18ffefa7,2,1785268653750413118,1785268653750836254,423
0x18ffa7ef,2,1785268653752957103,1785268653754836240,1879
0x18ff28ef,2,1785268653753921023,1785268653754836240,915
0x18ff1eef,2,1785268653755276311,1785268653756838103,1561
0x1cffd4f5,2,1785268653755359959,1785268653756838103,1478
0x18fe50a7,2,1785268653755753975,1785268653756838103,1084
0x18ffd0ef,2,1785268653756178195,1785268653756838103,659
0x18ff95ef,2,1785268653757242836,1785268653758837355,1594
0x87f9c,2,1785268653758387496,1785268653758837355,449
0x18ff38ef,2,1785268653759371953,1785268653760843681,1471
0x18ff9528,2,1785268653760125782,1785268653760843681,717
0x18fe38ef,2,1785268653760499817,1785268653760843681,343
0x18ffefa7,2,1785268653761204350,1785268653762841007,1636
0x1f2,1,1785268653761548125,1785268653762841007,1292
0xc7ea8,2,1785268653761972660,1785268653762841007,868
0x18ff28a7,2,1785268653762543397,1785268653764994684,2451
0x1cfe50ef,2,1785268653762611619,1785268653764994684,2383
0x18ff2895,2,1785268653763696112,1785268653764994684,1298
0xc7f14,2,1785268653763840130,1785268653764994684,1154
0x18fff4ef,2,1785268653764134239,1785268653764994684,860
0x18fe50a7,2,1785268653766718927,1785268653768962170,2243
0x18ffefa7,2,1785268653771763730,1785268653772962655,1198
0x30c,1,1785268653773508257,1785268653774961870,1453
0x18ffa7ef,2,1785268653774272567,1785268653774961870,689
0x18fe50a7,2,1785268653776977847,1785268653778962282,1984
0x18ff9528,2,1785268653781042674,1785268653782962786,1920
0x18ffefa7,2,1785268653782107075,1785268653782962786,855
0x1f2,1,1785268653782731590,1785268653785004538,2272
0x18fd50a7,2,1785268653783075755,1785268653785004538,1928
0xc7f94,2,1785268653783219643,1785268653785004538,1784
0x18ff2895,2,1785268653784313914,1785268653785004538,690
0x18fe2895,2,1785268653784678467,1785268653787087215,2408
0x18fe50a7,2,1785268653787493080,1785268653789088838,1595
0x18ff28f4,2,1785268653790505969,1785268653791088108,582
0x18fe28f4,2,1785268653790857671,1785268653793089286,2231
0x18ffefa7,2,1785268653792665826,1785268653793089286,423
0x18ffa7ef,2,1785268653795114886,1785268653797088642,1973
0x18fe50a7,2,1785268653797819295,1785268653799088376,1269
0x1cff50f4,2,1785268653800828240,1785268653803101750,2273
0x18ffeff4,2,1785268653801180164,1785268653803101750,1921
0x18ff9528,2,1785268653802125362,1785268653803101750,976
0x18ffefa7,2,1785268653803070060,1785268653805117317,2047
0x1f2,1,1785268653803693871,1785268653805117317,1423
0x18fd50a7,2,1785268653804046554,1785268653805117317,1070
0xc7f94,2,1785268653804190812,1785268653805117317,926
0x18ff2895,2,1785268653805231602,1785268653807213679,1982
0x18fe2895,2,1785268653805583008,1785268653807213679,1630
0x18fe50a7,2,1785268653808463750,1785268653809214561,750
0x18ff38f4,2,1785268653811453954,1785268653813214787,1760
0x18ffefa7,2,1785268653813568052,1785268653815136262,1568
0x18ffa7ef,2,1785268653816012371,1785268653817214273,1201
0x18fe50a7,2,1785268653818716780,1785268653819214062,497
0x18ff9528,2,1785268653822902570,1785268653825341373,2438
0x10ffd438,2,1785268653823245142,1785268653825341373,2096
0x18ffefa7,2,1785268653823910008,1785268653825341373,1431
0x1f2,1,1785268653824533023,1785268653825341373,808
0x18fd50a7,2,1785268653824877169,1785268653825341373,464
0xc7f94,2,1785268653825021224,1785268653827340495,2319
0xc7f94,2,1785268653826175532,1785268653827340495,1164
0x18fe2895,2,1785268653826479548,1785268653827340495,860
0x18fe50a7,2,1785268653829294124,1785268653831339907,2045
0x10ff38d4,2,1785268653833729116,1785268653835341096,1611
0x18ffefa7,2,1785268653834423593,1785268653835341096,917
0x18fff5d4,2,1785268653835827825,1785268653837341663,1513
0x18ffa7ef,2,1785268653836911911,1785268653837341663,429
0xc7f28,2,1785268653839696746,1785268653841342259,1645
0x18ff9528,2,1785268653843731444,1785268653845341911,1610
0x18ffefa7,2,1785268653844745494,1785268653845341911,596
0x1f2,1,1785268653845369990,1785268653847354737,1984
0x18fd50a7,2,1785268653845713969,1785268653847354737,1640
0xc7f94,2,1785268653845857857,1785268653847354737,1496
0x18ff2895,2,1785268653846932332,1785268653847354737,422
0x18fe2895,2,1785268653847316386,1785268653849341860,2025
0x1801d08f,2,1785268653849400725,1785268653851466704,2065
0x18fe50a7,2,1785268653850194794,1785268653851466704,1271
0x18ffefa7,2,1785268653855259115,1785268653857467404,2208
0x18ffa7ef,2,1785268653857683304,1785268653859466268,1782
0x18fe50a7,2,1785268653860388066,1785268653861467483,1079
0x1cffd4f5,2,1785268653860742138,1785268653861467483,725
0x18ff9528,2,1785268653864636874,1785268653865467449,830
0x18ffefa7,2,1785268653865580849,1785268653867481961,1901
0x1f2,1,1785268653866204864,1785268653867481961,1277
0xc7ea8,2,1785268653866548695,1785268653867481961,933
0x18ff28a7,2,1785268653866632676,1785268653867481961,849
0x18ff2895,2,1785268653867786855,1785268653869467842,1680
0x18fe2895,2,1785268653868150482,1785268653869467842,1317
0x18fe50a7,2,1785268653870964724,1785268653871588575,623
0x18ffefa7,2,1785268653876029675,1785268653877590146,1560
0x30c,1,1785268653877963608,1785268653879589602,1625
0x18ff28d0,2,1785268653878037293,1785268653879589602,1552
0x18ffa7ef,2,1785268653878581604,1785268653879589602,1007
0xc7f28,2,1785268653881365791,1785268653883589569,2223
0x18ff9528,2,1785268653885430396,1785268653887590703,2160
0x18ffefa7,2,1785268653886414946,1785268653887590703,1175
0x1f2,1,1785268653887039053,1785268653887590703,551
0x18fd50a7,2,1785268653887384014,1785268653889591788,2207
0xc7f94,2,1785268653887527736,1785268653889591788,2064
0x18ff2895,2,1785268653888632118,1785268653889591788,959
0x18fe2895,2,1785268653888986579,1785268653889591788,605
0x18fe50a7,2,1785268653891801876,1785268653893590366,1788
0x18ffe5f4,2,1785268653894796469,1785268653895718266,921
0x18ff28f4,2,1785268653895170319,1785268653895718266,547
0x10ffd4f4,2,1785268653895534669,1785268653897719258,2184
0x18ffefa7,2,1785268653897058419,1785268653897719258,660
0x18ffa7ef,2,1785268653899482941,1785268653901718892,2235
0x18fe50a7,2,1785268653902187536,1785268653903638311,1450
0x18ffeff4,2,1785268653905271480,1785268653905719007,447
0x18ff9528,2,1785268653906336104,1785268653907719000,1382
0x18ffefa7,2,1785268653907700003,1785268653909721419,2021
0x1f2,1,1785268653907710447,1785268653909721419,2010
0x18fd50a7,2,1785268653908074760,1785268653909721419,1646
0x18ff28a7,2,1785268653908339240,1785268653909721419,1382
0x18ff2895,2,1785268653909603584,1785268653911719374,2115
0x18fe2895,2,1785268653909867897,1785268653911719374,1851
0x18fe50a7,2,1785268653912732806,1785268653913720404,987
0x18ffefa7,2,1785268653917797645,1785268653919844808,2047
0x18ffa7ef,2,1785268653920162335,1785268653921847819,1685
0x18fe50a7,2,1785268653922926837,1785268653923844645,917
0x18ff9528,2,1785268653927191330,1785268653927845501,654
0x18ffefa7,2,1785268653928055898,1785268653929856845,1800
0x1f2,1,1785268653928419785,1785268653929856845,1437
0xc7ea8,2,1785268653928784264,1785268653929856845,1072
0x18ff28a7,2,1785268653929048448,1785268653929856845,808
0x18ff2895,2,1785268653930313403,1785268653931845486,1532
0x18fe2895,2,1785268653930577031,1785268653931845486,1268
0x18fe50a7,2,1785268653933441421,1785268653933845368,403
0x18ffefa7,2,1785268653938806482,1785268653939971531,1165
0x10fff4d4,2,1785268653938816408,1785268653939971531,1155
0x18fff5d4,2,1785268653941080153,1785268653941971857,891
0x18ffa7ef,2,1785268653941244504,1785268653941971857,727
0x18fe50a7,2,1785268653943709156,1785268653945971324,2262
0x18ff9528,2,1785268653947975815,1785268653949972791,1996
0x18ffefa7,2,1785268653948840477,1785268653949972791,1132
0x1f2,1,1785268653949404418,1785268653949972791,568
0xc7ea8,2,1785268653949768675,1785268653951973210,2204
0x18ff28a7,2,1785268653949778378,1785268653951973210,2194
0x18ff2895,2,1785268653950942890,1785268653951973210,1030
0x18fe2895,2,1785268653951306814,1785268653951973210,666
0x1801d08f,2,1785268653953371468,1785268653953971739,600
0x18fe50a7,2,1785268653954235944,1785268653955971862,1735
0x18ffefa7,2,1785268653959300340,1785268653959972162,671
0x18ffa7ef,2,1785268653961764751,1785268653964097814,2333
0x18ff28ef,2,1785268653962729652,1785268653964097814,1368
0xc7f8f,2,1785268653963894386,1785268653966098529,2204
0x18fe50a7,2,1785268653964558104,1785268653966098529,1540
0x1cffd4f5,2,1785268653965222656,1785268653966098529,875
0x18ff9528,2,1785268653968787134,1785268653970098051,1310
0xc7ff7,2,1785268653970051201,1785268653972099118,2047
0x1f2,1,1785268653970415365,1785268653972099118,1683
0x18fd50a7,2,1785268653970678919,1785268653972099118,1420
0x18ff28a7,2,1785268653970842974,1785268653972099118,1256
0x18ff2895,2,1785268653971907134,1785268653974098315,2191
0x18fe2895,2,1785268653972270595,1785268653974098315,1827
0x18fe50a7,2,1785268653975134874,1785268653976097826,962
0x18ffefa7,2,1785268653980198862,1785268653982098434,1899
0x30c,1,1785268653981863129,1785268653984223722,2360
0x18ffa7ef,2,1785268653982627384,1785268653984223722,1596
0x18fe50a7,2,1785268653985391552,1785268653986223752,832
0x18ff9528,2,1785268653989655582,1785268653990223738,568
0x18ffefa7,2,1785268653990819686,1785268653992225249,1405
0x1f2,1,1785268653990829427,1785268653992225249,1395
0x18fd50a7,2,1785268653991192851,1785268653992225249,1032
0x18ff28a7,2,1785268653991456349,1785268653992225249,768
0x18ff2895,2,1785268653992620601,1785268653994224464,1603
0x18fe2895,2,1785268653992983988,1785268653994224464,1240
0x18fe50a7,2,1785268653995848823,1785268653996223901,375
0x18ffefa7,2,1785268654000913903,1785268654002224620,1310
0x18ffa7ef,2,1785268654003278130,1785268654004349390,1071
0x18ff28f4,2,1785268654004942694,1785268654006350049,1407
0x18fe50a7,2,1785268654006106983,1785268654008349820,2242
0x18ff9528,2,1785268654010472105,1785268654012351713,1879
0x18ffefa7,2,1785268654011535987,1785268654012351713,815
0x0,0,1785268654011546635,1785268654012351713,805
0x18fd50a7,2,1785268654011910892,1785268654012351713,440
0x18ff28a7,2,1785268654012175335,1785268654014351243,2175
0x18ff2895,2,1785268654013339143,1785268654014351243,1012
0xc7f14,2,1785268654013803048,1785268654014351243,548
0x18ffeff4,2,1785268654015567481,1785268654016350402,782
0x18fe50a7,2,1785268654016631549,1785268654018350302,1718
0x18ffefa7,2,1785268654021695833,1785268654022350658,654
0x18ffa7ef,2,1785268654024061801,1785268654026475680,2413
0x18fe50a7,2,1785268654026824840,1785268654028475784,1650
0x18ff9528,2,1785268654031389127,1785268654032476566,1087
0x10ffd438,2,1785268654031399201,1785268654032476566,1077
0x18ffefa7,2,1785268654032263733,1785268654034496595,2232
0x0,0,1785268654032273751,1785268654034496595,2222
0x18fd50a7,2,1785268654032637841,1785268654034496595,1858
0x18ff28a7,2,1785268654032901970,1785268654034496595,1594
0x18ff2895,2,1785268654034066462,1785268654034496595,430
0x18fe2895,2,1785268654034430942,1785268654036398366,1967
0x18fe50a7,2,1785268654037294887,1785268654038478044,1183
0x1cff50d4,2,1785268654041658806,1785268654042477307,818
0x18ffefa7,2,1785268654042422986,1785268654044598503,2175
0x10ff38d4,2,1785268654043686886,1785268654044598503,911
0x18ffa7ef,2,1785268654044851397,1785268654046599144,1747
0x18fff5d4,2,1785268654045815151,1785268654046599144,783
0x18fe50a7,2,1785268654047679454,1785268654048598470,919
0x18ff9528,2,1785268654051944521,1785268654052599104,654
0x18ffefa7,2,1785268654053108922,1785268654054600319,1491
0x0,0,1785268654053118792,1785268654054600319,1481
0x18fd50a7,2,1785268654053482568,1785268654054600319,1117
0x18ff28a7,2,1785268654053746455,1785268654054600319,853
0x18ff2895,2,1785268654054910744,1785268654056599275,1688
0xc7f14,2,1785268654055374649,1785268654056599275,1224
0x1801d08f,2,1785268654057339248,1785268654058599564,1260
0xc7f28,2,1785268654058303964,1785268654060599816,2295
0x18ffefa7,2,1785268654063267879,1785268654064640708,1372
0x18ffa7ef,2,1785268654065732308,1785268654066728960,996
0x18ffd0ef,2,1785268654066696729,1785268654068728731,2032
0x18ff95ef,2,1785268654067760574,1785268654068728731,968
0xc7f28,2,1785268654068624958,1785268654070729168,2104
0x10ff38ef,2,1785268654068888252,1785268654070729168,1840
0x1cffd4f5,2,1785268654069852561,1785268654070729168,876
0x18ff9528,2,1785268654072917117,1785268654074729042,1811
0x18ffefa7,2,1785268654074081240,1785268654074729042,647
0x1f2,1,1785268654074097573,1785268654074729042,631
0x18fd50a7,2,1785268654074462071,1785268654076729535,2267
0x18ff28a7,2,1785268654074725643,1785268654076729535,2003
0x18ff2895,2,1785268654076189690,1785268654076729535,539
0xc7f14,2,1785268654076199893,1785268654076729535,529
0xc7f28,2,1785268654079164839,1785268654080728631,1563
0x18ffefa7,2,1785268654084136827,1785268654084729080,592
0x30c,1,1785268654085802761,1785268654086853998,1051
0x18ff28d0,2,1785268654086467165,1785268654088855195,2388
0x18ffa7ef,2,1785268654086830885,1785268654088855195,2024
0x18fe50a7,2,1785268654089395129,1785268654090854206,1459
0x18ff9528,2,1785268654093862361,1785268654094854191,991
0x18ffefa7,2,1785268654094826855,1785268654096864628,2037
0x1f2,1,1785268654095190668,1785268654096864628,1673
0x18fd50a7,2,1785268654095555351,1785268654096864628,1309
0x18ff28a7,2,1785268654095565628,1785268654096864628,1299
0x18ff2895,2,1785268654096630974,1785268654098855232,2224
0x18fe2895,2,1785268654096995101,1785268654098855232,1860
0x18fe50a7,2,1785268654099859621,1785268654100855299,995
0x18ffefa7,2,1785268654104923757,1785268654106980018,2056
0x18ffa7ef,2,1785268654107289058,1785268654108981066,1692
0x18ffe5f4,2,1785268654108953140,1785268654110980929,2027
0x18ff28f4,2,1785268654109317860,1785268654110980929,1663
0xc7f28,2,1785268654110282484,1785268654110980929,698
0x18ffefa7,2,1785268654115546786,1785268654116999704,1452
0x1f2,1,1785268654115556619,1785268654116999704,1443
0x18fd50a7,2,1785268654115920395,1785268654116999704,1079
0x18ff28a7,2,1785268654116184374,1785268654116999704,815
0x18ff9528,2,1785268654116548743,1785268654116999704,450
0x18ff2895,2,1785268654117413663,1785268654118980826,1567
0x18fe2895,2,1785268654117777587,1785268654118980826,1203
0x18ffeff4,2,1785268654119643168,1785268654120981856,1338
0x18fe50a7,2,1785268654120706514,1785268654122980848,2274
0x18ffefa7,2,1785268654125771168,1785268654126981075,1209
0x18ffa7ef,2,1785268654128135617,1785268654129106289,970
0x18fe50a7,2,1785268654130900563,1785268654133107590,2207
0x18ffefa7,2,1785268654136265142,1785268654137108075,842
0x1f2,1,1785268654136275512,1785268654137108075,832
0x18fd50a7,2,1785268654136639862,1785268654137108075,468
0x18ff28a7,2,1785268654136904342,1785268654139107808,2203
0x18ff9528,2,1785268654137267932,1785268654139107808,1839
0x18ff2895,2,1785268654138232427,1785268654139107808,875
0x18fe2895,2,1785268654138496314,1785268654139107808,611
0x18fe50a7,2,1785268654141361000,1785268654143107090,1746
0x18ffefa7,2,1785268654146726172,1785268654147107668,381
0x18fff5d4,2,1785268654146736338,1785268654147107668,371
0xc7fd3,2,1785268654148900862,1785268654151107561,2206
0x18fe50a7,2,1785268654151565291,1785268654153232442,1667
0x18ffefa7,2,1785268654156930517,1785268654159253328,2322
0x1f2,1,1785268654156940647,1785268654159253328,2312
0x18fd50a7,2,1785268654157304812,1785268654159253328,1948
0x18ff28a7,2,1785268654157569143,1785268654159253328,1684
0x18ff9528,2,1785268654157933400,1785268654159253328,1319
0x18ff2895,2,1785268654159098393,1785268654161234191,2135
0x18fe2895,2,1785268654159108634,1785268654161234191,2125
0x1801d08f,2,1785268654161172918,1785268654163233702,2060
0xc7f28,2,1785268654162138116,1785268654163233702,1095
0xc7ff7,2,1785268654167102493,1785268654169234384,2131
0xc7fd3,2,1785268654169666663,1785268654171234544,1567
0x18ff28ef,2,1785268654170531584,1785268654171234544,702
0x18ff1eef,2,1785268654171595929,1785268654173234999,1639
0x18fe50a7,2,1785268654172360443,1785268654173234999,874
0xe7fea,2,1785268654174225302,1785268654175358603,1133
0x18ffefa7,2,1785268654177789410,1785268654179375903,1586
0x1f2,1,1785268654178154019,1785268654179375903,1221
0x18fd50a7,2,1785268654178418110,1785268654179375903,957
0x18ff28a7,2,1785268654178581979,1785268654179375903,793
0x18ff9528,2,1785268654178845663,1785268654179375903,530
0x18ff2895,2,1785268654179709843,1785268654181360285,1650
0x18fe2895,2,1785268654180073082,1785268654181360285,1287
0x18fe50a7,2,1785268654182937564,1785268654183358981,421
0x18ffefa7,2,1785268654188032404,1785268654189280330,1247
0x30c,1,1785268654189704746,1785268654191359989,1655
0x18ffa7ef,2,1785268654190474593,1785268654191359989,885
0x18fe50a7,2,1785268654193258928,1785268654195359641,2100
0x18ffefa7,2,1785268654198631081,1785268654199485349,854
0x1f2,1,1785268654198995986,1785268654199485349,489
0x18fd50a7,2,1785268654199260929,1785268654201499008,2238
0x18ff28a7,2,1785268654199424817,1785268654201499008,2074
0x18ff9528,2,1785268654199689352,1785268654201499008,1809
0x18ff2895,2,1785268654200653754,1785268654201499008,845
0x18fe2895,2,1785268654200918345,1785268654201499008,580
0x18fe50a7,2,1785268654203783198,1785268654205486382,1703
0xc7ff7,2,1785268654208859556,1785268654209485831,626
0x18ffa7ef,2,1785268654211229264,1785268654213486520,2257
0x18ff28f4,2,1785268654213195067,1785268654215486624,2291
0x10ffd4f4,2,1785268654213205567,1785268654215486624,2281
0x18fe50a7,2,1785268654214069932,1785268654215486624,1416
0xc7ff7,2,1785268654219435751,1785268654221631194,2195
0x1f2,1,1785268654219800583,1785268654221631194,1830
0x18fd50a7,2,1785268654220065229,1785268654221631194,1565
0x18ff28a7,2,1785268654220229191,1785268654221631194,1402
0x18ff2895,2,1785268654220793503,1785268654221631194,837
0x18fe2895,2,1785268654221158000,1785268654221631194,473
0x18ffeff4,2,1785268654223524893,1785268654225609050,2084
0x18fe50a7,2,1785268654224588794,1785268654225609050,1020
0xc7ff7,2,1785268654229653912,1785268654231609528,1955
0x18ffa7ef,2,1785268654232018324,1785268654233609429,1591
0x18fe50a7,2,1785268654234783251,1785268654235608606,825
0x10ffd438,2,1785268654239350113,1785268654241747436,2397
0xc7ff7,2,1785268654240214552,1785268654241747436,1532
0x1f2,1,1785268654240578624,1785268654241747436,1168
0x18fd50a7,2,1785268654240842585,1785268654241747436,904
0x18ff28a7,2,1785268654241007084,1785268654241747436,740
0x18ff9528,2,1785268654241271212,1785268654241747436,476
0xc7f94,2,1785268654242436409,1785268654243610096,1173
0x18fe2895,2,1785268654242600075,1785268654243610096,1010
0x18fe50a7,2,1785268654245364206,1785268654247649563,2285
0x18ffefa7,2,1785268654250749600,1785268654251739770,990
0x10fff4d4,2,1785268654250764377,1785268654251739770,975
0x10ff38d4,2,1785268654253032845,1785268654253738818,705
0xc7fd3,2,1785268654253197214,1785268654253738818,541
0x18fff5d4,2,1785268654254862186,1785268654255738274,876
0x18fe50a7,2,1785268654255726273,1785268654257660564,1934
0xc7ff7,2,1785268654261090630,1785268654261738401,647
0x1f2,1,1785268654261454739,1785268654263865282,2410
0x18fd50a7,2,1785268654261718700,1785268654263865282,2146
0x18ff28a7,2,1785268654261882514,1785268654263865282,1982
0x18ff9528,2,1785268654262447344,1785268654263865282,1417
0x18ff2895,2,1785268654262457473,1785268654263865282,1407
0x18fe2895,2,1785268654262821193,1785268654263865282,1044
0x1801d08f,2,1785268654265385585,1785268654265738923,353
0xc7f28,2,1785268654266350654,1785268654267863415,1512
0x18ffefa7,2,1785268654271314679,1785268654271864475,549
0x18ffa7ef,2,1785268654273778942,1785268654275864627,2085
0x18ff38ef,2,1785268654274743862,1785268654275864627,1120
0x18fe38ef,2,1785268654275808263,1785268654277865435,2057
0x18fe50a7,2,1785268654276571944,1785268654277865435,1293
0x1cfe50ef,2,1785268654276936719,1785268654277865435,928
0x18fff4ef,2,1785268654278001454,1785268654279864816,1863
0x1cffd4f5,2,1785268654279065892,1785268654279864816,798
0x18ffefa7,2,1785268654281829949,1785268654283903283,2073
0x1f2,1,1785268654282495371,1785268654283903283,1407
0x18fd50a7,2,1785268654282758999,1785268654283903283,1144
0x18ff28a7,2,1785268654282922961,1785268654283903283,980
0x18ff9528,2,1785268654283186904,1785268654283903283,716
0x18ff2895,2,1785268654284151305,1785268654285865276,1713
0x18fe2895,2,1785268654284514896,1785268654285865276,1350
0x18fe50a7,2,1785268654287279546,1785268654287989472,709
0x18ffefa7,2,1785268654292343793,1785268654293990376,1646
0x30c,1,1785268654294007764,1785268654295990776,1983
0x18ffa7ef,2,1785268654295072554,1785268654295990776,918
0x18ff28d0,2,1785268654295082684,1785268654295990776,908
0x18fe50a7,2,1785268654297547169,1785268654297908455,361
0x18ffefa7,2,1785268654302611453,1785268654303991488,1380
0x1f2,1,1785268654303275060,1785268654303991488,716
0x18fd50a7,2,1785268654303538874,1785268654303991488,452
0x18ff28a7,2,1785268654303903094,1785268654305992296,2089
0x18ff9528,2,1785268654303912742,1785268654305992296,2079
0x18ff2895,2,1785268654304877051,1785268654305992296,1115
0x18fe2895,2,1785268654305241160,1785268654305992296,751
0x18fe50a7,2,1785268654308005532,1785268654309991022,1985
0x18ffefa7,2,1785268654313069575,1785268654314028266,958
0x18ffa7ef,2,1785268654315434043,1785268654316116166,682
0x18ffe5f4,2,1785268654317097977,1785268654318116863,1018
0x18ff28f4,2,1785268654317461475,1785268654318116863,655
0x18fe28f4,2,1785268654317826399,1785268654320117355,2290
0x10ffd4f4,2,1785268654318190230,1785268654320117355,1927
0x18fe50a7,2,1785268654318253729,1785268654320117355,1863
0x18ffd0f4,2,1785268654321222026,1785268654322117274,895
0x1cff50f4,2,1785268654321586635,1785268654322117274,530
0x18ffeff4,2,1785268654321951781,1785268654324117119,2165
0x18ff9528,2,1785268654322815905,1785268654324117119,1301
0x18ffefa7,2,1785268654323880418,1785268654326153500,2273
0x1f2,1,1785268654324244267,1785268654326153500,1909
0x18fd50a7,2,1785268654324508395,1785268654326153500,1645
0x18ff28a7,2,1785268654324672635,1785268654326153500,1480
0x18ff2895,2,1785268654325136947,1785268654326153500,1016
0x18fe2895,2,1785268654325501260,1785268654326153500,652
0x18fe50a7,2,1785268654328965831,1785268654330117245,1151
0x18ff38f4,2,1785268654331930388,1785268654334162397,2232
0x18ffefa7,2,1785268654334103726,1785268654336243093,2139
0xc7fd3,2,1785268654336568600,1785268654338242401,1673
0x18fe50a7,2,1785268654339232955,1785268654340242597,1009
0x18ff9528,2,1785268654342897081,1785268654344163102,1266
0x18ffefa7,2,1785268654344361664,1785268654346243946,1882
0x1f2,1,1785268654345026197,1785268654346243946,1217
0x18fd50a7,2,1785268654345289900,1785268654346243946,954
0x18ff28a7,2,1785268654345454306,1785268654346243946,789
0x18ff2895,2,1785268654345920525,1785268654348243346,2322
0x18fe2895,2,1785268654346283412,1785268654348243346,1959
0x18fe50a7,2,1785268654349747650,1785268654350243005,495
0x18ffefa7,2,1785268654354812972,1785268654356369798,1556
0x10fff4d4,2,1785268654355376561,1785268654356369798,993
0xc7fd3,2,1785268654357541400,1785268654358369661,828
0x18fff5d4,2,1785268654357705158,1785268654358369661,664
0x18fe50a7,2,1785268654360070051,1785268654362369165,2299
0x18ff9528,2,1785268654363734696,1785268654364368973,634
0x18ffefa7,2,1785268654365199076,1785268654366369910,1170
0x1f2,1,1785268654365862701,1785268654366369910,507
0x18fd50a7,2,1785268654366127459,1785268654368388736,2261
0x18ff28a7,2,1785268654366291106,1785268654368388736,2097
0x18ff2895,2,1785268654367355285,1785268654368388736,1033
0xc7f14,2,1785268654367819152,1785268654368388736,569
0xc00e8,2,1785268654369883584,1785268654370369414,485
0x18fe50a7,2,1785268654370648450,1785268654372494221,1845
0x18ffefa7,2,1785268654375712975,1785268654376494780,781
0x1cffd4f5,2,1785268654378177368,1785268654380496340,2318
0x18ffa7ef,2,1785268654378541588,1785268654380496340,1954
0x1cfed4f5,2,1785268654378551866,1785268654380496340,1944
0xc7f94,2,1785268654379316250,1785268654380496340,1180
0x18ff1eef,2,1785268654380380984,1785268654382495222,2114
0xc7f28,2,1785268654381044850,1785268654382495222,1450
0x18ff9528,2,1785268654384709273,1785268654386495189,1785
0x18ffefa7,2,1785268654386174134,1785268654388496478,2322
0x1f2,1,1785268654386737724,1785268654388496478,1758
0xc7ea8,2,1785268654387102092,1785268654388496478,1394
0x18ff28a7,2,1785268654387112481,1785268654388496478,1383
0x18ff2895,2,1785268654388276844,1785268654390495711,2218
0x18fe2895,2,1785268654388640582,1785268654390495711,1855
0x18fe50a7,2,1785268654391505250,1785268654392616648,1111
0x18ffefa7,2,1785268654396569794,1785268654398541219,1971
0x30c,1,1785268654398234617,1785268654400617674,2383
0x18ffa7ef,2,1785268654399098908,1785268654400617674,1518
0xc7f28,2,1785268654401763133,1785268654402537167,774
0x18ff9528,2,1785268654405527758,1785268654406543783,1016
0x18ffefa7,2,1785268654407092378,1785268654408618757,1526
0x0,0,1785268654407256100,1785268654408618757,1362
0x18fd50a7,2,1785268654407520265,1785268654408618757,1098
0x18ff28a7,2,1785268654407884540,1785268654408618757,734
0x18ff2895,2,1785268654409349180,1785268654410618990,1269
0x18fe2895,2,1785268654409359365,1785268654410618990,1259
0x18fe50a7,2,1785268654412234829,1785268654412618168,383
0x18ff28f4,2,1785268654415204107,1785268654416747320,1543
0x18ffefa7,2,1785268654417369594,1785268654418666313,1296
0x18ffa7ef,2,1785268654419834616,1785268654420656120,821
0xc7f28,2,1785268654422499378,1785268654424662458,2163
0x18ffeff4,2,1785268654425464101,1785268654426748080,1283
0x18ff9528,2,1785268654426228800,1785268654426748080,519
0x18ffefa7,2,1785268654427692902,1785268654428748443,1055
0x1f2,1,1785268654427957141,1785268654428748443,791
0xc7ea8,2,1785268654428421602,1785268654430755010,2333
0x18ff28a7,2,1785268654428685156,1785268654430755010,2069
0x18ff2895,2,1785268654429249726,1785268654430755010,1505
0x18fe2895,2,1785268654429613557,1785268654430755010,1141
0x18fe50a7,2,1785268654433078203,1785268654434872828,1794
0x18ffefa7,2,1785268654438144802,1785268654438795147,650
0x18ffa7ef,2,1785268654440608454,1785268654442873317,2264
0x18fe50a7,2,1785268654443273623,1785268654444789607,1515
0x18ff9528,2,1785268654446937712,1785268654448874499,1936
0x10ffd438,2,1785268654447301691,1785268654448874499,1572
0x18ffefa7,2,1785268654448465981,1785268654448874499,408
0x1f2,1,1785268654449030403,1785268654450900066,1869
0xc7ea8,2,1785268654449194069,1785268654450900066,1705
0x18ff28a7,2,1785268654449458382,1785268654450900066,1441
0xc7f94,2,1785268654450022842,1785268654450900066,877
0xc7f14,2,1785268654450387784,1785268654450900066,512
0x18fe50a7,2,1785268654453851633,1785268654454873774,1022
0x10ff38d4,2,1785268654458718234,1785268654460999400,2281
0x18ffefa7,2,1785268654458982362,1785268654460999400,2017
0x18fff5d4,2,1785268654460646815,1785268654463000337,2353
0x18ffa7ef,2,1785268654461510587,1785268654463000337,1489
0x18fe50a7,2,1785268654464175090,1785268654464999533,824
0x18ff9528,2,1785268654467939678,1785268654468920334,980
0x18ffefa7,2,1785268654469504224,1785268654471001067,1496
0x0,0,1785268654469667890,1785268654471001067,1333
0x18fd50a7,2,1785268654469932055,1785268654471001067,1069
0x18ff28a7,2,1785268654470296275,1785268654471001067,704
0x18ff2895,2,1785268654471760303,1785268654473000301,1239
0x18fe2895,2,1785268654471770340,1785268654473000301,1229
0x1801d08f,2,1785268654473834865,1785268654474999849,1164
0x18fe50a7,2,1785268654474699730,1785268654477000194,2300
0x18ffefa7,2,1785268654479763773,1785268654481043623,1279
0x18ffa7ef,2,1785268654482228203,1785268654483125820,897
0x1cffd4f5,2,1785268654482592608,1785268654483125820,533
0x18ffd0ef,2,1785268654483356974,1785268654485126034,1769
0x18ff95ef,2,1785268654484420875,1785268654485126034,705
0x18fe50a7,2,1785268654485084852,1785268654487126101,2041
0x10ff38ef,2,1785268654485548590,1785268654487126101,1577
0x18ff9528,2,1785268654488912959,1785268654491126939,2213
0x18ffefa7,2,1785268654490477949,1785268654491126939,648
0x1f2,1,1785268654490641152,1785268654491126939,485
0x18fd50a7,2,1785268654490905577,1785268654493126839,2221
0x18ff28a7,2,1785268654491268871,1785268654493126839,1857
0x18ff2895,2,1785268654492432475,1785268654493126839,694
0xc7f14,2,1785268654492896527,1785268654495125757,2229
0x18fe50a7,2,1785268654495660437,1785268654497171417,1510
0x18ffefa7,2,1785268654500724499,1785268654501251457,526
0x18ff28d0,2,1785268654501788344,1785268654503251858,1463
0x30c,1,1785268654502652635,1785268654503251858,599
0x18ffa7ef,2,1785268654503317150,1785268654505173684,1856
0x18fe50a7,2,1785268654505981393,1785268654507251750,1270
0x18ff9528,2,1785268654509746463,1785268654511252014,1505
0x18ffefa7,2,1785268654511310342,1785268654513273858,1963
0x1f2,1,1785268654511473749,1785268654513273858,1800
0x18fd50a7,2,1785268654511737617,1785268654513273858,1536
0x18ff28a7,2,1785268654512101356,1785268654513273858,1172
0x18ff2895,2,1785268654513266034,1785268654515252592,1986
0x18fe2895,2,1785268654513629995,1785268654515252592,1622
0x18fe50a7,2,1785268654516494904,1785268654517297492,802
0x18ffe5f4,2,1785268654519459478,1785268654521377847,1918
0x18ff28f4,2,1785268654519823309,1785268654521377847,1554
0x18ffefa7,2,1785268654521687761,1785268654523377396,1689
0x18ffa7ef,2,1785268654524152617,1785268654525299759,1147
0x18fe50a7,2,1785268654526817138,1785268654527377789,560
0x18ffeff4,2,1785268654529781231,1785268654531378848,1597
0x18ff9528,2,1785268654530645781,1785268654531378848,733
0x18ffefa7,2,1785268654532209642,1785268654533390989,1181
0x1f2,1,1785268654532373493,1785268654533390989,1017
0x18fd50a7,2,1785268654532637325,1785268654533390989,753
0x18ff28a7,2,1785268654533001026,1785268654533390989,389
0xc7f94,2,1785268654534465480,1785268654535378630,913
0xc7f14,2,1785268654534475351,1785268654535378630,903
0x18fe50a7,2,1785268654537339130,1785268654539504819,2165
0x18ffefa7,2,1785268654542404507,1785268654543503952,1099
0x18ffa7ef,2,1785268654544868862,1785268654545425908,557
0x18fe50a7,2,1785268654547533383,1785268654549504319,1970
0x18ff9528,2,1785268654551398730,1785268654553504972,2106
0x18ffefa7,2,1785268654552862406,1785268654553504972,642
0x0,0,1785268654553026165,1785268654553504972,478
0x18fd50a7,2,1785268654553291533,1785268654555520446,2228
0x18ff28a7,2,1785268654553655383,1785268654555520446,1865
0x18ff2895,2,1785268654554219565,1785268654555520446,1300
0x18fe2895,2,1785268654554583637,1785268654555520446,936
0x18fe50a7,2,1785268654558047894,1785268654559505098,1457
0x18ffefa7,2,1785268654563113770,1785268654563626435,512
0x1cff50d4,2,1785268654563577453,1785268654565552428,1974
0x18ffa7ef,2,1785268654565641459,1785268654567627143,1985
0x18fff5d4,2,1785268654565904883,1785268654567627143,1722
0x18fe50a7,2,1785268654568369368,1785268654569548524,1179
0x18ff9528,2,1785268654572134012,1785268654573626824,1492
0x18ffefa7,2,1785268654573698558,1785268654575627984,1929
0x0,0,1785268654573862039,1785268654575627984,1765
0x18fd50a7,2,1785268654574126204,1785268654575627984,1501
0x18ff28a7,2,1785268654574489906,1785268654575627984,1138
0x18ff2895,2,1785268654575753935,1785268654577628199,1874
0x18fe2895,2,1785268654576017674,1785268654577628199,1610
0x1801d08f,2,1785268654578085569,1785268654579755895,1670
0x18fe50a7,2,1785268654578947397,1785268654579755895,808
0x18ffefa7,2,1785268654584012163,1785268654585669410,1657
0x18ffa7ef,2,1785268654586476592,1785268654587755792,1279
0x1cffd4f5,2,1785268654587740474,1785268654589757433,2016
0x18ff28ef,2,1785268654587750603,1785268654589757433,2006
0xc7f8f,2,1785268654588614339,1785268654589757433,1143
0x18fe50a7,2,1785268654589278372,1785268654589757433,479
0x18ff9528,2,1785268654593342662,1785268654593680067,337
0x18ffefa7,2,1785268654594606858,1785268654595757596,1150
0x1f2,1,1785268654594770357,1785268654595757596,987
0x18fd50a7,2,1785268654595034096,1785268654595757596,723
0x18ff28a7,2,1785268654595398187,1785268654595757596,359
0x18ff2895,2,1785268654596662846,1785268654597756904,1094
0x18fe2895,2,1785268654596926344,1785268654597756904,830
0x18fe50a7,2,1785268654599791086,1785268654601756556,1965
0x18ffefa7,2,1785268654604855445,1785268654605757060,901
0x30c,1,1785268654606519638,1785268654607882015,1362
0x18ffa7ef,2,1785268654607383614,1785268654607882015,498
0x18fe50a7,2,1785268654610048710,1785268654611882815,1834
0x18ff9528,2,1785268654613812928,1785268654615883134,2070
0xc7ff7,2,1785268654615377585,1785268654615883134,505
0x1f2,1,1785268654615742138,1785268654617883849,2141
0x18fd50a7,2,1785268654616105988,1785268654617883849,1777
0x18ff28a7,2,1785268654616116210,1785268654617883849,1767
0x18ff2895,2,1785268654617280388,1785268654617883849,603
0x18fe2895,2,1785268654617645164,1785268654619882990,2237
0x18fe50a7,2,1785268654620509832,1785268654621882983,1373
0x18ff28f4,2,1785268654623473980,1785268654623882846,408
0x10ffd4f4,2,1785268654623838219,1785268654625928320,2090
0x18ffefa7,2,1785268654625701856,1785268654628008127,2306
0x18ffa7ef,2,1785268654628165934,1785268654630008268,1842
0x18fe50a7,2,1785268654630829658,1785268654632008316,1178
0x18ffeff4,2,1785268654633793770,1785268654636009320,2215
0x18ff9528,2,1785268654634958096,1785268654636009320,1051
0xc7ff7,2,1785268654636222589,1785268654638010313,1787
0x1f2,1,1785268654636586438,1785268654638010313,1423
0x18fd50a7,2,1785268654636949973,1785268654638010313,1060
0x18ff28a7,2,1785268654636960158,1785268654638010313,1050
0x18ff2895,2,1785268654638124633,1785268654640009010,1884
0x18fe2895,2,1785268654638488501,1785268654640009010,1520
0xc7f28,2,1785268654641352891,1785268654642009076,656
0x18ffefa7,2,1785268654646417675,1785268654648134573,1716
0x18ffa7ef,2,1785268654648881494,1785268654650134473,1252
0x18fe50a7,2,1785268654651545533,1785268654652134225,588
0x18ff9528,2,1785268654655710175,1785268654656052748,342
0x10ffd438,2,1785268654656074247,1785268654658148740,2074
0xc7ff7,2,1785268654656938519,1785268654658148740,1210
0x1f2,1,1785268654657302943,1785268654658148740,845
0x18fd50a7,2,1785268654657667052,1785268654658148740,481
0x18ff28a7,2,1785268654657677681,1785268654658148740,471
0x18ff2895,2,1785268654658842341,1785268654660135251,1292
0xc7f14,2,1785268654659305931,1785268654660135251,829
0xc7f28,2,1785268654662071303,1785268654664135181,2063
0x10fff4d4,2,1785268654666636090,1785268654668260592,1624
0xc7ff7,2,1785268654667199624,1785268654668260592,1060
0x10ff38d4,2,1785268654668764189,1785268654670261418,1497
0x18ffa7ef,2,1785268654669727942,1785268654670261418,533
0x18fff5d4,2,1785268654670892657,1785268654672180448,1287
0x18fe50a7,2,1785268654672456963,1785268654674172774,1715
0x18ff9528,2,1785268654676521049,1785268654678261167,1740
0x18ffefa7,2,1785268654677785505,1785268654678261167,475
0x1f2,1,1785268654678150243,1785268654680262215,2111
0x18fd50a7,2,1785268654678514204,1785268654680262215,1748
0x18ff28a7,2,1785268654678524463,1785268654680262215,1737
0x18ff2895,2,1785268654679688752,1785268654680262215,573
0x18fe2895,2,1785268654680052954,1785268654682260949,2207
0x1801d08f,2,1785268654682117552,1785268654684261627,2144
0xc7f28,2,1785268654682980973,1785268654684261627,1280
0xc7ff7,2,1785268654688045591,1785268654690386753,2341
0x18ffa7ef,2,1785268654690410317,1785268654692308894,1898
0xe7fea,2,1785268654692074474,1785268654694387127,2312
0x18fe50a7,2,1785268654693238022,1785268654694387127,1149
0x18ff9528,2,1785268654697202295,1785268654698387242,1184
0x18ffefa7,2,1785268654698566953,1785268654700388679,1821
0x1f2,1,1785268654698930636,1785268654700388679,1458
0x18fd50a7,2,1785268654699294597,1785268654700388679,1094
0x18ff28a7,2,1785268654699304727,1785268654700388679,1083
0x18ff2895,2,1785268654700469516,1785268654702387542,1918
0x18fe2895,2,1785268654700833199,1785268654702387542,1554
0xc7f28,2,1785268654703697756,1785268654704387146,689
0xc7ff7,2,1785268654708762540,1785268654710512328,1749
0x18ff28d0,2,1785268654710226679,1785268654712513487,2286
0x30c,1,1785268654710590399,1785268654712513487,1923
0x18ffa7ef,2,1785268654711254710,1785268654712513487,1258
0x18fe50a7,2,1785268654714019119,1785268654714429017,409
0x18ff9528,2,1785268654717984132,1785268654718434929,450
0x18ffefa7,2,1785268654719348291,1785268654720514458,1166
0x1f2,1,1785268654719712140,1785268654720514458,802
0x18fd50a7,2,1785268654720076323,1785268654720514458,438
0x18ff28a7,2,1785268654720086842,1785268654720514458,427
0x18ff2895,2,1785268654721251168,1785268654722522636,1271
0xc7f14,2,1785268654721715462,1785268654722522636,807
0x18fe50a7,2,1785268654724482075,1785268654726515418,2033
0x18ffe5f4,2,1785268654727746814,1785268654728514337,767
0x18ff28f4,2,1785268654727757055,1785268654728514337,757
0x18ffefa7,2,1785268654729621155,1785268654730635904,1014
0x18ffa7ef,2,1785268654731986400,1785268654732635526,649
0x18fe50a7,2,1785268654734750957,1785268654736636679,1885
0x18ffeff4,2,1785268654737755309,1785268654738562135,806
0x18ff9528,2,1785268654738849506,1785268654740636332,1786
0x18ffefa7,2,1785268654739903445,1785268654740636332,732
0x1f2,1,1785268654740547959,1785268654742636825,2088
0x18fd50a7,2,1785268654740892161,1785268654742636825,1744
0x18ff28a7,2,1785268654740975808,1785268654742636825,1661
0x18ff2895,2,1785268654742381152,1785268654744636651,2255
0x18fe2895,2,1785268654742495336,1785268654744636651,2141
0x18fe50a7,2,1785268654745309690,1785268654746679773,1370
0x18ffefa7,2,1785268654750354085,1785268654752674104,2320
0x18ffa7ef,2,1785268654752798830,1785268654754766004,1967
0x18fe50a7,2,1785268654755502610,1785268654756678627,1176
0x18ff9528,2,1785268654759536845,1785268654760685576,1148
0x18ffefa7,2,1785268654760900781,1785268654762766494,1865
0x1f2,1,1785268654761254482,1785268654762766494,1512
0x18fd50a7,2,1785268654761598388,1785268654762766494,1168
0x18ff28a7,2,1785268654761682517,1785268654762766494,1083
0x18ff2895,2,1785268654762817251,1785268654764767191,1949
0xc7f14,2,1785268654763270655,1785268654764767191,1496
0x18fe50a7,2,1785268654766014713,1785268654766765499,750
0x18ffefa7,2,1785268654771058905,1785268654772767329,1708
0x18fff5d4,2,1785268654771552309,1785268654772767329,1215
0xc7fd3,2,1785268654773646741,1785268654774890951,1244
0x18fe50a7,2,1785268654776271225,1785268654776892389,621
0x18ff9528,2,1785268654780325719,1785268654780810449,484
0x18ffefa7,2,1785268654781380083,1785268654782892479,1512
0x1f2,1,1785268654782023876,1785268654782892479,868
0x18fd50a7,2,1785268654782369911,1785268654782892479,522
0x18ff28a7,2,1785268654782453188,1785268654782892479,439
0x18ff2895,2,1785268654783587570,1785268654784893101,1305
0xc7f14,2,1785268654784041252,1785268654784893101,851
0x1801d08f,2,1785268654786055722,1785268654786891946,836
0x18fe50a7,2,1785268654786850198,1785268654788892735,2042
0x18ffefa7,2,1785268654791894816,1785268654792930925,1036
0x18ffa7ef,2,1785268654794439671,1785268654795017195,577
0x18ff28ef,2,1785268654795403443,1785268654796938485,1535
0x18ff1eef,2,1785268654796757379,1785268654799018885,2261
0x1cffd4f5,2,1785268654796841045,1785268654799018885,2177
0x18fe50a7,2,1785268654797235099,1785268654799018885,1783
0x18ffd0ef,2,1785268654797659022,1785268654799018885,1359
0x18ff95ef,2,1785268654798724108,1785268654801018544,2294
0x87f9c,2,1785268654799867675,1785268654801018544,1150
0x18ff38ef,2,1785268654800852077,1785268654803018593,2166
0x18ff9528,2,1785268654801605683,1785268654803018593,1412
0x18fe38ef,2,1785268654801979422,1785268654803018593,1039
0x18ffefa7,2,1785268654802683973,1785268654805056326,2372
0x1f2,1,1785268654803027527,1785268654805056326,2028
0xc7ea8,2,1785268654803451265,1785268654805056326,1605
0x18ff28a7,2,1785268654804005502,1785268654805056326,1050
0x1cfe50ef,2,1785268654804089854,1785268654805056326,966
0x18ff2895,2,1785268654805174477,1785268654807022745,1848
0xc7f14,2,1785268654805318180,1785268654807022745,1704
0x18fff4ef,2,1785268654805611881,1785268654807022745,1410
0x18fe50a7,2,1785268654808196144,1785268654809142812,946
0x18ffefa7,2,1785268654813240965,1785268654815061476,1820
0x30c,1,1785268654814985936,1785268654817144006,2158
0x18ffa7ef,2,1785268654815749839,1785268654817144006,1394
0x18fe50a7,2,1785268654818454526,1785268654819057721,603
0x18ff9528,2,1785268654822519391,1785268654823063967,544
0x18ffefa7,2,1785268654823583588,1785268654825144774,1561
0x1f2,1,1785268654824207547,1785268654825144774,937
0x18fd50a7,2,1785268654824551415,1785268654825144774,593
0xc7f94,2,1785268654824695507,1785268654825144774,449
0x18ff2895,2,1785268654825789871,1785268654827144767,1354
0x18fe2895,2,1785268654826154091,1785268654827144767,990
0x18fe50a7,2,1785268654828968166,1785268654831181290,2213
0x18ff28f4,2,1785268654831980519,1785268654833269745,1289
0x18fe28f4,2,1785268654832332442,1785268654833269745,937
0x18ffefa7,2,1785268654834141524,1785268654835269609,1128
0x18ffa7ef,2,1785268654836589361,1785268654837270583,681
0x18fe50a7,2,1785268654839293826,1785268654841270662,1976
0x1cff50f4,2,1785268654842302753,1785268654843270136,967
0x18ffeff4,2,1785268654842654010,1785268654843270136,616
0x18ff9528,2,1785268654843598504,1785268654845270814,1672
0x18ffefa7,2,1785268654844542184,1785268654845270814,728
0x1f2,1,1785268654845166791,1785268654847291566,2124
0x18fd50a7,2,1785268654845519067,1785268654847291566,1772
0xc7f94,2,1785268654845662621,1785268654847291566,1628
0x18ff2895,2,1785268654846702837,1785268654847291566,588
0x18fe2895,2,1785268654847054539,1785268654849309985,2255
0x18fe50a7,2,1785268654849934540,1785268654851394718,1460
0x18ff38f4,2,1785268654852924522,1785268654853315989,391
0x18ffefa7,2,1785268654855038342,1785268654857395438,2357
0x18ffa7ef,2,1785268654857482254,1785268654859313487,1831
0x18fe50a7,2,1785268654860187182,1785268654861395572,1208
0x18ff9528,2,1785268654864371138,1785268654865397947,1026
0x10ffd438,2,1785268654864714932,1785268654865397947,683
0x18ffefa7,2,1785268654865379262,1785268654867403532,2024
0x1f2,1,1785268654866002850,1785268654867403532,1400
0x18fd50a7,2,1785268654866347478,1785268654867403532,1056
0xc7f94,2,1785268654866491014,1785268654867403532,912
0xc7f94,2,1785268654867645155,1785268654869522247,1877
0x18fe2895,2,1785268654867948653,1785268654869522247,1573
0x18fe50a7,2,1785268654870762933,1785268654871522036,759
0x10ff38d4,2,1785268654875197795,1785268654877522571,2324
0x18ffefa7,2,1785268654875891550,1785268654877522571,1631
0x18fff5d4,2,1785268654877298190,1785268654879522341,2224
0x18ffa7ef,2,1785268654878381831,1785268654879522341,1140
0xc7f28,2,1785268654881166240,1785268654881438686,272
0x18ff9528,2,1785268654885201031,1785268654887523961,2322
0x18ffefa7,2,1785268654886215247,1785268654887523961,1308
0x1f2,1,1785268654886839040,1785268654887523961,684
0x18fd50a7,2,1785268654887183574,1785268654887523961,340
0xc7f94,2,1785268654887327648,1785268654889523454,2195
0x18ff2895,2,1785268654888401419,1785268654889523454,1122
0x18fe2895,2,1785268654888785157,1785268654889523454,738
0x1801d08f,2,1785268654890870386,1785268654891563558,693
0x18fe50a7,2,1785268654891664436,1785268654893644736,1980
0x18ffefa7,2,1785268654896728202,1785268654897644777,916
0x18ffa7ef,2,1785268654899152224,1785268654899644678,492
0x18fe50a7,2,1785268654901855967,1785268654903645386,1789
0x1cffd4f5,2,1785268654902209780,1785268654903645386,1435
0x18ff9528,2,1785268654906104238,1785268654907645890,1541
0x18ffefa7,2,1785268654907047695,1785268654907645890,598
0x1f2,1,1785268654907671840,1785268654909676550,2004
0xc7ea8,2,1785268654908015875,1785268654909676550,1660
0x18ff28a7,2,1785268654908100300,1785268654909676550,1576
0x18ff2895,2,1785268654909254664,1785268654909676550,421
0x18fe2895,2,1785268654909618643,1785268654911691006,2072
0x18fe50a7,2,1785268654912432978,1785268654913681073,1248
0x18ffefa7,2,1785268654917497614,1785268654919774292,2276
0x30c,1,1785268654919431732,1785268654921775377,2343
0x18ff28d0,2,1785268654919505879,1785268654921775377,2269
0x18ffa7ef,2,1785268654920049784,1785268654921775377,1725
0xc7f28,2,1785268654922834619,1785268654923691926,857
0x18ff9528,2,1785268654926898742,1785268654927698560,799
0x18ffefa7,2,1785268654927882533,1785268654929776164,1893
0x1f2,1,1785268654928506307,1785268654929776164,1269
0x18fd50a7,2,1785268654928850156,1785268654929776164,926
0xc7f94,2,1785268654928994822,1785268654929776164,781
0x18ff2895,2,1785268654930100408,1785268654931775120,1674
0x18fe2895,2,1785268654930454128,1785268654931775120,1320
0x18fe50a7,2,1785268654933268204,1785268654933775168,506
0x18ffe5f4,2,1785268654936262352,1785268654937901024,1638
0x18ff28f4,2,1785268654936636313,1785268654937901024,1264
0x10ffd4f4,2,1785268654936999922,1785268654937901024,901
0x18ffefa7,2,1785268654938524394,1785268654939900554,1376
0x18ffa7ef,2,1785268654940948028,1785268654941818418,870
0x18fe50a7,2,1785268654943651900,1785268654945900533,2248
0x18ffeff4,2,1785268654946736048,1785268654947812637,1076
0x18ff9528,2,1785268654947800116,1785268654949902111,2101
0x18ffefa7,2,1785268654949163663,1785268654949902111,738
0x1f2,1,1785268654949173960,1785268654949902111,728
0x18fd50a7,2,1785268654949537957,1785268654949902111,364
0x18ff28a7,2,1785268654949801993,1785268654951901604,2099
0x18ff2895,2,1785268654951066337,1785268654951901604,835
0x18fe2895,2,1785268654951330095,1785268654951901604,571
0x18fe50a7,2,1785268654954195522,1785268654956026016,1830
0x18ffefa7,2,1785268654959260066,1785268654960026354,766
0x18ffa7ef,2,1785268654961625088,1785268654961945125,320
0x18fe50a7,2,1785268654964389405,1785268654966026647,1637
0x18ff9528,2,1785268654968653675,1785268654970028077,1374
0x18ffefa7,2,1785268654969517059,1785268654970028077,511
0x1f2,1,1785268654969880742,1785268654972027719,2146
0xc7ea8,2,1785268654970247981,1785268654972027719,1779
0x18ff28a7,2,1785268654970512424,1785268654972027719,1515
0x18ff2895,2,1785268654971776897,1785268654974027471,2250
0x18fe2895,2,1785268654972040581,1785268654974027471,1986
0x18fe50a7,2,1785268654974905453,1785268654976027204,1121
0x18ffefa7,2,1785268654980269642,1785268654982152961,1883
0x10fff4d4,2,1785268654980279642,1785268654982152961,1873
0x18fff5d4,2,1785268654982544684,1785268654984153176,1608
0x18ffa7ef,2,1785268654982708720,1785268654984153176,1444
0x18fe50a7,2,1785268654985173465,1785268654986071002,897
0x18ff9528,2,1785268654989438587,1785268654990153229,714
0x18ffefa7,2,1785268654990303434,1785268654992154462,1851
0x1f2,1,1785268654990867875,1785268654992154462,1286
0xc7ea8,2,1785268654991231891,1785268654992154462,922
0x18ff28a7,2,1785268654991242187,1785268654992154462,912
0x18ff2895,2,1785268654992406588,1785268654994153863,1747
0x18fe2895,2,1785268654992770604,1785268654994153863,1383
0x1801d08f,2,1785268654994835406,1785268654996153689,1318
0x18fe50a7,2,1785268654995699198,1785268654996153689,454
0x18ffefa7,2,1785268655000764037,1785268655002191038,1427
0x18ffa7ef,2,1785268655003229411,1785268655004278975,1049
0x18ff28ef,2,1785268655004193720,1785268655006279357,2085
0xc7f8f,2,1785268655005357713,1785268655006279357,921
0x18fe50a7,2,1785268655006022080,1785268655008279387,2257
0x1cffd4f5,2,1785268655006686890,1785268655008279387,1592
0x18ff9528,2,1785268655010251832,1785268655012280225,2028
0xc7ff7,2,1785268655011515454,1785268655012280225,764
0x1f2,1,1785268655011880304,1785268655012280225,399
0x18fd50a7,2,1785268655012145135,1785268655014280625,2135
0x18ff28a7,2,1785268655012308986,1785268655014280625,1971
0x18ff2895,2,1785268655013373535,1785268655014280625,907
0x18fe2895,2,1785268655013737237,1785268655014280625,543
0x18fe50a7,2,1785268655016601645,1785268655018279370,1677
0x18ffefa7,2,1785268655021666670,1785268655022279671,613
0x30c,1,1785268655023330772,1785268655024404182,1073
0x18ffa7ef,2,1785268655024094674,1785268655026405360,2310
0x18fe50a7,2,1785268655026859843,1785268655028321316,1461
0x18ff9528,2,1785268655031123910,1785268655032325987,1202
0x18ffefa7,2,1785268655032287680,1785268655034406924,2119
0x1f2,1,1785268655032297366,1785268655034406924,2109
0x18fd50a7,2,1785268655032660993,1785268655034406924,1745
0x18ff28a7,2,1785268655032925195,1785268655034406924,1481
0x18ff2895,2,1785268655034094781,1785268655036405954,2311
0x18fe2895,2,1785268655034458834,1785268655036405954,1947
0x18fe50a7,2,1785268655037323057,1785268655038407836,1084
0x18ffefa7,2,1785268655042387749,1785268655044449352,2061
0x18ffa7ef,2,1785268655044751957,1785268655046530919,1778
0x18ff28f4,2,1785268655046416466,1785268655048531523,2115
0x18fe50a7,2,1785268655047580496,1785268655048531523,951
0x18ff9528,2,1785268655051945247,1785268655052451472,506
0x18ffefa7,2,1785268655053009759,1785268655054532724,1522
0x0,0,1785268655053020185,1785268655054532724,1512
0x18fd50a7,2,1785268655053384572,1785268655054532724,1148
0x18ff28a7,2,1785268655053648589,1785268655054532724,884
0x18ff2895,2,1785268655054812896,1785268655056531865,1718
0xc7f14,2,1785268655055276227,1785268655056531865,1255
0x18ffeff4,2,1785268655057040920,1785268655058531932,1491
0x18fe50a7,2,1785268655058105080,1785268655058531932,426
0x18ffefa7,2,1785268655063169587,1785268655064532559,1362
0x18ffa7ef,2,1785268655065533850,1785268655066653940,1120
0x18fe50a7,2,1785268655068298259,1785268655070653870,2355
0x18ff9528,2,1785268655072862491,1785268655074655930,1793
0x10ffd438,2,1785268655072872695,1785268655074655930,1783
0x18ffefa7,2,1785268655073737319,1785268655074655930,918
0x0,0,1785268655073747523,1785268655074655930,908
0x18fd50a7,2,1785268655074111687,1785268655074655930,544
0x18ff28a7,2,1785268655074375686,1785268655076654997,2279
0x18ff2895,2,1785268655075539290,1785268655076654997,1115
0x18fe2895,2,1785268655075903491,1785268655076654997,751
0x18fe50a7,2,1785268655078768456,1785268655080655335,1886
0x1cff50d4,2,1785268655083140466,1785268655084654969,1514
0x18ffefa7,2,1785268655083904276,1785268655084654969,750
0x10ff38d4,2,1785268655085170769,1785268655086655147,1484
0x18ffa7ef,2,1785268655086335632,1785268655086655147,319
0x18fff5d4,2,1785268655087300274,1785268655088695844,1395
0x18fe50a7,2,1785268655089164208,1785268655090680818,1516
0x18ff9528,2,1785268655093432793,1785268655094691249,1258
0x18ffefa7,2,1785268655094597953,1785268655096788519,2190
0x0,0,1785268655094608379,1785268655096788519,2180
0x18fd50a7,2,1785268655094972784,1785268655096788519,1815
0x18ff28a7,2,1785268655095237078,1785268655096788519,1551
0x18ff2895,2,1785268655096401071,1785268655096788519,387
0xc7f14,2,1785268655096865809,1785268655098686901,1821
0x1801d08f,2,1785268655098830464,1785268655100785246,1954
0xc7f28,2,1785268655099794088,1785268655100785246,991
0x18ffefa7,2,1785268655104759614,1785268655106784854,2025
0x18ffa7ef,2,1785268655107223802,1785268655108909847,1686
0x18ffd0ef,2,1785268655108187593,1785268655108909847,722
0x18ff95ef,2,1785268655109252420,1785268655110910210,1657
0xc7f28,2,1785268655110116803,1785268655110910210,793
0x10ff38ef,2,1785268655110380765,1785268655110910210,529
0x1cffd4f5,2,1785268655111345074,1785268655112828462,1483
0x18ff9528,2,1785268655114409759,1785268655114817529,407
0x18ffefa7,2,1785268655115573919,1785268655116910892,1336
0x1f2,1,1785268655115584178,1785268655116910892,1326
0x18fd50a7,2,1785268655115948657,1785268655116910892,962
0x18ff28a7,2,1785268655116212600,1785268655116910892,698
0x18ff2895,2,1785268655117676813,1785268655118910256,1233
0xc7f14,2,1785268655117687165,1785268655118910256,1223
0xc7f28,2,1785268655120651629,1785268655122911056,2259
0x18ffefa7,2,1785268655125616358,1785268655126911116,1294
0x30c,1,1785268655127281274,1785268655129036350,1755
0x18ff28d0,2,1785268655127944640,1785268655129036350,1091
0x18ffa7ef,2,1785268655128309120,1785268655129036350,727
0x18fe50a7,2,1785268655130874549,1785268655132946484,2071
0x18ff9528,2,1785268655135338744,1785268655137036099,1697
0x18ffefa7,2,1785268655136302664,1785268655137036099,733
0x1f2,1,1785268655136667384,1785268655139037592,2370
0x18fd50a7,2,1785268655137030956,1785268655139037592,2006
0x18ff28a7,2,1785268655137041085,1785268655139037592,1996
0x18ff2895,2,1785268655138105616,1785268655139037592,931
0x18fe2895,2,1785268655138469799,1785268655139037592,567
0x18fe50a7,2,1785268655141334282,1785268655142956060,1621
0x18ffefa7,2,1785268655146399399,1785268655147036675,637
0x18ffa7ef,2,1785268655148763274,1785268655151036864,2273
0x18ffe5f4,2,1785268655150427542,1785268655151036864,609
0x18ff28f4,2,1785268655150792317,1785268655153162116,2369
0xc7f28,2,1785268655151756460,1785268655153162116,1405
0x18ffefa7,2,1785268655157021632,1785268655159164002,2142
0x1f2,1,1785268655157031946,1785268655159164002,2132
0x18fd50a7,2,1785268655157396148,1785268655159164002,1767
0x18ff28a7,2,1785268655157660276,1785268655159164002,1503
0x18ff9528,2,1785268655158024551,1785268655159164002,1139
0x18ff2895,2,1785268655158889343,1785268655161163588,2274
0x18fe2895,2,1785268655159253248,1785268655161163588,1910
0x18ffeff4,2,1785268655161117755,1785268655163163025,2045
0x18fe50a7,2,1785268655162181878,1785268655163163025,981
0x18ffefa7,2,1785268655167246051,1785268655169073449,1827
0x18ffa7ef,2,1785268655169611148,1785268655171163516,1552
0x18fe50a7,2,1785268655172375835,1785268655173163527,787
0x18ffefa7,2,1785268655177740618,1785268655179295765,1555
0x1f2,1,1785268655177750618,1785268655179295765,1545
0x18fd50a7,2,1785268655178115671,1785268655179295765,1180
0x18ff28a7,2,1785268655178379280,1785268655179295765,916
0x18ff9528,2,1785268655178743241,1785268655179295765,552
0x18ff2895,2,1785268655179707643,1785268655181289498,1581
0x18fe2895,2,1785268655179971438,1785268655181289498,1318
0x18fe50a7,2,1785268655182835846,1785268655183204029,368
0x18ffefa7,2,1785268655188232314,1785268655189289526,1057
0x18fff5d4,2,1785268655188245591,1785268655189289526,1043
0xc7fd3,2,1785268655190416097,1785268655191204704,788
0x18fe50a7,2,1785268655193099432,1785268655195288801,2189
0x18ffefa7,2,1785268655198472270,1785268655199414620,942
0x1f2,1,1785268655198482974,1785268655199414620,931
0x18fd50a7,2,1785268655198848009,1785268655199414620,566
0x18ff28a7,2,1785268655199112711,1785268655201417353,2304
0x18ff9528,2,1785268655199476542,1785268655201417353,1940
0x18ff2895,2,1785268655200641257,1785268655201417353,776
0x18fe2895,2,1785268655200651683,1785268655201417353,765
0x1801d08f,2,1785268655202716689,1785268655203414494,697
0xc7f28,2,1785268655203681350,1785268655205415747,1734
0xc7ff7,2,1785268655208657246,1785268655209415307,758
0xc7fd3,2,1785268655211227471,1785268655213415978,2188
0x18ff28ef,2,1785268655212092651,1785268655213415978,1323
0x18ff1eef,2,1785268655213158108,1785268655215415489,2257
0x18fe50a7,2,1785268655213922010,1785268655215415489,1493
0xe7fea,2,1785268655215787407,1785268655217415593,1628
0x18ffefa7,2,1785268655219351756,1785268655221542005,2190
0x1f2,1,1785268655219715994,1785268655221542005,1826
0x18fd50a7,2,1785268655219979900,1785268655221542005,1562
0x18ff28a7,2,1785268655220144714,1785268655221542005,1397
0x18ff9528,2,1785268655220408545,1785268655221542005,1133
0x18ff2895,2,1785268655221273281,1785268655223540849,2267
0x18fe2895,2,1785268655221637149,1785268655223540849,1903
0x18fe50a7,2,1785268655224502187,1785268655225541935,1039
0x18ffefa7,2,1785268655229566972,1785268655231540988,1974
0x30c,1,1785268655231231925,1785268655233542851,2310
0x18ffa7ef,2,1785268655231995716,1785268655233542851,1547
0x18fe50a7,2,1785268655234760422,1785268655235541122,780
0x18ffefa7,2,1785268655240125982,1785268655241573212,1447
0x1f2,1,1785268655240489702,1785268655241573212,1083
0x18fd50a7,2,1785268655240753923,1785268655241573212,819
0x18ff28a7,2,1785268655240917829,1785268655241573212,655
0x18ff9528,2,1785268655241181605,1785268655241573212,391
0x18ff2895,2,1785268655242146396,1785268655243663963,1517
0x18fe2895,2,1785268655242410005,1785268655243663963,1253
0x18fe50a7,2,1785268655245274562,1785268655247579190,2304
0xc7ff7,2,1785268655250352217,1785268655251586121,1233
0x18ffa7ef,2,1785268655252722573,1785268655253574151,851
0x18ff28f4,2,1785268655254688172,1785268655255664088,975
0x10ffd4f4,2,1785268655254698524,1785268655255664088,965
0x18fe50a7,2,1785268655255562481,1785268655257665210,2102
0xc7ff7,2,1785268655260930819,1785268655261665993,735
0x1f2,1,1785268655261295836,1785268655261665993,370
0x18fd50a7,2,1785268655261561019,1785268655263793911,2232
0x18ff28a7,2,1785268655261724907,1785268655263793911,2069
0x18ff2895,2,1785268655262289756,1785268655263793911,1504
0x18fe2895,2,1785268655262653642,1785268655263793911,1140
0x18ffeff4,2,1785268655265017517,1785268655265714645,697
0x18fe50a7,2,1785268655266081381,1785268655267704138,1622
0xc7ff7,2,1785268655271147406,1785268655271711013,563
0x18ffa7ef,2,1785268655273511003,1785268655275717128,2206
0x18fe50a7,2,1785268655276276486,1785268655277705658,1429
0x10ffd438,2,1785268655280840922,1785268655281711700,870
0xc7ff7,2,1785268655281704824,1785268655283807729,2102
0x1f2,1,1785268655282067933,1785268655283807729,1739
0x18fd50a7,2,1785268655282333209,1785268655283807729,1474
0x18ff28a7,2,1785268655282497486,1785268655283807729,1310
0x18ff9528,2,1785268655282761947,1785268655283807729,1045
0xc7f94,2,1785268655283926236,1785268655285794426,1868
0x18fe2895,2,1785268655284090013,1785268655285794426,1704
0x18fe50a7,2,1785268655286854959,1785268655287830678,975
0x18ffefa7,2,1785268655292219983,1785268655293919749,1699
0x10fff4d4,2,1785268655292230186,1785268655293919749,1689
0x10ff38d4,2,1785268655294495024,1785268655295919612,1424
0xc7fd3,2,1785268655294658857,1785268655295919612,1260
0x18fff5d4,2,1785268655296323532,1785268655297920402,1596
0x18fe50a7,2,1785268655297187767,1785268655297920402,732
0xc7ff7,2,1785268655302553716,1785268655303921103,1367
0x1f2,1,1785268655302917307,1785268655303921103,1003
0x18fd50a7,2,1785268655303181379,1785268655303921103,739
0x18ff28a7,2,1785268655303346027,1785268655303921103,575
0x18ff9528,2,1785268655303910560,1785268655305920670,2010
0x18ff2895,2,1785268655303920449,1785268655305920670,2000
0x18fe2895,2,1785268655304284317,1785268655305920670,1636
0x1801d08f,2,1785268655306849098,1785268655307920107,1071
0xc7f28,2,1785268655307813277,1785268655310045044,2231
0x18ffefa7,2,1785268655312777803,1785268655314045660,1267
0x18ffa7ef,2,1785268655315242770,1785268655315967375,724
0x18ff38ef,2,1785268655316206375,1785268655318045831,1839
0x18fe38ef,2,1785268655317270072,1785268655318045831,775
0x18fe50a7,2,1785268655318033882,1785268655320046861,2012
0x1cfe50ef,2,1785268655318398213,1785268655320046861,1648
0x18fff4ef,2,1785268655319462633,1785268655320046861,584
0x1cffd4f5,2,1785268655320527219,1785268655321962317,1435
0x18ffefa7,2,1785268655323291258,1785268655324045643,754
0x1f2,1,1785268655323955069,1785268655326172580,2217
0x18fd50a7,2,1785268655324218326,1785268655326172580,1954
0x18ff28a7,2,1785268655324381918,1785268655326172580,1790
0x18ff9528,2,1785268655324645065,1785268655326172580,1527
0x18ff2895,2,1785268655325608614,1785268655326172580,563
0x18fe2895,2,1785268655325975020,1785268655328091184,2116
0x18fe50a7,2,1785268655328738447,1785268655330079288,1340
0x18ffefa7,2,1785268655333803009,1785268655336171989,2368
0x30c,1,1785268655335467610,1785268655336171989,704
0x18ffa7ef,2,1785268655336531623,1785268655338172074,1640
0x18ff28d0,2,1785268655336541789,1785268655338172074,1630
0x18fe50a7,2,1785268655339006515,1785268655340089956,1083
0x18ffefa7,2,1785268655344071188,1785268655346218972,2147
0x1f2,1,1785268655344735499,1785268655346218972,1483
0x18fd50a7,2,1785268655344999386,1785268655346218972,1219
0x18ff28a7,2,1785268655345363569,1785268655346218972,855
0x18ff9528,2,1785268655345373995,1785268655346218972,844
0x18ff2895,2,1785268655346338619,1785268655348297705,1959
0x18fe2895,2,1785268655346701932,1785268655348297705,1595
0x18fe50a7,2,1785268655349465600,1785268655350213439,747
0x18ffefa7,2,1785268655354531866,1785268655356207826,1675
0x18ffa7ef,2,1785268655356896000,1785268655358297929,1401
0x18ffe5f4,2,1785268655358561008,1785268655360299941,1738
0x18ff28f4,2,1785268655358925154,1785268655360299941,1374
0x18fe28f4,2,1785268655359289041,1785268655360299941,1010
0x10ffd4f4,2,1785268655359652909,1785268655360299941,647
0x18fe50a7,2,1785268655359713149,1785268655360299941,586
0x18ffd0f4,2,1785268655362681057,1785268655364299371,1618
0x1cff50f4,2,1785268655363045185,1785268655364299371,1254
0x18ffeff4,2,1785268655363409016,1785268655364299371,890
0x18ff9528,2,1785268655364273011,1785268655366324401,2051
0x18ffefa7,2,1785268655365336486,1785268655366324401,987
0x1f2,1,1785268655365699687,1785268655366324401,624
0x18fd50a7,2,1785268655365963871,1785268655366324401,360
0x18ff28a7,2,1785268655366103518,1785268655368424079,2320
0x18ff2895,2,1785268655366567978,1785268655368424079,1856
0x18fe2895,2,1785268655366932550,1785268655368424079,1491
0x18fe50a7,2,1785268655370397640,1785268655372423453,2025
0x18ff38f4,2,1785268655373361400,1785268655374343910,982
0x18ffefa7,2,1785268655375526684,1785268655376331347,804
0xc7fd3,2,1785268655377992317,1785268655378425358,433
0x18fe50a7,2,1785268655380657153,1785268655382424492,1767
0x18ff9528,2,1785268655384322297,1785268655386425478,2103
0x18ffefa7,2,1785268655385785937,1785268655386425478,639
0x1f2,1,1785268655386451414,1785268655388551174,2099
0x18fd50a7,2,1785268655386715209,1785268655388551174,1835
0x18ff28a7,2,1785268655386879597,1785268655388551174,1671
0x18ff2895,2,1785268655387343501,1785268655388551174,1207
0x18fe2895,2,1785268655387707129,1785268655388551174,844
0x18fe50a7,2,1785268655391171978,1785268655392549938,1377
0x18ffefa7,2,1785268655396236966,1785268655398550528,2313
0x10fff4d4,2,1785268655396801259,1785268655398550528,1749
0xc7fd3,2,1785268655398966561,1785268655400550595,1584
0x18fff5d4,2,1785268655399129560,1785268655400550595,1421
0x18fe50a7,2,1785268655401493620,1785268655402457996,964
0x18ff9528,2,1785268655405158431,1785268655406464574,1306
0x18ffefa7,2,1785268655406624200,1785268655408552067,1927
0x1f2,1,1785268655407287659,1785268655408552067,1264
0x18fd50a7,2,1785268655407551361,1785268655408552067,1000
0x18ff28a7,2,1785268655407714471,1785268655408552067,837
0x18ff2895,2,1785268655408778779,1785268655410551226,1772
0xc7f14,2,1785268655409241999,1785268655410551226,1309
0xc00e8,2,1785268655411306875,1785268655412672923,1366
0x18fe50a7,2,1785268655412070741,1785268655412672923,602
0x18ffefa7,2,1785268655417146062,1785268655418673327,1527
0x1cffd4f5,2,1785268655419615973,1785268655420673968,1057
0x18ffa7ef,2,1785268655419981508,1785268655420673968,692
0x1cfed4f5,2,1785268655419991989,1785268655420673968,681
0xc7f94,2,1785268655420757096,1785268655422673572,1916
0x18ff1eef,2,1785268655421821201,1785268655422673572,852
0xc7f28,2,1785268655422485789,1785268655424673139,2187
0x18ff9528,2,1785268655426150786,1785268655426588707,437
0x18ffefa7,2,1785268655427615221,1785268655428673533,1058
0x1f2,1,1785268655428179107,1785268655428673533,494
0xc7ea8,2,1785268655428543808,1785268655430697563,2153
0x18ff28a7,2,1785268655428554049,1785268655430697563,2143
0x18ff2895,2,1785268655429718468,1785268655430697563,979
0x18fe2895,2,1785268655430084743,1785268655430697563,612
0x18fe50a7,2,1785268655432947448,1785268655434707548,1760
0x18ffefa7,2,1785268655438012714,1785268655438713664,700
0x30c,1,1785268655439677537,1785268655440696564,1019
0x18ffa7ef,2,1785268655440540717,1785268655442717946,2177
0xc7f28,2,1785268655443205405,1785268655444707828,1502
0x18ff9528,2,1785268655446970178,1785268655448714129,1743
0x18ffefa7,2,1785268655448533873,1785268655450804269,2270
0x0,0,1785268655448697075,1785268655450804269,2107
0x18fd50a7,2,1785268655448960463,1785268655450804269,1843
0x18ff28a7,2,1785268655449324183,1785268655450804269,1480
0x18ff2895,2,1785268655450789081,1785268655452803799,2014
0x18fe2895,2,1785268655450799433,1785268655452803799,2004
0x18fe50a7,2,1785268655453663897,1785268655454844126,1180
0x18ff28f4,2,1785268655456628398,1785268655458850537,2222
0x18ffefa7,2,1785268655458793626,1785268655460839808,2046
0x18ffa7ef,2,1785268655461258370,1785268655462928467,1670
0xc7f28,2,1785268655463922984,1785268655464845368,922
0x18ffeff4,2,1785268655466887984,1785268655468929576,2041
0x18ff9528,2,1785268655467652368,1785268655468929576,1277
0x18ffefa7,2,1785268655469117156,1785268655470930291,1813
0x1f2,1,1785268655469380654,1785268655470930291,1549
0xc7ea8,2,1785268655469844411,1785268655470930291,1085
0x18ff28a7,2,1785268655470109094,1785268655470930291,821
0x18ff2895,2,1785268655470672350,1785268655472930784,2258
0x18fe2895,2,1785268655471035404,1785268655472930784,1895
0x18fe50a7,2,1785268655474500327,1785268655474970129,469
0x18ffefa7,2,1785268655479566093,1785268655480967015,1400
0x18ffa7ef,2,1785268655482029745,1785268655483055137,1025
0x18fe50a7,2,1785268655484696395,1785268655486959420,2263
0x18ff9528,2,1785268655488360892,1785268655488975338,614
0x10ffd438,2,1785268655488725112,1785268655491056368,2331
0x18ffefa7,2,1785268655489888253,1785268655491056368,1168
0x1f2,1,1785268655490453101,1785268655491056368,603
0xc7ea8,2,1785268655490617230,1785268655491056368,439
0x18ff28a7,2,1785268655490881414,1785268655493057250,2175
0xc7f94,2,1785268655491445003,1785268655493057250,1612
0xc7f14,2,1785268655491808889,1785268655493057250,1248
0x18fe50a7,2,1785268655495273406,1785268655497181235,1907
0x10ff38d4,2,1785268655500138784,1785268655501182295,1043
0x18ffefa7,2,1785268655500402912,1785268655501182295,779
0x18fff5d4,2,1785268655502067605,1785268655503096400,1028
0x18ffa7ef,2,1785268655502932211,1785268655505086263,2154
0x18fe50a7,2,1785268655505596603,1785268655507102923,1506
0x18ff9528,2,1785268655509361024,1785268655511181501,1820
0x18ffefa7,2,1785268655510926052,1785268655513185346,2259
0x0,0,1785268655511090069,1785268655513185346,2095
0x18fd50a7,2,1785268655511354401,1785268655513185346,1830
0x18ff28a7,2,1785268655511717954,1785268655513185346,1467
0x18ff2895,2,1785268655513182390,1785268655515181764,1999
0x18fe2895,2,1785268655513192612,1785268655515181764,1989
0x1801d08f,2,1785268655515257692,1785268655517306609,2048
0x18fe50a7,2,1785268655516120465,1785268655517306609,1186
0x18ffefa7,2,1785268655521185694,1785268655523223829,2038
0x18ffa7ef,2,1785268655523650271,1785268655525307858,1657
0x1cffd4f5,2,1785268655524014028,1785268655525307858,1293
0x18ffd0ef,2,1785268655524777394,1785268655525307858,530
0x18ff95ef,2,1785268655525841610,1785268655527229796,1388
0x18fe50a7,2,1785268655526506180,1785268655527229796,723
0x10ff38ef,2,1785268655526971011,1785268655529217807,2246
0x18ff9528,2,1785268655530335268,1785268655531307078,971
0x18ffefa7,2,1785268655531898740,1785268655533309460,1410
0x1f2,1,1785268655532061647,1785268655533309460,1247
0x18fd50a7,2,1785268655532325071,1785268655533309460,984
0x18ff28a7,2,1785268655532688124,1785268655533309460,621
0x18ff2895,2,1785268655533852025,1785268655535432841,1580
0xc7f14,2,1785268655534316374,1785268655535432841,1116
0x18fe50a7,2,1785268655537082227,1785268655539353938,2271
0x18ffefa7,2,1785268655542146771,1785268655543433757,1286
0x18ff28d0,2,1785268655543210931,1785268655545434380,2223
0x30c,1,1785268655544074481,1785268655545434380,1359
0x18ffa7ef,2,1785268655544738829,1785268655545434380,695
0x18fe50a7,2,1785268655547403202,1785268655549334014,1930
0x18ff9528,2,1785268655551168309,1785268655553434148,2265
0x18ffefa7,2,1785268655552732411,1785268655553434148,701
0x1f2,1,1785268655552896928,1785268655553434148,537
0x18fd50a7,2,1785268655553161075,1785268655555449993,2288
0x18ff28a7,2,1785268655553524943,1785268655555449993,1925
0x18ff2895,2,1785268655554689047,1785268655555449993,760
0x18fe2895,2,1785268655555053082,1785268655555449993,396
0x18fe50a7,2,1785268655557916898,1785268655559558737,1641
0x18ffe5f4,2,1785268655560882028,1785268655561475805,593
0x18ff28f4,2,1785268655561246619,1785268655563559390,2312
0x18ffefa7,2,1785268655563110904,1785268655563559390,448
0x18ffa7ef,2,1785268655565574592,1785268655567458950,1884
0x18fe50a7,2,1785268655568239632,1785268655569477647,1238
0x18ffeff4,2,1785268655571204188,1785268655573559984,2355
0x18ff9528,2,1785268655572067924,1785268655573559984,1492
0x18ffefa7,2,1785268655573631544,1785268655575560625,1929
0x1f2,1,1785268655573794635,1785268655575560625,1765
0x18fd50a7,2,1785268655574057930,1785268655575560625,1502
0x18ff28a7,2,1785268655574422613,1785268655575560625,1138
0xc7f94,2,1785268655575886938,1785268655577561155,1674
0xc7f14,2,1785268655575896938,1785268655577561155,1664
0x18fe50a7,2,1785268655578761698,1785268655579603222,841
0x18ffefa7,2,1785268655583826853,1785268655585597979,1771
0x18ffa7ef,2,1785268655586291653,1785268655587681842,1390
0x18fe50a7,2,1785268655588955303,1785268655589604298,648
0x18ff9528,2,1785268655592819984,1785268655593608469,788
0x18ffefa7,2,1785268655594284956,1785268655595683462,1398
0x0,0,1785268655594448141,1785268655595683462,1235
0x18fd50a7,2,1785268655594711639,1785268655595683462,971
0x18ff28a7,2,1785268655595074933,1785268655595683462,608
0x18ff2895,2,1785268655595639152,1785268655597683621,2044
0x18fe2895,2,1785268655596002501,1785268655597683621,1681
0x18fe50a7,2,1785268655599466944,1785268655601726607,2259
0x18ffefa7,2,1785268655604531598,1785268655605725260,1193
0x1cff50d4,2,1785268655604995669,1785268655605725260,729
0x18ffa7ef,2,1785268655607059805,1785268655607733104,673
0x18fff5d4,2,1785268655607323044,1785268655607733104,410
0x18fe50a7,2,1785268655609786326,1785268655611703664,1917
0x18ff9528,2,1785268655613551229,1785268655615812335,2261
0x18ffefa7,2,1785268655615115831,1785268655615812335,696
0x0,0,1785268655615279478,1785268655615812335,532
0x18fd50a7,2,1785268655615543347,1785268655617813106,2269
0x18ff28a7,2,1785268655615906955,1785268655617813106,1906
0x18ff2895,2,1785268655617170392,1785268655617813106,642
0x18fe2895,2,1785268655617433928,1785268655617813106,379
0x1801d08f,2,1785268655619498638,1785268655621812740,2314
0x18fe50a7,2,1785268655620363447,1785268655621812740,1449
0x18ffefa7,2,1785268655625428213,1785268655625812744,384
0x18ffa7ef,2,1785268655627893235,1785268655629938100,2044
0x1cffd4f5,2,1785268655629157190,1785268655629938100,780
0x18ff28ef,2,1785268655629167653,1785268655629938100,770
0xc7f8f,2,1785268655630032222,1785268655631938000,1905
0x18fe50a7,2,1785268655630696422,1785268655631938000,1241
0x18ff9528,2,1785268655634761416,1785268655635938394,1176
0x18ffefa7,2,1785268655636026297,1785268655637939331,1913
0x1f2,1,1785268655636190148,1785268655637939331,1749
0x18fd50a7,2,1785268655636454035,1785268655637939331,1485
0x18ff28a7,2,1785268655636817940,1785268655637939331,1121
0x18ff2895,2,1785268655638084840,1785268655639858824,1773
0x18fe2895,2,1785268655638345209,1785268655639858824,1513
0x18fe50a7,2,1785268655641208747,1785268655641848132,639
0x18ffefa7,2,1785268655646273439,1785268655647938777,1665
0x30c,1,1785268655647937836,1785268655650063881,2126
0x18ffa7ef,2,1785268655648801109,1785268655650063881,1262
0x18fe50a7,2,1785268655651465500,1785268655651981726,516
0x18ff9528,2,1785268655655229626,1785268655656064193,834
0xc7ff7,2,1785268655656794098,1785268655658065464,1271
0x1f2,1,1785268655657157762,1785268655658065464,907
0x18fd50a7,2,1785268655657521760,1785268655658065464,543
0x18ff28a7,2,1785268655657531890,1785268655658065464,533
0x18ff2895,2,1785268655658696605,1785268655659986513,1289
0x18fe2895,2,1785268655659060195,1785268655659986513,926
0x18fe50a7,2,1785268655661924159,1785268655664064591,2140
0x18ff28f4,2,1785268655664888678,1785268655666065306,1176
0x10ffd4f4,2,1785268655665253380,1785268655666065306,811
0x18ffefa7,2,1785268655667117980,1785268655668064799,946
0x18ffa7ef,2,1785268655669581298,1785268655670093107,511
0x18fe50a7,2,1785268655672245856,1785268655674099815,1853
0x18ffeff4,2,1785268655675210894,1785268655676189992,979
0x18ff9528,2,1785268655676374646,1785268655678190652,1816
0xc7ff7,2,1785268655677637750,1785268655678190652,552
0x1f2,1,1785268655678001173,1785268655680191367,2190
0x18fd50a7,2,1785268655678365727,1785268655680191367,1825
0x18ff28a7,2,1785268655678375893,1785268655680191367,1815
0x18ff2895,2,1785268655679539701,1785268655680191367,651
0x18fe2895,2,1785268655679904829,1785268655682102527,2197
0xc7f28,2,1785268655682769515,1785268655684190483,1420
0x18ffefa7,2,1785268655687833929,1785268655688190728,356
0x18ffa7ef,2,1785268655690298562,1785268655692217825,1919
0x18fe50a7,2,1785268655692962435,1785268655694236077,1273
0x18ff9528,2,1785268655697127336,1785268655698316692,1189
0x10ffd438,2,1785268655697491945,1785268655698316692,824
0xc7ff7,2,1785268655698357143,1785268655700317667,1960
0x1f2,1,1785268655698720382,1785268655700317667,1597
0x18fd50a7,2,1785268655699084343,1785268655700317667,1233
0x18ff28a7,2,1785268655699094917,1785268655700317667,1222
0x18ff2895,2,1785268655700258835,1785268655702316808,2057
0xc7f14,2,1785268655700722259,1785268655702316808,1594
0xc7f28,2,1785268655703487372,1785268655704316801,829
0x10fff4d4,2,1785268655708051733,1785268655710317335,2265
0xc7ff7,2,1785268655708615137,1785268655710317335,1702
0x10ff38d4,2,1785268655710180331,1785268655712356346,2176
0x18ffa7ef,2,1785268655711144381,1785268655712356346,1211
0x18fff5d4,2,1785268655712309522,1785268655714442487,2132
0x18fe50a7,2,1785268655713873420,1785268655714442487,569
0x18ff9528,2,1785268655717937988,1785268655718442621,504
0x18ffefa7,2,1785268655719202629,1785268655720443799,1241
0x1f2,1,1785268655719566034,1785268655720443799,877
0x18fd50a7,2,1785268655719930032,1785268655720443799,513
0x18ff28a7,2,1785268655719940161,1785268655720443799,503
0x18ff2895,2,1785268655721104599,1785268655722450959,1346
0x18fe2895,2,1785268655721468115,1785268655722450959,982
0x1801d08f,2,1785268655723533565,1785268655724356359,822
0xc7f28,2,1785268655724397005,1785268655726443852,2046
0xc7ff7,2,1785268655729461937,1785268655730443245,981
0x18ffa7ef,2,1785268655731826775,1785268655732482164,655
0xe7fea,2,1785268655733490487,1785268655734470861,980
0x18fe50a7,2,1785268655734655220,1785268655736486557,1831
0x18ff9528,2,1785268655738619900,1785268655740569469,1949
0x18ffefa7,2,1785268655739983003,1785268655740569469,586
0x1f2,1,1785268655740346408,1785268655742570166,2223
0x18fd50a7,2,1785268655740709369,1785268655742570166,1860
0x18ff28a7,2,1785268655740719425,1785268655742570166,1850
0x18ff2895,2,1785268655741882825,1785268655742570166,687
0x18fe2895,2,1785268655742247545,1785268655744492640,2245
0xc7f28,2,1785268655745112231,1785268655746569948,1457
0xc7ff7,2,1785268655750177386,1785268655750570212,392
0x18ff28d0,2,1785268655751642470,1785268655752691686,1049
0x30c,1,1785268655752006338,1785268655752691686,685
0x18ffa7ef,2,1785268655752670519,1785268655754596105,1925
0x18fe50a7,2,1785268655755435299,1785268655756612246,1176
0x18ff9528,2,1785268655759400016,1785268655760692213,1292
0x18ffefa7,2,1785268655760764563,1785268655762692743,1928
0x1f2,1,1785268655761128394,1785268655762692743,1564
0x18fd50a7,2,1785268655761492466,1785268655762692743,1200
0x18ff28a7,2,1785268655761502929,1785268655762692743,1189
0x18ff2895,2,1785268655762669237,1785268655764691810,2022
0xc7f14,2,1785268655763131734,1785268655764691810,1560
0x18fe50a7,2,1785268655765895643,1785268655766692655,797
0x18ffe5f4,2,1785268655769160679,1785268655770820751,1660
0x18ff28f4,2,1785268655769171049,1785268655770820751,1649
0x18ffefa7,2,1785268655771035686,1785268655772738263,1702
0x18ffa7ef,2,1785268655773400227,1785268655774723756,1323
0x18fe50a7,2,1785268655776165081,1785268655776706397,541
0x18ffeff4,2,1785268655779170007,1785268655780739253,1569
0x18ff9528,2,1785268655780264297,1785268655780739253,474
0x18ffefa7,2,1785268655781318680,1785268655782823172,1504
0x1f2,1,1785268655781962639,1785268655782823172,860
0x18fd50a7,2,1785268655782307526,1785268655782823172,515
0x18ff28a7,2,1785268655782390544,1785268655782823172,432
0x18ff2895,2,1785268655783794813,1785268655784822739,1027
0x18fe2895,2,1785268655783907997,1785268655784822739,914
0x18fe50a7,2,1785268655786722684,1785268655788821651,2098
0x18ffefa7,2,1785268655791767061,1785268655792857877,1090
0x18ffa7ef,2,1785268655794211657,1785268655794847926,636
0x18fe50a7,2,1785268655796916049,1785268655798852912,1936
0x18ff9528,2,1785268655800950283,1785268655802946897,1996
0x18ffefa7,2,1785268655802315405,1785268655802946897,631
0x1f2,1,1785268655802669995,1785268655804949520,2279
0x18fd50a7,2,1785268655803013752,1785268655804949520,1935
0x18ff28a7,2,1785268655803097585,1785268655804949520,1851
0x18ff2895,2,1785268655804231893,1785268655804949520,717
0xc7f14,2,1785268655804686539,1785268655806854976,2168
0x18fe50a7,2,1785268655807431300,1785268655808946913,1515
0x18ffefa7,2,1785268655812475936,1785268655812949158,473
0x18fff5d4,2,1785268655812970692,1785268655814982262,2011
0xc7fd3,2,1785268655815065069,1785268655817072699,2007
0x18fe50a7,2,1785268655817689090,1785268655818988433,1299
0x18ff9528,2,1785268655821744065,1785268655822992864,1248
0x18ffefa7,2,1785268655822799226,1785268655825080338,2281
0x1f2,1,1785268655823442574,1785268655825080338,1637
0x18fd50a7,2,1785268655823785979,1785268655825080338,1294
0x18ff28a7,2,1785268655823869423,1785268655825080338,1210
0x18ff2895,2,1785268655825003657,1785268655827074238,2070
0xc7f14,2,1785268655825456932,1785268655827074238,1617
0x1801d08f,2,1785268655827472698,1785268655829074287,1601
0x18fe50a7,2,1785268655828267156,1785268655829074287,807
0x18ffefa7,2,1785268655833311644,1785268655835106803,1795
0x18ffa7ef,2,1785268655835855999,1785268655837199073,1343
0x18ff28ef,2,1785268655836820067,1785268655839200047,2379
0x18ff1eef,2,1785268655838174114,1785268655839200047,1025
0x1cffd4f5,2,1785268655838257188,1785268655839200047,942
0x18fe50a7,2,1785268655838650834,1785268655839200047,549
0x18ffd0ef,2,1785268655839074405,1785268655841122670,2048
0x18ff95ef,2,1785268655840137695,1785268655841122670,984
0x87f9c,2,1785268655841281244,1785268655843199459,1918
0x18ff38ef,2,1785268655842265516,1785268655843199459,933
0x18ff9528,2,1785268655843019844,1785268655845200619,2180
0x18fe38ef,2,1785268655843393601,1785268655845200619,1807
0x18ffefa7,2,1785268655844097523,1785268655845200619,1103
0x1f2,1,1785268655844441891,1785268655845200619,758
0xc7ea8,2,1785268655844866389,1785268655847213482,2347
0x18ff28a7,2,1785268655845420256,1785268655847213482,1793
0x1cfe50ef,2,1785268655845503996,1785268655847213482,1709
0x18ff2895,2,1785268655846588638,1785268655847213482,624
0xc7f14,2,1785268655846731989,1785268655847213482,481
0x18fff4ef,2,1785268655847026542,1785268655849199716,2173
0x18fe50a7,2,1785268655849610120,1785268655851246746,1636
0x18ffefa7,2,1785268655854655478,1785268655855325009,669
0x30c,1,1785268655856399560,1785268655857241132,841
0x18ffa7ef,2,1785268655857163537,1785268655859230718,2067
0x18fe50a7,2,1785268655859868595,1785268655861247599,1379
0x18ff9528,2,1785268655863933848,1785268655865325289,1391
0x18ffefa7,2,1785268655864997804,1785268655867331059,2333
0x1f2,1,1785268655865621282,1785268655867331059,1709
0x18fd50a7,2,1785268655865964891,1785268655867331059,1366
0xc7f94,2,1785268655866101668,1785268655867331059,1229
0x18ff2895,2,1785268655867196476,1785268655869326089,2129
0x18fe2895,2,1785268655867560270,1785268655869326089,1765
0x18fe50a7,2,1785268655870374957,1785268655871354175,979
0x18ff28f4,2,1785268655873386976,1785268655875451660,2064
0x18fe28f4,2,1785268655873738344,1785268655875451660,1713
0x18ffefa7,2,1785268655875547759,1785268655877367524,1819
0x18ffa7ef,2,1785268655877996522,1785268655879356702,1360
0x18fe50a7,2,1785268655880701062,1785268655881373288,672
0x1cff50f4,2,1785268655883709988,1785268655885452070,1742
0x18ffeff4,2,1785268655884062263,1785268655885452070,1389
0x18ff9528,2,1785268655885006628,1785268655885452070,445
0x18ffefa7,2,1785268655885951530,1785268655887467155,1515
0x1f2,1,1785268655886575674,1785268655887467155,891
0x18fd50a7,2,1785268655886926987,1785268655887467155,540
0xc7f94,2,1785268655887070838,1785268655887467155,396
0x18ff2895,2,1785268655888111350,1785268655889578574,1467
0x18fe2895,2,1785268655888462478,1785268655889578574,1116
0x18fe50a7,2,1785268655891343868,1785268655893479115,2135
0x18ff38f4,2,1785268655894335035,1785268655895497830,1162
0x18ffefa7,2,1785268655896448448,1785268655897485046,1036
0x18ffa7ef,2,1785268655898892674,1785268655899472761,580
0x18fe50a7,2,1785268655901596547,1785268655903478988,1882
0x18ff9528,2,1785268655905780966,1785268655907578751,1797
0x10ffd438,2,1785268655906125575,1785268655907578751,1453
0x18ffefa7,2,1785268655906788941,1785268655907578751,789
0x1f2,1,1785268655907412623,1785268655909593836,2181
0x18fd50a7,2,1785268655907755546,1785268655909593836,1838
0xc7f94,2,1785268655907898934,1785268655909593836,1694
0xc7f94,2,1785268655909052279,1785268655909593836,541
0x18fe2895,2,1785268655909356055,1785268655911611681,2255
0x18fe50a7,2,1785268655912170742,1785268655913602896,1432
0x10ff38d4,2,1785268655916606530,1785268655917607123,1000
0x18ffefa7,2,1785268655917310267,1785268655919700264,2389
0x18fff5d4,2,1785268655918704240,1785268655919700264,996
0x18ffa7ef,2,1785268655919787992,1785268655921605238,1817
0xc7f28,2,1785268655922572531,1785268655923621768,1049
0x18ff9528,2,1785268655926607173,1785268655927700421,1093
0x18ffefa7,2,1785268655927620778,1785268655929701821,2081
0x1f2,1,1785268655928243978,1785268655929701821,1457
0x18fd50a7,2,1785268655928588032,1785268655929701821,1113
0xc7f94,2,1785268655928731290,1785268655929701821,970
0x18ff2895,2,1785268655929805043,1785268655931740666,1935
0x18fe2895,2,1785268655930189781,1785268655931740666,1550
0x1801d08f,2,1785268655932274028,1785268655933748862,1474
0x18fe50a7,2,1785268655933068320,1785268655933748862,680
0x18ffefa7,2,1785268655938132659,1785268655939743063,1610
0x18ffa7ef,2,1785268655940556774,1785268655941732316,1175
0x18fe50a7,2,1785268655943261129,1785268655943715624,454
0x1cffd4f5,2,1785268655943614478,1785268655945736894,2122
0x18ff9528,2,1785268655947508714,1785268655949831361,2322
0x18ffefa7,2,1785268655948452894,1785268655949831361,1378
0x1f2,1,1785268655949076612,1785268655949831361,754
0xc7ea8,2,1785268655949420591,1785268655949831361,410
0x18ff28a7,2,1785268655949504683,1785268655951830725,2326
0x18ff2895,2,1785268655950658973,1785268655951830725,1171
0x18fe2895,2,1785268655951022545,1785268655951830725,808
0x18fe50a7,2,1785268655953837028,1785268655955863340,2026
0x18ffefa7,2,1785268655958902293,1785268655959867696,965
0x30c,1,1785268655960836115,1785268655961956596,1120
0x18ff28d0,2,1785268655960909504,1785268655961956596,1047
0x18ffa7ef,2,1785268655961453093,1785268655961956596,503
0xc7f28,2,1785268655964238354,1785268655965872027,1633
0x18ff9528,2,1785268655968303218,1785268655969956568,1653
0x18ffefa7,2,1785268655969286749,1785268655969956568,669
0x1f2,1,1785268655969910579,1785268655971957450,2046
0x18fd50a7,2,1785268655970255373,1785268655971957450,1702
0xc7f94,2,1785268655970399817,1785268655971957450,1557
0x18ff2895,2,1785268655971504014,1785268655971957450,453
0x18fe2895,2,1785268655971858326,1785268655973956313,2097
0x18fe50a7,2,1785268655974672587,1785268655975978862,1306
0x18ffe5f4,2,1785268655977667328,1785268655980082366,2415
0x18ff28f4,2,1785268655978040659,1785268655980082366,2041
0x10ffd4f4,2,1785268655978405454,1785268655980082366,1676
0x18ffefa7,2,1785268655979931000,1785268655981981211,2050
0x18ffa7ef,2,1785268655982354967,1785268655983999315,1644
0x18fe50a7,2,1785268655985058469,1785268655985990141,931
0x18ffeff4,2,1785268655988143098,1785268655990083034,1939
0x18ff9528,2,1785268655989207777,1785268655990083034,875
0x18ffefa7,2,1785268655990572547,1785268655992089490,1516
0x1f2,1,1785268655990583176,1785268655992089490,1506
0x18fd50a7,2,1785268655990946582,1785268655992089490,1142
0x18ff28a7,2,1785268655991210302,1785268655992089490,879
0x18ff2895,2,1785268655992473906,1785268655994125798,1651
0x18fe2895,2,1785268655992737163,1785268655994125798,1388
0x18fe50a7,2,1785268655995604313,1785268655996113569,509
0x18ffefa7,2,1785268656000669208,1785268656002107455,1438
0x18ffa7ef,2,1785268656003034268,1785268656004123670,1089
0x18fe50a7,2,1785268656005798881,1785268656006111515,312
0x18ff9528,2,1785268656010063151,1785268656012209938,2146
0x18ffefa7,2,1785268656010927905,1785268656012209938,1282
0x1f2,1,1785268656011292200,1785268656012209938,917
0xc7ea8,2,1785268656011656197,1785268656012209938,553
0x18ff28a7,2,1785268656011920344,1785268656014209153,2288
0x18ff2895,2,1785268656013184318,1785268656014209153,1024
0x18fe2895,2,1785268656013448872,1785268656014209153,760
0x18fe50a7,2,1785268656016313373,1785268656018209268,1895
0x18ffefa7,2,1785268656021678118,1785268656022334606,656
0x10fff4d4,2,1785268656021688507,1785268656022334606,646
0x18fff5d4,2,1785268656023952845,1785268656026334721,2381
0x18ffa7ef,2,1785268656024115956,1785268656026334721,2218
0x18fe50a7,2,1785268656026581200,1785268656028233918,1652
0x18ff9528,2,1785268656030845359,1785268656032335145,1489
0x18ffefa7,2,1785268656031708262,1785268656032335145,626
0x1f2,1,1785268656032272091,1785268656034336045,2063
0xc7ea8,2,1785268656032635404,1785268656034336045,1700
0x18ff28a7,2,1785268656032645663,1785268656034336045,1690
0x18ff2895,2,1785268656033809360,1785268656034336045,526
0x18fe2895,2,1785268656034173673,1785268656036334649,2160
0x1801d08f,2,1785268656036237531,1785268656038335105,2097
0x18fe50a7,2,1785268656037100507,1785268656038335105,1234
0x18ffefa7,2,1785268656042166069,1785268656044459954,2293
0x18ffa7ef,2,1785268656044629850,1785268656046460947,1831
0x18ff28ef,2,1785268656045593067,1785268656046460947,867
0xc7f8f,2,1785268656046758245,1785268656048460625,1702
0x18fe50a7,2,1785268656047422037,1785268656048460625,1038
0x1cffd4f5,2,1785268656048086552,1785268656050360081,2273
0x18ff9528,2,1785268656051650530,1785268656052376574,726
0xc7ff7,2,1785268656052914022,1785268656054462215,1548
0x1f2,1,1785268656053277076,1785268656054462215,1185
0x18fd50a7,2,1785268656053540278,1785268656054462215,921
0x18ff28a7,2,1785268656053703351,1785268656054462215,758
0x18ff2895,2,1785268656054768289,1785268656056461134,1692
0x18fe2895,2,1785268656055132565,1785268656056461134,1328
0x18fe50a7,2,1785268656057996862,1785268656058460775,463
0x18ffefa7,2,1785268656063061221,1785268656064500050,1438
0x30c,1,1785268656064725933,1785268656066509395,1783
0x18ffa7ef,2,1785268656065489817,1785268656066509395,1019
0x18fe50a7,2,1785268656068254485,1785268656070484158,2229
0x18ff9528,2,1785268656072521682,1785268656074587736,2066
0x18ffefa7,2,1785268656073686027,1785268656074587736,901
0x1f2,1,1785268656073696545,1785268656074587736,891
0x18fd50a7,2,1785268656074060895,1785268656074587736,526
0x18ff28a7,2,1785268656074325597,1785268656076587841,2262
0x18ff2895,2,1785268656075488849,1785268656076587841,1098
0x18fe2895,2,1785268656075852366,1785268656076587841,735
0x18fe50a7,2,1785268656078717737,1785268656080586901,1869
0x18ffefa7,2,1785268656083791281,1785268656084587405,796
0x18ffa7ef,2,1785268656086157803,1785268656086630490,472
0x18ff28f4,2,1785268656087822645,1785268656088620113,797
0x18fe50a7,2,1785268656088986805,1785268656090708957,1722
0x18ff9528,2,1785268656093353353,1785268656094614481,1261
0x18ffefa7,2,1785268656094418587,1785268656096711066,2292
0x0,0,1785268656094428754,1785268656096711066,2282
0x18fd50a7,2,1785268656094792733,1785268656096711066,1918
0x18ff28a7,2,1785268656095056639,1785268656096711066,1654
0x18ff2895,2,1785268656096220502,1785268656096711066,490
0xc7f14,2,1785268656096684444,1785268656098709614,2025
0x18ffeff4,2,1785268656098449100,1785268656100710311,2261
0x18fe50a7,2,1785268656099512260,1785268656100710311,1198
0x18ffefa7,2,1785268656104577563,1785268656106709994,2132
0x18ffa7ef,2,1785268656106942937,1785268656108745764,1802
0x18fe50a7,2,1785268656109706680,1785268656110728813,1022
0x18ff9528,2,1785268656114271430,1785268656114758391,486
0x10ffd438,2,1785268656114281782,1785268656114758391,476
0x18ffefa7,2,1785268656115146091,1785268656116840143,1694
0x0,0,1785268656115156332,1785268656116840143,1683
0x18fd50a7,2,1785268656115519886,1785268656116840143,1320
0x18ff28a7,2,1785268656115783791,1785268656116840143,1056
0x18ff2895,2,1785268656116948081,1785268656118756766,1808
0x18fe2895,2,1785268656117311319,1785268656118756766,1445
0x18fe50a7,2,1785268656120176580,1785268656120744426,567
0x1cff50d4,2,1785268656124541516,1785268656126839775,2298
0x18ffefa7,2,1785268656125304882,1785268656126839775,1534
0x10ff38d4,2,1785268656126570171,1785268656128840897,2270
0x18ffa7ef,2,1785268656127734830,1785268656128840897,1106
0x18fff5d4,2,1785268656128699565,1785268656130868575,2169
0x18fe50a7,2,1785268656130564073,1785268656132885161,2321
0x18ff9528,2,1785268656134828676,1785268656136966035,2137
0x18ffefa7,2,1785268656135992595,1785268656136966035,973
0x0,0,1785268656136002892,1785268656136966035,963
0x18fd50a7,2,1785268656136366982,1785268656136966035,599
0x18ff28a7,2,1785268656136631184,1785268656138965861,2334
0x18ff2895,2,1785268656137794733,1785268656138965861,1171
0xc7f14,2,1785268656138259285,1785268656138965861,706
0x1801d08f,2,1785268656140223144,1785268656140878077,654
0xc7f28,2,1785268656141186712,1785268656142867163,1680
0x18ffefa7,2,1785268656146151516,1785268656146965981,814
0x18ffa7ef,2,1785268656148615371,1785268656148966604,351
0x18ffd0ef,2,1785268656149579495,1785268656151010949,1431
0x18ff95ef,2,1785268656150644118,1785268656151010949,366
0xc7f28,2,1785268656151508909,1785268656153091256,1582
0x10ff38ef,2,1785268656151772667,1785268656153091256,1318
0x1cffd4f5,2,1785268656152737217,1785268656155007212,2269
0x18ff9528,2,1785268656155802587,1785268656156997502,1194
0x18ffefa7,2,1785268656156966024,1785268656159092087,2126
0x1f2,1,1785268656156976024,1785268656159092087,2116
0x18fd50a7,2,1785268656157339337,1785268656159092087,1752
0x18ff28a7,2,1785268656157602761,1785268656159092087,1489
0x18ff2895,2,1785268656159067771,1785268656161092524,2024
0xc7f14,2,1785268656159077956,1785268656161092524,2014
0xc7f28,2,1785268656162042512,1785268656163009573,967
0x18ffefa7,2,1785268656167006686,1785268656169137163,2130
0x30c,1,1785268656168670954,1785268656169137163,466
0x18ff28d0,2,1785268656169335209,1785268656171216933,1881
0x18ffa7ef,2,1785268656169698855,1785268656171216933,1518
0x18fe50a7,2,1785268656172263580,1785268656173136093,872
0x18ff9528,2,1785268656176728016,1785268656177113264,385
0x18ffefa7,2,1785268656177692029,1785268656179218146,1526
0x1f2,1,1785268656178056045,1785268656179218146,1162
0x18fd50a7,2,1785268656178420858,1785268656179218146,797
0x18ff28a7,2,1785268656178431191,1785268656179218146,786
0x18ff2895,2,1785268656179495351,1785268656181136972,1641
0x18fe2895,2,1785268656179858627,1785268656181136972,1278
0x18fe50a7,2,1785268656182723610,1785268656183217446,493
0x18ffefa7,2,1785268656187800190,1785268656189235499,1435
0x18ffa7ef,2,1785268656190164750,1785268656191252474,1087
0x18ffe5f4,2,1785268656191839795,1785268656193262763,1422
0x18ff28f4,2,1785268656192203886,1785268656193262763,1058
0xc7f28,2,1785268656193169010,1785268656195248867,2079
0x18ffefa7,2,1785268656198433367,1785268656199344093,910
0x1f2,1,1785268656198443330,1785268656199344093,900
0x18fd50a7,2,1785268656198807698,1785268656199344093,536
0x18ff28a7,2,1785268656199071955,1785268656201345475,2273
0x18ff9528,2,1785268656199435472,1785268656201345475,1910
0x18ff2895,2,1785268656200299763,1785268656201345475,1045
0x18fe2895,2,1785268656200663872,1785268656201345475,681
0x18ffeff4,2,1785268656202529953,1785268656203384468,854
0x18fe50a7,2,1785268656203593484,1785268656205375016,1781
0x18ffefa7,2,1785268656208659324,1785268656209381650,722
0x18ffa7ef,2,1785268656211024309,1785268656211368773,344
0x18fe50a7,2,1785268656213788015,1785268656215374963,1586
0x18ffefa7,2,1785268656219153168,1785268656221477237,2324
0x1f2,1,1785268656219163464,1785268656221477237,2313
0x18fd50a7,2,1785268656219526962,1785268656221477237,1950
0x18ff28a7,2,1785268656219790386,1785268656221477237,1686
0x18ff9528,2,1785268656220153402,1785268656221477237,1323
0x18ff2895,2,1785268656221125026,1785268656223470138,2345
0x18fe2895,2,1785268656221380617,1785268656223470138,2089
0x18fe50a7,2,1785268656224246026,1785268656225500445,1254
0x18ffefa7,2,1785268656229610882,1785268656231514091,1903
0x18fff5d4,2,1785268656229620993,1785268656231514091,1893
0xc7fd3,2,1785268656231785666,1785268656233502010,1716
0x18fe50a7,2,1785268656234450798,1785268656235490910,1040
0x18ffefa7,2,1785268656239816747,1785268656241599704,1782
0x1f2,1,1785268656239826784,1785268656241599704,1772
0x18fd50a7,2,1785268656240190244,1785268656241599704,1409
0x18ff28a7,2,1785268656240453632,1785268656241599704,1146
0x18ff9528,2,1785268656240817370,1785268656241599704,782
0x18ff2895,2,1785268656241981548,1785268656243596530,1614
0x18fe2895,2,1785268656241991752,1785268656243596530,1604
0x1801d08f,2,1785268656244056129,1785268656245597115,1540
0xc7f28,2,1785268656245019178,1785268656245597115,577
0xc7ff7,2,1785268656249984167,1785268656251597576,1613
0xc7fd3,2,1785268656252549522,1785268656253616920,1067
0x18ff28ef,2,1785268656253413054,1785268656255718913,2305
0x18ff1eef,2,1785268656254477621,1785268656255718913,1241
0x18fe50a7,2,1785268656255241987,1785268656255718913,476
0xe7fea,2,1785268656257106994,1785268656257634647,527
0x18ffefa7,2,1785268656260671473,1785268656261719707,1048
0x1f2,1,1785268656261034656,1785268656261719707,685
0x18fd50a7,2,1785268656261298080,1785268656261719707,421
0x18ff28a7,2,1785268656261461727,1785268656263719959,2258
0x18ff9528,2,1785268656261725207,1785268656263719959,1994
0x18ff2895,2,1785268656262589628,1785268656263719959,1130
0x18fe2895,2,1785268656262954255,1785268656263719959,765
0x18fe50a7,2,1785268656265819275,1785268656267642853,1823
0x18ffefa7,2,1785268656270884078,1785268656271718801,834
0x30c,1,1785268656272548401,1785268656273771664,1223
0x18ffa7ef,2,1785268656273312452,1785268656273771664,459
0x18fe50a7,2,1785268656276076861,1785268656277741780,1664
0x18ffefa7,2,1785268656281441496,1785268656283850795,2409
0x1f2,1,1785268656281805549,1785268656283850795,2045
0x18fd50a7,2,1785268656282069399,1785268656283850795,1781
0x18ff28a7,2,1785268656282233509,1785268656283850795,1617
0x18ff9528,2,1785268656282497045,1785268656283850795,1353
0x18ff2895,2,1785268656283460854,1785268656285768215,2307
0x18fe2895,2,1785268656283724130,1785268656285768215,2044
0x18fe50a7,2,1785268656286588242,1785268656287755226,1166
0xc7ff7,2,1785268656291652582,1785268656293745279,2092
0x18ffa7ef,2,1785268656294017309,1785268656295768124,1750
0x18ff28f4,2,1785268656295982723,1785268656297852839,1870
0x10ffd4f4,2,1785268656295992297,1785268656297852839,1860
0x18fe50a7,2,1785268656296855847,1785268656297852839,996
0xc7ff7,2,1785268656302220778,1785268656303975687,1754
0x1f2,1,1785268656302584386,1785268656303975687,1391
0x18fd50a7,2,1785268656302848348,1785268656303975687,1127
0x18ff28a7,2,1785268656303012291,1785268656303975687,963
0x18ff2895,2,1785268656303576973,1785268656305974995,2398
0x18fe2895,2,1785268656303940823,1785268656305974995,2034
0x18ffeff4,2,1785268656306305475,1785268656307891174,1585
0x18fe50a7,2,1785268656307368821,1785268656307891174,522
0xc7ff7,2,1785268656312433957,1785268656313882838,1448
0x18ffa7ef,2,1785268656314798498,1785268656315872238,1073
0x18fe50a7,2,1785268656317562074,1785268656317886213,324
0x10ffd438,2,1785268656322127120,1785268656323976432,1849
0xc7ff7,2,1785268656322990671,1785268656323976432,985
0x1f2,1,1785268656323354187,1785268656323976432,622
0x18fd50a7,2,1785268656323618334,1785268656323976432,358
0x18ff28a7,2,1785268656323781870,1785268656326102054,2320
0x18ff9528,2,1785268656324045276,1785268656326102054,2056
0xc7f94,2,1785268656325208972,1785268656326102054,893
0x18fe2895,2,1785268656325372360,1785268656326102054,729
0x18fe50a7,2,1785268656328137603,1785268656330018892,1881
0x18ffefa7,2,1785268656333502922,1785268656334017396,514
0x10fff4d4,2,1785268656333513089,1785268656334017396,504
0x10ff38d4,2,1785268656335777557,1785268656338101734,2324
0xc7fd3,2,1785268656335940667,1785268656338101734,2161
0x18fff5d4,2,1785268656337604416,1785268656338101734,497
0x18fe50a7,2,1785268656338469466,1785268656339990561,1521
0xc7ff7,2,1785268656343833989,1785268656346234168,2400
0x1f2,1,1785268656344197265,1785268656346234168,2036
0x18fd50a7,2,1785268656344460708,1785268656346234168,1773
0x18ff28a7,2,1785268656344624411,1785268656346234168,1609
0x18ff9528,2,1785268656345188000,1785268656346234168,1046
0x18ff2895,2,1785268656345198407,1785268656346234168,1035
0x18fe2895,2,1785268656345561998,1785268656346234168,672
0x1801d08f,2,1785268656348126315,1785268656350102710,1976
0xc7f28,2,1785268656349090310,1785268656350102710,1012
0x18ffefa7,2,1785268656354056428,1785268656356145485,2089
0x18ffa7ef,2,1785268656356521228,1785268656358227311,1706
0x18ff38ef,2,1785268656357484666,1785268656358227311,742
0x18fe38ef,2,1785268656358549734,1785268656360227989,1678
0x18fe50a7,2,1785268656359313766,1785268656360227989,914
0x1cfe50ef,2,1785268656359677894,1785268656360227989,550
0x18fff4ef,2,1785268656360742850,1785268656362228149,1485
0x1cffd4f5,2,1785268656361806585,1785268656362228149,421
0x18ffefa7,2,1785268656364571346,1785268656366228857,1657
0x1f2,1,1785268656365234638,1785268656366228857,994
0x18fd50a7,2,1785268656365498285,1785268656366228857,730
0x18ff28a7,2,1785268656365662061,1785268656366228857,566
0x18ff9528,2,1785268656365925671,1785268656368228869,2303
0x18ff2895,2,1785268656366890239,1785268656368228869,1338
0x18fe2895,2,1785268656367254848,1785268656368228869,974
0x18fe50a7,2,1785268656370019017,1785268656372228040,2209
0x18ffefa7,2,1785268656375083579,1785268656376258951,1175
0x30c,1,1785268656376747995,1785268656378354074,1606
0x18ffa7ef,2,1785268656377811840,1785268656378354074,542
0x18ff28d0,2,1785268656377821747,1785268656378354074,532
0x18fe50a7,2,1785268656380285825,1785268656382263412,1977
0x18ffefa7,2,1785268656385350369,1785268656386267509,917
0x1f2,1,1785268656386014809,1785268656388355224,2340
0x18fd50a7,2,1785268656386278715,1785268656388355224,2076
0x18ff28a7,2,1785268656386642509,1785268656388355224,1712
0x18ff9528,2,1785268656386652768,1785268656388355224,1702
0x18ff2895,2,1785268656387616466,1785268656388355224,738
0x18fe2895,2,1785268656387986668,1785268656390265846,2279
0x18fe50a7,2,1785268656390744169,1785268656392354080,1609
0x18ffefa7,2,1785268656395809361,1785268656396354640,545
0x18ffa7ef,2,1785268656398174032,1785268656400399348,2225
0x18ffe5f4,2,1785268656399837577,1785268656400399348,561
0x18ff28f4,2,1785268656400201353,1785268656402481896,2280
0x18fe28f4,2,1785268656400564277,1785268656402481896,1917
0x10ffd4f4,2,1785268656400927275,1785268656402481896,1554
0x18fe50a7,2,1785268656400988552,1785268656402481896,1493
0x18ffd0f4,2,1785268656403956608,1785268656404377408,420
0x1cff50f4,2,1785268656404321569,1785268656406480604,2159
0x18ffeff4,2,1785268656404685437,1785268656406480604,1795
0x18ff9528,2,1785268656405549543,1785268656406480604,931
0x18ffefa7,2,1785268656406614500,1785268656408481319,1866
0x1f2,1,1785268656406978108,1785268656408481319,1503
0x18fd50a7,2,1785268656407241329,1785268656408481319,1239
0x18ff28a7,2,1785268656407404550,1785268656408481319,1076
0x18ff2895,2,1785268656407867955,1785268656408481319,613
0x18fe2895,2,1785268656408231564,1785268656410400646,2169
0x18fe50a7,2,1785268656411696839,1785268656412480250,783
0x18ff38f4,2,1785268656414676840,1785268656416509143,1832
0x18ffefa7,2,1785268656416845919,1785268656418527580,1681
0xc7fd3,2,1785268656419313423,1785268656420515277,1201
0x18fe50a7,2,1785268656421978629,1785268656422502899,524
0x18ff9528,2,1785268656425643644,1785268656426509441,865
0x18ffefa7,2,1785268656427109468,1785268656428607193,1497
0x1f2,1,1785268656427774557,1785268656428607193,832
0x18fd50a7,2,1785268656428038685,1785268656428607193,568
0x18ff28a7,2,1785268656428202777,1785268656428607193,404
0x18ff2895,2,1785268656428667163,1785268656430606315,1939
0x18fe2895,2,1785268656429030624,1785268656430606315,1575
0x18fe50a7,2,1785268656432495992,1785268656434625690,2129
0x18ffefa7,2,1785268656437560998,1785268656438652083,1091
0x10fff4d4,2,1785268656438125587,1785268656438652083,526
0xc7fd3,2,1785268656440289556,1785268656440641502,351
0x18fff5d4,2,1785268656440453351,1785268656442629236,2175
0x18fe50a7,2,1785268656442818522,1785268656444647433,1828
0x18ff9528,2,1785268656446484055,1785268656448729029,2244
0x18ffefa7,2,1785268656447948028,1785268656448729029,781
0x1f2,1,1785268656448612283,1785268656450730096,2117
0x18fd50a7,2,1785268656448875782,1785268656450730096,1854
0x18ff28a7,2,1785268656449039392,1785268656450730096,1690
0x18ff2895,2,1785268656450101737,1785268656450730096,628
0xc7f14,2,1785268656450566901,1785268656452728941,2162
0xc00e8,2,1785268656452631463,1785268656454773397,2141
0x18fe50a7,2,1785268656453395328,1785268656454773397,1378
0x18ffefa7,2,1785268656458460057,1785268656460766376,2306
0x1cffd4f5,2,1785268656460924357,1785268656462859165,1934
0x18ffa7ef,2,1785268656461288151,1785268656462859165,1571
0x1cfed4f5,2,1785268656461298559,1785268656462859165,1560
0xc7f94,2,1785268656462062776,1785268656462859165,796
0x18ff1eef,2,1785268656463127807,1785268656464762269,1634
0xc7f28,2,1785268656463790914,1785268656464762269,971
0x18ff9528,2,1785268656467456077,1785268656468767607,1311
0x18ffefa7,2,1785268656468920661,1785268656470859729,1939
0x1f2,1,1785268656469484750,1785268656470859729,1374
0xc7ea8,2,1785268656469849044,1785268656470859729,1010
0x18ff28a7,2,1785268656469859414,1785268656470859729,1000
0x18ff2895,2,1785268656471024796,1785268656472859074,1834
0x18fe2895,2,1785268656471387868,1785268656472859074,1471
0x18fe50a7,2,1785268656474252906,1785268656474858548,605
0x18ffefa7,2,1785268656479317672,1785268656480892323,1574
0x30c,1,1785268656480981958,1785268656482898316,1916
0x18ffa7ef,2,1785268656481845046,1785268656482898316,1053
0xc7f28,2,1785268656484510307,1785268656484888087,377
0x18ff9528,2,1785268656488274729,1785268656488892406,617
0x18ffefa7,2,1785268656489838849,1785268656490985103,1146
0x0,0,1785268656490002459,1785268656490985103,982
0x18fd50a7,2,1785268656490267310,1785268656490985103,717
0x18ff28a7,2,1785268656490631641,1785268656492985929,2354
0x18ff2895,2,1785268656492095521,1785268656492985929,890
0x18fe2895,2,1785268656492106317,1785268656492985929,879
0x18fe50a7,2,1785268656494971170,1785268656496985137,2013
0x18ff28f4,2,1785268656497935004,1785268656498984797,1049
0x18ffefa7,2,1785268656500100324,1785268656501014049,913
0x18ffa7ef,2,1785268656502565198,1785268656503004171,438
0xc7f28,2,1785268656505229164,1785268656507007787,1778
0x18ffeff4,2,1785268656508196516,1785268656508996576,800
0x18ff9528,2,1785268656508961419,1785268656511111254,2149
0x18ffefa7,2,1785268656510425762,1785268656511111254,685
0x1f2,1,1785268656510689001,1785268656511111254,422
0xc7ea8,2,1785268656511152758,1785268656513112599,1959
0x18ff28a7,2,1785268656511417052,1785268656513112599,1695
0x18ff2895,2,1785268656511980882,1785268656513112599,1131
0x18fe2895,2,1785268656512344528,1785268656513112599,768
0x18fe50a7,2,1785268656515809378,1785268656517111474,1302
0x18ffefa7,2,1785268656520874403,1785268656523156415,2282
0x18ffa7ef,2,1785268656523339147,1785268656525144945,1805
0x18fe50a7,2,1785268656526003724,1785268656527131864,1128
0x18ff9528,2,1785268656529667720,1785268656531157313,1489
0x10ffd438,2,1785268656530031459,1785268656531157313,1125
0x18ffefa7,2,1785268656531197063,1785268656533240083,2043
0x1f2,1,1785268656531761189,1785268656533240083,1478
0xc7ea8,2,1785268656531925392,1785268656533240083,1314
0x18ff28a7,2,1785268656532189334,1785268656533240083,1050
0xc7f94,2,1785268656532753850,1785268656533240083,486
0xc7f14,2,1785268656533118070,1785268656535154910,2036
0x18fe50a7,2,1785268656536582493,1785268656537236995,654
0x10ff38d4,2,1785268656541448186,1785268656543270141,1821
0x18ffefa7,2,1785268656541712370,1785268656543270141,1557
0x18fff5d4,2,1785268656543377841,1785268656545279819,1901
0x18ffa7ef,2,1785268656544241243,1785268656545279819,1038
0x18fe50a7,2,1785268656546907135,1785268656547265960,358
0x18ff9528,2,1785268656550672519,1785268656551272816,600
0x18ffefa7,2,1785268656552236399,1785268656553363679,1127
0x0,0,1785268656552399787,1785268656553363679,963
0x18fd50a7,2,1785268656552663989,1785268656553363679,699
0x18ff28a7,2,1785268656553027635,1785268656555363413,2335
0x18ff2895,2,1785268656554492478,1785268656555363413,870
0x18fe2895,2,1785268656554502922,1785268656555363413,860
0x1801d08f,2,1785268656556567465,1785268656557285832,718
0x18fe50a7,2,1785268656557431978,1785268656559362565,1930
0x18ffefa7,2,1785268656562496707,1785268656563394051,897
0x18ffa7ef,2,1785268656564960840,1785268656565382729,421
0x1cffd4f5,2,1785268656565325357,1785268656567488907,2163
0x18ffd0ef,2,1785268656566095834,1785268656567488907,1393
0x18ff95ef,2,1785268656567161753,1785268656569489863,2328
0x18fe50a7,2,1785268656567825731,1785268656569489863,1664
0x10ff38ef,2,1785268656568290506,1785268656569489863,1199
0x18ff9528,2,1785268656571654948,1785268656573394868,1739
0x18ffefa7,2,1785268656573219013,1785268656575490009,2270
0x1f2,1,1785268656573382642,1785268656575490009,2107
0x18fd50a7,2,1785268656573646307,1785268656575490009,1843
0x18ff28a7,2,1785268656574009878,1785268656575490009,1480
0x18ff2895,2,1785268656575175520,1785268656577489761,2314
0xc7f14,2,1785268656575639943,1785268656577489761,1849
0x18fe50a7,2,1785268656578404759,1785268656579488920,1084
0x18ffefa7,2,1785268656583469581,1785268656585536769,2067
0x18ff28d0,2,1785268656584534222,1785268656585536769,1002
0x30c,1,1785268656585398680,1785268656587614577,2215
0x18ffa7ef,2,1785268656586063287,1785268656587614577,1551
0x18fe50a7,2,1785268656588728290,1785268656589533441,805
0x18ff9528,2,1785268656592492563,1785268656593511352,1018
0x18ffefa7,2,1785268656594056443,1785268656595615845,1559
0x1f2,1,1785268656594220942,1785268656595615845,1394
0x18fd50a7,2,1785268656594485051,1785268656595615845,1130
0x18ff28a7,2,1785268656594849216,1785268656595615845,766
0x18ff2895,2,1785268656596013468,1785268656597536246,1522
0x18fe2895,2,1785268656596378058,1785268656597536246,1158
0x18fe50a7,2,1785268656599243560,1785268656599614683,371
0x18ffe5f4,2,1785268656602208153,1785268656603737039,1528
0x18ff28f4,2,1785268656602572651,1785268656603737039,1164
0x18ffefa7,2,1785268656604437195,1785268656605652421,1215
0x18ffa7ef,2,1785268656606901791,1785268656607642080,740
0x18fe50a7,2,1785268656609565682,1785268656611646752,2081
0x18ffeff4,2,1785268656612530794,1785268656613637189,1106
0x18ff9528,2,1785268656613395733,1785268656615738070,2342
0x18ffefa7,2,1785268656614959983,1785268656615738070,778
0x1f2,1,1785268656615123612,1785268656615738070,614
0x18fd50a7,2,1785268656615387833,1785268656617739045,2351
0x18ff28a7,2,1785268656615751923,1785268656617739045,1987
0xc7f94,2,1785268656617215710,1785268656617739045,523
0xc7f14,2,1785268656617226358,1785268656617739045,512
0x18fe50a7,2,1785268656620091304,1785268656621738216,1646
0x18ffefa7,2,1785268656625157051,1785268656625745424,588
0x18ffa7ef,2,1785268656627621648,1785268656629750799,2129
0x18fe50a7,2,1785268656630286835,1785268656631773681,1486
0x18ff9528,2,1785268656634151553,1785268656635745018,1593
0x18ffefa7,2,1785268656635616192,1785268656637868992,2252
0x0,0,1785268656635780598,1785268656637868992,2088
0x18fd50a7,2,1785268656636044930,1785268656637868992,1824
0x18ff28a7,2,1785268656636408780,1785268656637868992,1460
0x18ff2895,2,1785268656636972758,1785268656637868992,896
0x18fe2895,2,1785268656637336756,1785268656637868992,532
0x18fe50a7,2,1785268656640802050,1785268656641782960,980
0x18ffefa7,2,1785268656645867538,1785268656647868235,2000
0x1cff50d4,2,1785268656646331998,1785268656647868235,1536
0x18ffa7ef,2,1785268656648396411,1785268656649993061,1596
0x18fff5d4,2,1785268656648660428,1785268656649993061,1332
0x18fe50a7,2,1785268656651124950,1785268656651906795,781
0x18ff9528,2,1785268656654889853,1785268656655882373,992
0x18ffefa7,2,1785268656656454455,1785268656657994403,1539
0x0,0,1785268656656618399,1785268656657994403,1376
0x18fd50a7,2,1785268656656883064,1785268656657994403,1111
0x18ff28a7,2,1785268656657247191,1785268656657994403,747
0x18ff2895,2,1785268656658511795,1785268656659907915,1396
0x18fe2895,2,1785268656658774571,1785268656659907915,1133
0x1801d08f,2,1785268656660838243,1785268656661895204,1056
0x18fe50a7,2,1785268656661701775,1785268656663913382,2211
0x18ffefa7,2,1785268656666766837,1785268656667993757,1226
0x18ffa7ef,2,1785268656669230841,1785268656670022379,791
0x1cffd4f5,2,1785268656670495407,1785268656672119594,1624
0x18ff28ef,2,1785268656670505352,1785268656672119594,1614
0xc7f8f,2,1785268656671369291,1785268656672119594,750
0x18fe50a7,2,1785268656672033435,1785268656674010328,1976
0x18ff9528,2,1785268656676097485,1785268656678120184,2022
0x18ffefa7,2,1785268656677361273,1785268656678120184,758
0x1f2,1,1785268656677524735,1785268656678120184,595
0x18fd50a7,2,1785268656677788845,1785268656680120658,2331
0x18ff28a7,2,1785268656678153195,1785268656680120658,1967
0x18ff2895,2,1785268656679417242,1785268656680120658,703
0x18fe2895,2,1785268656679681371,1785268656680120658,439
0x18fe50a7,2,1785268656682546187,1785268656684019682,1473
0x18ffefa7,2,1785268656687610878,1785268656688120186,509
0x30c,1,1785268656689275331,1785268656690128345,853
0x18ffa7ef,2,1785268656690140270,1785268656692144338,2004
0x18fe50a7,2,1785268656692803865,1785268656694134850,1330
0x18ff9528,2,1785268656696568417,1785268656698139150,1570
0xc7ff7,2,1785268656698133611,1785268656700246476,2112
0x1f2,1,1785268656698496535,1785268656700246476,1749
0x18fd50a7,2,1785268656698860070,1785268656700246476,1386
0x18ff28a7,2,1785268656698870477,1785268656700246476,1375
0x18ff2895,2,1785268656700034581,1785268656702166803,2132
0x18fe2895,2,1785268656700397838,1785268656702166803,1768
0x18fe50a7,2,1785268656703263080,1785268656704153648,890
0x18ff28f4,2,1785268656706227470,1785268656708246152,2018
0x10ffd4f4,2,1785268656706590986,1785268656708246152,1655
0x18ffefa7,2,1785268656708454975,1785268656710280700,1825
0x18ffa7ef,2,1785268656710919701,1785268656712268693,1348
0x18fe50a7,2,1785268656713583925,1785268656714285205,701
0x18ffeff4,2,1785268656716549148,1785268656718281839,1732
0x18ff9528,2,1785268656717712937,1785268656718281839,568
0xc7ff7,2,1785268656718979208,1785268656720372813,1393
0x1f2,1,1785268656719342076,1785268656720372813,1030
0x18fd50a7,2,1785268656719706277,1785268656720372813,666
0x18ff28a7,2,1785268656719716499,1785268656720372813,656
0x18ff2895,2,1785268656720880974,1785268656722381824,1500
0x18fe2895,2,1785268656721245027,1785268656722381824,1136
0xc7f28,2,1785268656724111621,1785268656726285496,2173
0x18ffefa7,2,1785268656729176757,1785268656730372204,1195
0x18ffa7ef,2,1785268656731641557,1785268656732392585,751
0x18fe50a7,2,1785268656734306745,1785268656736400516,2093
0x18ff9528,2,1785268656738471794,1785268656740499427,2027
0x10ffd438,2,1785268656738835569,1785268656740499427,1663
0xc7ff7,2,1785268656739699045,1785268656740499427,800
0x1f2,1,1785268656740063210,1785268656740499427,436
0x18fd50a7,2,1785268656740427282,1785268656742499328,2072
0x18ff28a7,2,1785268656740437560,1785268656742499328,2061
0x18ff2895,2,1785268656741601238,1785268656742499328,898
0xc7f14,2,1785268656742065031,1785268656742499328,434
0xc7f28,2,1785268656744830366,1785268656746398017,1567
0x10fff4d4,2,1785268656749395765,1785268656750498855,1103
0xc7ff7,2,1785268656749959169,1785268656750498855,539
0x10ff38d4,2,1785268656751524252,1785268656752498403,974
0x18ffa7ef,2,1785268656752489857,1785268656754537248,2047
0x18fff5d4,2,1785268656753653758,1785268656754537248,883
0x18fe50a7,2,1785268656755218693,1785268656756523241,1304
0x18ff9528,2,1785268656759283150,1785268656760527820,1244
0x18ffefa7,2,1785268656760547679,1785268656762627090,2079
0x1f2,1,1785268656760911473,1785268656762627090,1715
0x18fd50a7,2,1785268656761275360,1785268656762627090,1351
0x18ff28a7,2,1785268656761285545,1785268656762627090,1341
0x18ff2895,2,1785268656762450519,1785268656764625250,2174
0x18fe2895,2,1785268656762813573,1785268656764625250,1811
0x1801d08f,2,1785268656764877634,1785268656766624150,1746
0xc7f28,2,1785268656765740925,1785268656766624150,883
0xc7ff7,2,1785268656770805876,1785268656772624647,1818
0x18ffa7ef,2,1785268656773170269,1785268656774625103,1454
0xe7fea,2,1785268656774835130,1785268656776666429,1831
0x18fe50a7,2,1785268656775999067,1785268656776666429,667
0x18ff9528,2,1785268656779963691,1785268656780641619,677
0x18ffefa7,2,1785268656781327517,1785268656782748019,1420
0x1f2,1,1785268656781690385,1785268656782748019,1057
0x18fd50a7,2,1785268656782053716,1785268656782748019,694
0x18ff28a7,2,1785268656782063734,1785268656782748019,684
0x18ff2895,2,1785268656783228357,1785268656784667901,1439
0x18fe2895,2,1785268656783592373,1785268656784667901,1075
0xc7f28,2,1785268656786456745,1785268656788643813,2187
0xc7ff7,2,1785268656791523529,1785268656792750095,1226
0x18ff28d0,2,1785268656792988224,1785268656794748847,1760
0x30c,1,1785268656793352111,1785268656794748847,1396
0x18ffa7ef,2,1785268656794015940,1785268656794748847,732
0x18fe50a7,2,1785268656796781034,1785268656798764037,1983
0x18ff9528,2,1785268656800746010,1785268656802794004,2047
0x18ffefa7,2,1785268656802110928,1785268656802794004,683
0x1f2,1,1785268656802474370,1785268656804877941,2403
0x18fd50a7,2,1785268656802838090,1785268656804877941,2039
0x18ff28a7,2,1785268656802848979,1785268656804877941,2028
0x18ff2895,2,1785268656804012787,1785268656804877941,865
0xc7f14,2,1785268656804476821,1785268656806766712,2289
0x18fe50a7,2,1785268656807241453,1785268656808758057,1516
0x18ffe5f4,2,1785268656810506766,1785268656812877654,2370
0x18ff28f4,2,1785268656810516026,1785268656812877654,2361
0x18ffefa7,2,1785268656812379718,1785268656812877654,497
0x18ffa7ef,2,1785268656814745241,1785268656816783177,2037
0x18fe50a7,2,1785268656817509946,1785268656818801022,1291
0x18ffeff4,2,1785268656820514354,1785268656820903940,389
0x18ff9528,2,1785268656821608311,1785268656822893711,1285
0x18ffefa7,2,1785268656822662915,1785268656825003722,2340
0x1f2,1,1785268656823307226,1785268656825003722,1696
0x18fd50a7,2,1785268656823651261,1785268656825003722,1352
0x18ff28a7,2,1785268656823735205,1785268656825003722,1268
0x18ff2895,2,1785268656825139900,1785268656826916882,1776
0x18fe2895,2,1785268656825253992,1785268656826916882,1662
0x18fe50a7,2,1785268656828068605,1785268656828906801,838
0x18ffefa7,2,1785268656833113037,1785268656834900354,1787
0x18ffa7ef,2,1785268656835558337,1785268656836916976,1358
0x18fe50a7,2,1785268656838262580,1785268656839003765,741
0x18ff9528,2,1785268656842297760,1785268656843028399,730
0x18ffefa7,2,1785268656843661696,1785268656845129596,1467
0x1f2,1,1785268656844015305,1785268656845129596,1114
0x18fd50a7,2,1785268656844358729,1785268656845129596,770
0x18ff28a7,2,1785268656844442506,1785268656845129596,687
0x18ff2895,2,1785268656845576536,1785268656847129163,1552
0xc7f14,2,1785268656846029571,1785268656847129163,1099
0x18fe50a7,2,1785268656848774332,1785268656851028667,2254
0x18ffefa7,2,1785268656853819005,1785268656855129616,1310
0x18fff5d4,2,1785268656854312761,1785268656855129616,816
0xc7fd3,2,1785268656856406712,1785268656857043072,636
0x18fe50a7,2,1785268656859031455,1785268656861047539,2016
0x18ff9528,2,1785268656863086060,1785268656865255580,2169
0x18ffefa7,2,1785268656864139480,1785268656865255580,1116
0x1f2,1,1785268656864783069,1785268656865255580,472
0x18fd50a7,2,1785268656865126641,1785268656867256110,2129
0x18ff28a7,2,1785268656865209510,1785268656867256110,2046
0x18ff2895,2,1785268656866343985,1785268656867256110,912
0xc7f14,2,1785268656866798279,1785268656867256110,457
0x1801d08f,2,1785268656868812489,1785268656869154474,341
0x18fe50a7,2,1785268656869607651,1785268656871144689,1537
0x18ffefa7,2,1785268656874652435,1785268656875148675,496
0x18ffa7ef,2,1785268656877196808,1785268656879174124,1977
0x18ff28ef,2,1785268656878161729,1785268656879174124,1012
0x18ff1eef,2,1785268656879515702,1785268656881256931,1741
0x1cffd4f5,2,1785268656879599109,1785268656881256931,1657
0x18fe50a7,2,1785268656879993199,1785268656881256931,1263
0x18ffd0ef,2,1785268656880416826,1785268656881256931,840
0x18ff95ef,2,1785268656881480727,1785268656883284591,1803
0x87f9c,2,1785268656882625387,1785268656883284591,659
0x18ff38ef,2,1785268656883609622,1785268656885381694,1772
0x18ff9528,2,1785268656884362950,1785268656885381694,1018
0x18fe38ef,2,1785268656884737096,1785268656885381694,644
0x18ffefa7,2,1785268656885441259,1785268656887382539,1941
0x1f2,1,1785268656885785794,1785268656887382539,1596
0xc7ea8,2,1785268656886210458,1785268656887382539,1172
0x18ff28a7,2,1785268656886764362,1785268656887382539,618
0x1cfe50ef,2,1785268656886848306,1785268656887382539,534
0x18ff2895,2,1785268656887932781,1785268656889382477,1449
0xc7f14,2,1785268656888076224,1785268656889382477,1306
0x18fff4ef,2,1785268656888369797,1785268656889382477,1012
0x18fe50a7,2,1785268656890954874,1785268656891278544,323
0x18ffefa7,2,1785268656896000065,1785268656897273023,1272
0x30c,1,1785268656897743796,1785268656899381534,1637
0x18ffa7ef,2,1785268656898508754,1785268656899381534,872
0x18fe50a7,2,1785268656901213219,1785268656903382335,2169
0x18ff9528,2,1785268656905277787,1785268656907507839,2230
0x18ffefa7,2,1785268656906341910,1785268656907507839,1165
0x1f2,1,1785268656906966018,1785268656907507839,541
0x18fd50a7,2,1785268656907309923,1785268656909508461,2198
0xc7f94,2,1785268656907453904,1785268656909508461,2054
0x18ff2895,2,1785268656908547656,1785268656909508461,960
0x18fe2895,2,1785268656908911413,1785268656909508461,597
0x18fe50a7,2,1785268656911726174,1785268656913412244,1686
0x18ff28f4,2,1785268656914738693,1785268656915419940,681
0x18fe28f4,2,1785268656915089932,1785268656915419940,330
0x18ffefa7,2,1785268656916897828,1785268656917407193,509
0x18ffa7ef,2,1785268656919345850,1785268656921415845,2069
0x18fe50a7,2,1785268656922050371,1785268656923507949,1457
0x1cff50f4,2,1785268656925059242,1785268656925536646,477
0x18ffeff4,2,1785268656925411869,1785268656927543472,2131
0x18ff9528,2,1785268656926356160,1785268656927543472,1187
0x18ffefa7,2,1785268656927300617,1785268656929634501,2333
0x1f2,1,1785268656927924317,1785268656929634501,1710
0x18fd50a7,2,1785268656928276260,1785268656929634501,1358
0xc7f94,2,1785268656928420148,1785268656929634501,1214
0x18ff2895,2,1785268656929460512,1785268656931541384,2080
0x18fe2895,2,1785268656929811806,1785268656931541384,1729
0x18fe50a7,2,1785268656932692696,1785268656933528914,836
0x18ff38f4,2,1785268656935683363,1785268656937535529,1852
0x18ffefa7,2,1785268656937796813,1785268656939551448,1754
0x18ffa7ef,2,1785268656940241317,1785268656941634070,1392
0x18fe50a7,2,1785268656942946152,1785268656943672730,726
0x18ff9528,2,1785268656947130979,1785268656947650827,519
0x10ffd438,2,1785268656947475847,1785268656949757468,2281
0x18ffefa7,2,1785268656948139880,1785268656949757468,1617
0x1f2,1,1785268656948763969,1785268656949757468,993
0x18fd50a7,2,1785268656949107893,1785268656949757468,649
0xc7f94,2,1785268656949252096,1785268656949757468,505
0xc7f94,2,1785268656950406719,1785268656951667461,1260
0x18fe2895,2,1785268656950710050,1785268656951667461,957
0x18fe50a7,2,1785268656953524052,1785268656955642910,2118
0x10ff38d4,2,1785268656957958932,1785268656959756803,1797
0x18ffefa7,2,1785268656958653484,1785268656959756803,1103
0x18fff5d4,2,1785268656960057568,1785268656961757296,1699
0x18ffa7ef,2,1785268656961141506,1785268656961757296,615
0xc7f28,2,1785268656963926415,1785268656965680634,1754
0x18ff9528,2,1785268656967961020,1785268656969793138,1832
0x18ffefa7,2,1785268656968974662,1785268656969793138,818
0x1f2,1,1785268656969598844,1785268656971886519,2287
0x18fd50a7,2,1785268656969941971,1785268656971886519,1944
0xc7f94,2,1785268656970089933,1785268656971886519,1796
0x18ff2895,2,1785268656971166112,1785268656971886519,720
0x18fe2895,2,1785268656971550517,1785268656973765679,2215
0x1801d08f,2,1785268656973634504,1785268656975807654,2173
0x18fe50a7,2,1785268656974428537,1785268656975807654,1379
0x18ffefa7,2,1785268656979493654,1785268656979778028,284
0x18ffa7ef,2,1785268656981917640,1785268656983789237,1871
0x18fe50a7,2,1785268656984621994,1785268656985886674,1264
0x1cffd4f5,2,1785268656984974880,1785268656985886674,911
0x18ff9528,2,1785268656988869024,1785268656989886585,1017
0x18ffefa7,2,1785268656989813462,1785268656992012689,2199
0x1f2,1,1785268656990437699,1785268656992012689,1574
0xc7ea8,2,1785268656990782012,1785268656992012689,1230
0x18ff28a7,2,1785268656990865863,1785268656992012689,1146
0x18ff2895,2,1785268656992020190,1785268656994012367,1992
0x18fe2895,2,1785268656992383799,1785268656994012367,1628
0x18fe50a7,2,1785268656995198115,1785268656995903564,705
0x18ffefa7,2,1785268657000263233,1785268657001897302,1634
0x30c,1,1785268657002197906,1785268657004013017,1815
0x18ff28d0,2,1785268657002271072,1785268657004013017,1741
0x18ffa7ef,2,1785268657002815273,1785268657004013017,1197
0xc7f28,2,1785268657005599200,1785268657005913936,314
0x18ff9528,2,1785268657009663491,1785268657012014100,2350
0x18ffefa7,2,1785268657010647522,1785268657012014100,1366
0x1f2,1,1785268657011271351,1785268657012014100,742
0x18fd50a7,2,1785268657011615275,1785268657012014100,398
0xc7f94,2,1785268657011759867,1785268657014138500,2378
0x18ff2895,2,1785268657012863768,1785268657014138500,1274
0x18fe2895,2,1785268657013217914,1785268657014138500,920
0x18fe50a7,2,1785268657016032286,1785268657018025190,1992
0x18ffe5f4,2,1785268657019030342,1785268657020138590,1108
0x18ff28f4,2,1785268657019403932,1785268657020138590,734
0x10ffd4f4,2,1785268657019768041,1785268657022042805,2274
0x18ffefa7,2,1785268657021292569,1785268657022042805,750
0x18ffa7ef,2,1785268657023717350,1785268657024029706,312
0x18fe50a7,2,1785268657026422204,1785268657028036266,1614
0x18ffeff4,2,1785268657029506908,1785268657030052444,545
0x18ff9528,2,1785268657030571494,1785268657032138770,1567
0x18ffefa7,2,1785268657031935079,1785268657034265059,2329
0x1f2,1,1785268657031945708,1785268657034265059,2319
0x18fd50a7,2,1785268657032309113,1785268657034265059,1955
0x18ff28a7,2,1785268657032572630,1785268657034265059,1692
0x18ff2895,2,1785268657033836400,1785268657036184441,2348
0x18fe2895,2,1785268657034101103,1785268657036184441,2083
0x18fe50a7,2,1785268657036966233,1785268657038171730,1205
0x18ffefa7,2,1785268657042030721,1785268657044164190,2133
0x18ffa7ef,2,1785268657044395337,1785268657046154165,1758
0x18fe50a7,2,1785268657047160561,1785268657048170491,1009
0x18ff9528,2,1785268657051426183,1785268657052176718,750
0x18ffefa7,2,1785268657052290919,1785268657054266562,1975
0x1f2,1,1785268657052654565,1785268657054266562,1611
0xc7ea8,2,1785268657053018359,1785268657054266562,1248
0x18ff28a7,2,1785268657053282061,1785268657054266562,984
0x18ff2895,2,1785268657054546757,1785268657056390388,1843
0x18fe2895,2,1785268657054809866,1785268657056390388,1580
0x18fe50a7,2,1785268657057673942,1785268657058277548,603
0x18ffefa7,2,1785268657063038928,1785268657064391008,1352
0x10fff4d4,2,1785268657063049020,1785268657064391008,1341
0x18fff5d4,2,1785268657065312488,1785268657066301038,988
0x18ffa7ef,2,1785268657065475598,1785268657066301038,825
0x18fe50a7,2,1785268657067940843,1785268657068288309,347
0x18ff9528,2,1785268657072205224,1785268657074392399,2187
0x18ffefa7,2,1785268657073068553,1785268657074392399,1323
0x1f2,1,1785268657073633216,1785268657074392399,759
0xc7ea8,2,1785268657073996473,1785268657074392399,395
0x18ff28a7,2,1785268657074006843,1785268657074392399,385
0x18ff2895,2,1785268657075171688,1785268657076391447,1219
0x18fe2895,2,1785268657075536149,1785268657076391447,855
0x1801d08f,2,1785268657077600710,1785268657078411811,811
0x18fe50a7,2,1785268657078465502,1785268657080401415,1935
0x18ffefa7,2,1785268657083537619,1785268657084405845,868
0x18ffa7ef,2,1785268657086003678,1785268657086424097,420
0x18ff28ef,2,1785268657086968598,1785268657088434405,1465
0xc7f8f,2,1785268657088132017,1785268657088434405,302
0x18fe50a7,2,1785268657088796273,1785268657090517268,1720
0x1cffd4f5,2,1785268657089459546,1785268657090517268,1057
0x18ff9528,2,1785268657093027673,1785268657094517087,1489
0xc7ff7,2,1785268657094292906,1785268657096644006,2351
0x1f2,1,1785268657094656126,1785268657096644006,1987
0x18fd50a7,2,1785268657094919976,1785268657096644006,1724
0x18ff28a7,2,1785268657095084012,1785268657096644006,1559
0x18ff2895,2,1785268657096148117,1785268657096644006,495
0x18fe2895,2,1785268657096512226,1785268657098529480,2017
0x18fe50a7,2,1785268657099376931,1785268657100546307,1169
0x18ffefa7,2,1785268657104442437,1785268657106559415,2116
0x30c,1,1785268657106101094,1785268657106559415,458
0x18ffa7ef,2,1785268657106865552,1785268657108546778,1681
0x18fe50a7,2,1785268657109630110,1785268657110536345,906
0x18ff9528,2,1785268657113894566,1785268657114642979,748
0x18ffefa7,2,1785268657115058373,1785268657116766990,1708
0x1f2,1,1785268657115068577,1785268657116766990,1698
0x18fd50a7,2,1785268657115432149,1785268657116766990,1334
0x18ff28a7,2,1785268657115695221,1785268657116766990,1071
0x18ff2895,2,1785268657116859548,1785268657118684817,1825
0x18fe2895,2,1785268657117222805,1785268657118684817,1462
0x18fe50a7,2,1785268657120087787,1785268657120671643,583
0x18ffefa7,2,1785268657125152479,1785268657126666863,1514
0x18ffa7ef,2,1785268657127517446,1785268657128654189,1136
0x18ff28f4,2,1785268657129181844,1785268657130691349,1509
0x18fe50a7,2,1785268657130346207,1785268657130691349,345
0x18ff9528,2,1785268657134711292,1785268657136768660,2057
0x18ffefa7,2,1785268657135775563,1785268657136768660,993
0x0,0,1785268657135786285,1785268657136768660,982
0x18fd50a7,2,1785268657136151079,1785268657136768660,617
0x18ff28a7,2,1785268657136425726,1785268657138768024,2342
0x18ff2895,2,1785268657137579626,1785268657138768024,1188
0xc7f14,2,1785268657138043309,1785268657138768024,724
0x18ffeff4,2,1785268657139807965,1785268657140783813,975
0x18fe50a7,2,1785268657140871810,1785268657142772436,1900
0x18ffefa7,2,1785268657145936817,1785268657146779162,842
0x18ffa7ef,2,1785268657148301154,1785268657148767377,466
0x18fe50a7,2,1785268657151066415,1785268657152771697,1705
0x18ff9528,2,1785268657155631036,1785268657156896590,1265
0x10ffd438,2,1785268657155641203,1785268657156896590,1255
0x18ffefa7,2,1785268657156504790,1785268657156896590,391
0x0,0,1785268657156515327,1785268657156896590,381
0x18fd50a7,2,1785268657156879251,1785268657158896323,2017
0x18ff28a7,2,1785268657157142305,1785268657158896323,1754
0x18ff2895,2,1785268657158307261,1785268657158896323,589
0x18fe2895,2,1785268657158671462,1785268657160896538,2225
0x18fe50a7,2,1785268657161535945,1785268657162930457,1394
0x1cff50d4,2,1785268657165900492,1785268657166906202,1005
0x18ffefa7,2,1785268657166664655,1785268657169021454,2356
0x10ff38d4,2,1785268657167928517,1785268657169021454,1092
0x18ffa7ef,2,1785268657169092825,1785268657170923392,1830
0x18fff5d4,2,1785268657170056338,1785268657170923392,867
0x18fe50a7,2,1785268657171921234,1785268657172913478,992
0x18ff9528,2,1785268657176197004,1785268657176917667,720
0x18ffefa7,2,1785268657177368664,1785268657179022493,1653
0x0,0,1785268657177384516,1785268657179022493,1637
0x18fd50a7,2,1785268657177755995,1785268657179022493,1266
0x18ff28a7,2,1785268657178027123,1785268657179022493,995
0x18ff2895,2,1785268657179201468,1785268657181059208,1857
0xc7f14,2,1785268657179672928,1785268657181059208,1386
0x1801d08f,2,1785268657181645638,1785268657183065071,1419
0xc7f28,2,1785268657182618151,1785268657183065071,446
0x18ffefa7,2,1785268657187602769,1785268657189033143,1430
0x18ffa7ef,2,1785268657190078754,1785268657191048617,969
0x18ffd0ef,2,1785268657191051711,1785268657193147703,2095
0x18ff95ef,2,1785268657192123001,1785268657193147703,1024
0xc7f28,2,1785268657193000736,1785268657195273102,2272
0x10ff38ef,2,1785268657193271587,1785268657195273102,2001
0x1cffd4f5,2,1785268657194246618,1785268657195273102,1026
0x18ff9528,2,1785268657197319803,1785268657199273181,1953
0x18ffefa7,2,1785268657198492222,1785268657199273181,780
0x1f2,1,1785268657198507981,1785268657199273181,765
0x18fd50a7,2,1785268657198879442,1785268657201274618,2395
0x18ff28a7,2,1785268657199150440,1785268657201274618,2124
0x18ff2895,2,1785268657200621783,1785268657201274618,652
0xc7f14,2,1785268657200638042,1785268657201274618,636
0xc7f28,2,1785268657203611469,1785268657205181975,1570
0x18ffefa7,2,1785268657208584976,1785268657209187887,602
0x30c,1,1785268657210258392,1785268657211310213,1051
0x18ff28d0,2,1785268657210932239,1785268657211310213,377
0x18ffa7ef,2,1785268657211303904,1785268657213300687,1996
0x18fe50a7,2,1785268657213876277,1785268657215288106,1411
0x18ff9528,2,1785268657218349472,1785268657219294277,944
0x18ffefa7,2,1785268657219321948,1785268657221399936,2077
0x1f2,1,1785268657219693742,1785268657221399936,1706
0x18fd50a7,2,1785268657220066314,1785268657221399936,1333
0x18ff28a7,2,1785268657220082554,1785268657221399936,1317
0x18ff2895,2,1785268657221155955,1785268657223400263,2244
0x18fe2895,2,1785268657221527175,1785268657223400263,1873
0x18fe50a7,2,1785268657224400010,1785268657225426052,1026
0x18ffefa7,2,1785268657229473683,1785268657231419734,1946
0x18ffa7ef,2,1785268657231847224,1785268657233408913,1561
0x18ffe5f4,2,1785268657233518751,1785268657235525590,2006
0x18ff28f4,2,1785268657233889730,1785268657235525590,1635
0xc7f28,2,1785268657234863039,1785268657235525590,662
0x18ffefa7,2,1785268657240138600,1785268657241535902,1397
0x1f2,1,1785268657240154341,1785268657241535902,1381
0x18fd50a7,2,1785268657240525394,1785268657241535902,1010
0x18ff28a7,2,1785268657240796652,1785268657241535902,739
0x18ff9528,2,1785268657241187038,1785268657243651376,2464
0x18ff2895,2,1785268657242039163,1785268657243651376,1612
0x18fe2895,2,1785268657242413272,1785268657243651376,1238
0x18ffeff4,2,1785268657244285945,1785268657245558573,1272
0x18fe50a7,2,1785268657245358291,1785268657247547696,2189
0x18ffefa7,2,1785268657250430668,1785268657251553200,1122
0x18ffa7ef,2,1785268657252803357,1785268657253569212,765
0x18fe50a7,2,1785268657255576025,1785268657257650994,2074
0x18ffefa7,2,1785268657260949030,1785268657261686480,737
0x1f2,1,1785268657260965160,1785268657261686480,721
0x18fd50a7,2,1785268657261347694,1785268657263774731,2427
0x18ff28a7,2,1785268657261609989,1785268657263774731,2164
0x18ff9528,2,1785268657261981894,1785268657263774731,1792
0x18ff2895,2,1785268657262954685,1785268657263774731,820
0x18fe2895,2,1785268657263226276,1785268657263774731,548
0x18fe50a7,2,1785268657266106777,1785268657267672162,1565
0x18ffefa7,2,1785268657271480855,1785268657273773900,2293
0x18fff5d4,2,1785268657271496763,1785268657273773900,2277
0xc7fd3,2,1785268657273677564,1785268657275773967,2096
0x18fe50a7,2,1785268657276351585,1785268657277773830,1422
0x18ffefa7,2,1785268657281724905,1785268657283904179,2179
0x1f2,1,1785268657281740794,1785268657283904179,2163
0x18fd50a7,2,1785268657282112328,1785268657283904179,1791
0x18ff28a7,2,1785268657282384938,1785268657283904179,1519
0x18ff9528,2,1785268657282757417,1785268657283904179,1146
0x18ff2895,2,1785268657283930280,1785268657285795024,1864
0x18fe2895,2,1785268657283946688,1785268657285795024,1848
0x1801d08f,2,1785268657286019583,1785268657287808388,1788
0xc7f28,2,1785268657286992225,1785268657287808388,816
0xc7ff7,2,1785268657291966417,1785268657293797440,1831
0xc7fd3,2,1785268657294539642,1785268657295903322,1363
0x18ff28ef,2,1785268657295410767,1785268657295903322,492
0x18ff1eef,2,1785268657296483223,1785268657297934148,1450
0x18fe50a7,2,1785268657297254274,1785268657297934148,679
0xe7fea,2,1785268657299129189,1785268657299921919,792
0x18ffefa7,2,1785268657302702871,1785268657304030090,1327
0x1f2,1,1785268657303073665,1785268657304030090,956
0x18fd50a7,2,1785268657303344126,1785268657304030090,685
0x18ff28a7,2,1785268657303515421,1785268657304030090,514
0x18ff9528,2,1785268657303787068,1785268657306029249,2242
0x18ff2895,2,1785268657304658044,1785268657306029249,1371
0x18fe2895,2,1785268657305029672,1785268657306029249,999
0x18fe50a7,2,1785268657307903488,1785268657310047531,2144
0x18ffefa7,2,1785268657312976531,1785268657314053721,1077
0x30c,1,1785268657314649928,1785268657316060566,1410
0x18ffa7ef,2,1785268657315420257,1785268657316060566,640
0x18fe50a7,2,1785268657318193925,1785268657320037570,1843
0x18ffefa7,2,1785268657323567134,1785268657324072649,505
0x1f2,1,1785268657323938835,1785268657326281400,2342
0x18fd50a7,2,1785268657324209760,1785268657326281400,2071
0x18ff28a7,2,1785268657324380999,1785268657326281400,1900
0x18ff9528,2,1785268657324652238,1785268657326281400,1629
0x18ff2895,2,1785268657325623807,1785268657326281400,657
0x18fe2895,2,1785268657325895268,1785268657328183523,2288
0x18fe50a7,2,1785268657328768436,1785268657330171701,1403
0xc7ff7,2,1785268657333841516,1785268657334177724,336
0x18ffa7ef,2,1785268657336214687,1785268657338183988,1969
0x18ff28f4,2,1785268657338188212,1785268657340280962,2092
0x10ffd4f4,2,1785268657338204175,1785268657340280962,2076
0x18fe50a7,2,1785268657339075948,1785268657340280962,1205
0xc7ff7,2,1785268657344449397,1785268657346412903,1963
0x1f2,1,1785268657344821672,1785268657346412903,1591
0x18fd50a7,2,1785268657345094226,1785268657346412903,1318
0x18ff28a7,2,1785268657345266040,1785268657346412903,1146
0x18ff2895,2,1785268657345838425,1785268657346412903,574
0x18fe2895,2,1785268657346212127,1785268657348299656,2087
0x18ffeff4,2,1785268657348583687,1785268657350308278,1724
0x18fe50a7,2,1785268657349654532,1785268657350308278,653
0xc7ff7,2,1785268657354729649,1785268657356303979,1574
0x18ffa7ef,2,1785268657357102339,1785268657358320583,1218
0x18fe50a7,2,1785268657359875748,1785268657360422706,546
0x10ffd438,2,1785268657364448535,1785268657366533592,2085
0xc7ff7,2,1785268657365319900,1785268657366533592,1213
0x1f2,1,1785268657365690824,1785268657366533592,842
0x18fd50a7,2,1785268657365962359,1785268657366533592,571
0x18ff28a7,2,1785268657366114840,1785268657368533233,2418
0x18ff9528,2,1785268657366384709,1785268657368533233,2148
0xc7f94,2,1785268657367557017,1785268657368533233,976
0x18fe2895,2,1785268657367729071,1785268657368533233,804
0x18fe50a7,2,1785268657370501647,1785268657372411441,1909
0x18ffefa7,2,1785268657375875503,1785268657376532593,657
0x10fff4d4,2,1785268657375892059,1785268657376532593,640
0x10ff38d4,2,1785268657378165193,1785268657378453161,287
0xc7fd3,2,1785268657378336433,1785268657380576394,2239
0x18fff5d4,2,1785268657380007571,1785268657380576394,568
0x18fe50a7,2,1785268657380879344,1785268657382565628,1686
0xc7ff7,2,1785268657386252737,1785268657388676884,2424
0x1f2,1,1785268657386623994,1785268657388676884,2052
0x18fd50a7,2,1785268657386895789,1785268657388676884,1781
0x18ff28a7,2,1785268657387067399,1785268657388676884,1609
0x18ff9528,2,1785268657387638432,1785268657388676884,1038
0x18ff2895,2,1785268657387654784,1785268657388676884,1022
0x18fe2895,2,1785268657388026319,1785268657388676884,650
0x1801d08f,2,1785268657390599489,1785268657392658759,2059
0xc7f28,2,1785268657391571872,1785268657392658759,1086
0x18ffefa7,2,1785268657396544934,1785268657398578571,2033
0x18ffa7ef,2,1785268657399018382,1785268657400701990,1683
0x18ff38ef,2,1785268657399990876,1785268657400701990,711
0x18fe38ef,2,1785268657401063814,1785268657402781075,1717
0x18fe50a7,2,1785268657401835421,1785268657402781075,945
0x1cfe50ef,2,1785268657402207956,1785268657402781075,573
0x18fff4ef,2,1785268657403279745,1785268657404679661,1399
0x1cffd4f5,2,1785268657404350665,1785268657404679661,328
0x18ffefa7,2,1785268657407124222,1785268657408782591,1658
0x1f2,1,1785268657407796385,1785268657408782591,986
0x18fd50a7,2,1785268657408068402,1785268657408782591,714
0x18ff28a7,2,1785268657408240882,1785268657408782591,541
0x18ff9528,2,1785268657408513288,1785268657410781399,2268
0x18ff2895,2,1785268657409485912,1785268657410781399,1295
0x18fe2895,2,1785268657409857298,1785268657410781399,924
0x18fe50a7,2,1785268657412630096,1785268657414799236,2169
0x18ffefa7,2,1785268657417724788,1785268657418781685,1056
0x30c,1,1785268657419406481,1785268657420816863,1410
0x18ffa7ef,2,1785268657420479308,1785268657420816863,337
0x18ff28d0,2,1785268657420512234,1785268657422799856,2287
0x18fe50a7,2,1785268657422970293,1785268657424824479,1854
0x18ffefa7,2,1785268657428043689,1785268657428826909,783
0x1f2,1,1785268657428715222,1785268657431036679,2321
0x18fd50a7,2,1785268657428986887,1785268657431036679,2049
0x18ff28a7,2,1785268657429357996,1785268657431036679,1678
0x18ff9528,2,1785268657429374440,1785268657431036679,1662
0x18ff2895,2,1785268657430347823,1785268657431036679,688
0x18fe2895,2,1785268657430720895,1785268657432939469,2218
0x18fe50a7,2,1785268657433493156,1785268657434926610,1433
0x18ffefa7,2,1785268657438566033,1785268657438933540,367
0x18ffa7ef,2,1785268657440937759,1785268657442958137,2020
0x18ffe5f4,2,1785268657442610230,1785268657442958137,347
0x18ff28f4,2,1785268657442981487,1785268657445162222,2180
0x18fe28f4,2,1785268657443352356,1785268657445162222,1809
0x10ffd4f4,2,1785268657443723631,1785268657445162222,1438
0x18fe50a7,2,1785268657443807853,1785268657445162222,1354
0x18ffd0f4,2,1785268657446785390,1785268657449163671,2378
0x1cff50f4,2,1785268657447157925,1785268657449163671,2005
0x18ffeff4,2,1785268657447530701,1785268657449163671,1632
0x18ff9528,2,1785268657448403269,1785268657449163671,760
0x18ffefa7,2,1785268657449476504,1785268657451162793,1686
0x1f2,1,1785268657449848724,1785268657451162793,1314
0x18fd50a7,2,1785268657450121333,1785268657451162793,1041
0x18ff28a7,2,1785268657450292721,1785268657451162793,870
0x18ff2895,2,1785268657450765737,1785268657453066046,2300
0x18fe2895,2,1785268657451136049,1785268657453066046,1929
0x18fe50a7,2,1785268657454609584,1785268657455052669,443
0x18ff38f4,2,1785268657457582344,1785268657459161617,1579
0x18ffefa7,2,1785268657459755516,1785268657461192425,1436
0xc7fd3,2,1785268657462228279,1785268657463180510,952
0x18fe50a7,2,1785268657464901318,1785268657467184811,2283
0x18ff9528,2,1785268657468595370,1785268657469175545,580
0x18ffefa7,2,1785268657470071639,1785268657471287667,1216
0x1f2,1,1785268657470748227,1785268657471287667,539
0x18fd50a7,2,1785268657471022040,1785268657473413641,2391
0x18ff28a7,2,1785268657471194391,1785268657473413641,2219
0x18ff2895,2,1785268657471666944,1785268657473413641,1746
0x18fe2895,2,1785268657472044571,1785268657473413641,1369
0x18fe50a7,2,1785268657475523124,1785268657477293072,1769
0x18ffefa7,2,1785268657480598483,1785268657481296854,698
0x10fff4d4,2,1785268657481171831,1785268657483312310,2140
0xc7fd3,2,1785268657483346059,1785268657485322192,1976
0x18fff5d4,2,1785268657483516724,1785268657485322192,1805
0x18fe50a7,2,1785268657485889062,1785268657487413055,1523
0x18ff9528,2,1785268657489562503,1785268657491448651,1886
0x18ffefa7,2,1785268657491035420,1785268657491448651,413
0x1f2,1,1785268657491707397,1785268657493539644,1832
0x18fd50a7,2,1785268657491978303,1785268657493539644,1561
0x18ff28a7,2,1785268657492149765,1785268657493539644,1389
0x18ff2895,2,1785268657493222184,1785268657495455137,2232
0xc7f14,2,1785268657493692941,1785268657495455137,1762
0xc00e8,2,1785268657495767113,1785268657497435649,1668
0x18fe50a7,2,1785268657496539424,1785268657497435649,896
0x18ffefa7,2,1785268657501612411,1785268657503428368,1815
0x1cffd4f5,2,1785268657504085526,1785268657505539917,1454
0x18ffa7ef,2,1785268657504457635,1785268657505539917,1082
0x1cfed4f5,2,1785268657504473487,1785268657505539917,1066
0xc7f94,2,1785268657505246130,1785268657507665205,2419
0x18ff1eef,2,1785268657506318605,1785268657507665205,1346
0xc7f28,2,1785268657506990120,1785268657507665205,675
0x18ff9528,2,1785268657510664023,1785268657511545840,881
0x18ffefa7,2,1785268657512137107,1785268657513665777,1528
0x1f2,1,1785268657512708993,1785268657513665777,956
0xc7ea8,2,1785268657513081120,1785268657513665777,584
0x18ff28a7,2,1785268657513097472,1785268657513665777,568
0x18ff2895,2,1785268657514271446,1785268657515570974,1299
0x18fe2895,2,1785268657514642444,1785268657515570974,928
0x18fe50a7,2,1785268657517514556,1785268657519577108,2062
0x18ffefa7,2,1785268657522587877,1785268657523669019,1081
0x30c,1,1785268657524261256,1785268657525704327,1443
0x18ffa7ef,2,1785268657525131788,1785268657525704327,572
0xc7f28,2,1785268657527804476,1785268657529680887,1876
0x18ff9528,2,1785268657531580471,1785268657533789780,2209
0x18ffefa7,2,1785268657533154166,1785268657533789780,635
0x0,0,1785268657533327146,1785268657533789780,462
0x18fd50a7,2,1785268657533600626,1785268657535788088,2187
0x18ff28a7,2,1785268657533972364,1785268657535788088,1815
0x18ff2895,2,1785268657535458448,1785268657537833007,2374
0x18fe2895,2,1785268657535460411,1785268657537833007,2372
0x18fe50a7,2,1785268657538334579,1785268657539789092,1454
0x18ff28f4,2,1785268657541307524,1785268657541799289,491
0x18ffefa7,2,1785268657543480788,1785268657543787967,307
0x18ffa7ef,2,1785268657545952514,1785268657547825564,1873
0xc7f28,2,1785268657548626350,1785268657549916705,1290
0x18ffeff4,2,1785268657551599239,1785268657553954579,2355
0x18ff9528,2,1785268657552370438,1785268657553954579,1584
0x18ffefa7,2,1785268657553842226,1785268657556043813,2201
0x1f2,1,1785268657554112428,1785268657556043813,1931
0xc7ea8,2,1785268657554584888,1785268657556043813,1458
0x18ff28a7,2,1785268657554856572,1785268657556043813,1187
0x18ff2895,2,1785268657555428476,1785268657556043813,615
0x18fe2895,2,1785268657555801251,1785268657557923491,2122
0x18fe50a7,2,1785268657559273489,1785268657559939410,665
0x18ffefa7,2,1785268657564346996,1785268657565962426,1615
0x18ffa7ef,2,1785268657566819777,1785268657568064659,1244
0x18fe50a7,2,1785268657569491520,1785268657570056523,565
0x18ff9528,2,1785268657573164702,1785268657574080305,915
0x10ffd438,2,1785268657573537663,1785268657574080305,542
0x18ffefa7,2,1785268657574717915,1785268657576169316,1451
0x1f2,1,1785268657575289559,1785268657576169316,879
0xc7ea8,2,1785268657575461058,1785268657576169316,708
0x18ff28a7,2,1785268657575732779,1785268657576169316,436
0xc7f94,2,1785268657576304961,1785268657578076698,1771
0xc7f14,2,1785268657576675718,1785268657578076698,1400
0x18fe50a7,2,1785268657580149345,1785268657582081499,1932
0x10ff38d4,2,1785268657585022704,1785268657586192725,1170
0x18ffefa7,2,1785268657585293703,1785268657586192725,899
0x18fff5d4,2,1785268657586967100,1785268657588200070,1232
0x18ffa7ef,2,1785268657587839632,1785268657588200070,360
0x18fe50a7,2,1785268657590512579,1785268657592177722,1665
0x18ff9528,2,1785268657594285852,1785268657596202634,1916
0x18ffefa7,2,1785268657595858435,1785268657596202634,344
0x0,0,1785268657596031490,1785268657598294831,2263
0x18fd50a7,2,1785268657596303433,1785268657598294831,1991
0x18ff28a7,2,1785268657596676190,1785268657598294831,1618
0x18ff2895,2,1785268657598149496,1785268657600322786,2173
0x18fe2895,2,1785268657598165551,1785268657600322786,2157
0x1801d08f,2,1785268657600238076,1785268657602332335,2094
0x18fe50a7,2,1785268657601109089,1785268657602332335,1223
0x18ffefa7,2,1785268657606183447,1785268657608297314,2113
0x18ffa7ef,2,1785268657608655414,1785268657610420973,1765
0x1cffd4f5,2,1785268657609026634,1785268657610420973,1394
0x18ffd0ef,2,1785268657609798481,1785268657610420973,622
0x18ff95ef,2,1785268657610871937,1785268657612421003,1549
0x18fe50a7,2,1785268657611544267,1785268657612421003,876
0x10ff38ef,2,1785268657612016505,1785268657612421003,404
0x18ff9528,2,1785268657615389651,1785268657616328100,938
0x18ffefa7,2,1785268657616961475,1785268657618547241,1585
0x1f2,1,1785268657617132270,1785268657618547241,1414
0x18fd50a7,2,1785268657617403731,1785268657618547241,1143
0x18ff28a7,2,1785268657617775340,1785268657618547241,771
0x18ff2895,2,1785268657618949129,1785268657620468271,1519
0xc7f14,2,1785268657619421164,1785268657620468271,1047
0x18fe50a7,2,1785268657622193888,1785268657624420850,2226
0x18ffefa7,2,1785268657627267301,1785268657628451872,1184
0x18ff28d0,2,1785268657628339869,1785268657630547180,2207
0x30c,1,1785268657629211827,1785268657630547180,1335
0x18ffa7ef,2,1785268657629884175,1785268657630547180,663
0x18fe50a7,2,1785268657632556732,1785268657634569147,2012
0x18ff9528,2,1785268657636329784,1785268657638672559,2342
0x18ffefa7,2,1785268657637902219,1785268657638672559,770
0x1f2,1,1785268657638074236,1785268657638672559,598
0x18fd50a7,2,1785268657638346864,1785268657640586441,2239
0x18ff28a7,2,1785268657638718399,1785268657640586441,1868
0x18ff2895,2,1785268657639889744,1785268657640586441,696
0x18fe2895,2,1785268657640273741,1785268657642547063,2273
0x18fe50a7,2,1785268657643135446,1785268657644558075,1422
0x18ffe5f4,2,1785268657646108095,1785268657646671623,563
0x18ff28f4,2,1785268657646479223,1785268657648682060,2202
0x18ffefa7,2,1785268657648356174,1785268657650698813,2342
0x18ffa7ef,2,1785268657650823937,1785268657652688694,1864
0x18fe50a7,2,1785268657653496921,1785268657654678965,1182
0x18ffeff4,2,1785268657656469255,1785268657658794728,2325
0x18ff9528,2,1785268657657340546,1785268657658794728,1454
0x18ffefa7,2,1785268657658914851,1785268657660796425,1881
0x1f2,1,1785268657659087017,1785268657660796425,1709
0x18fd50a7,2,1785268657659359108,1785268657660796425,1437
0x18ff28a7,2,1785268657659731420,1785268657660796425,1065
0xc7f94,2,1785268657661203911,1785268657662809362,1605
0xc7f14,2,1785268657661219782,1785268657662809362,1589
0x18fe50a7,2,1785268657664092653,1785268657664797948,705
0x18ffefa7,2,1785268657669166623,1785268657670794927,1628
0x18ffa7ef,2,1785268657671639589,1785268657672810383,1170
0x18fe50a7,2,1785268657674314369,1785268657674830505,516
0x18ff9528,2,1785268657678188050,1785268657678837269,649
0x18ffefa7,2,1785268657679659967,1785268657681050428,1390
0x0,0,1785268657679831206,1785268657681050428,1219
0x18fd50a7,2,1785268657680102464,1785268657681050428,947
0x18ff28a7,2,1785268657680473925,1785268657681050428,576
0x18ff2895,2,1785268657681045958,1785268657682949032,1903
0x18fe2895,2,1785268657681416864,1785268657682949032,1532
0x18fe50a7,2,1785268657684890824,1785268657686926352,2035
0x18ffefa7,2,1785268657689963794,1785268657690951356,987
0x1cff50d4,2,1785268657690436643,1785268657690951356,514
0x18ffa7ef,2,1785268657692509760,1785268657692965330,455
0x18fff5d4,2,1785268657692782091,1785268657695072304,2290
0x18fe50a7,2,1785268657695254262,1785268657697060853,1806
0x18ff9528,2,1785268657699027702,1785268657701085691,2057
0x18ffefa7,2,1785268657700600396,1785268657701085691,485
0x0,0,1785268657700772913,1785268657703176146,2403
0x18fd50a7,2,1785268657701044541,1785268657703176146,2131
0x18ff28a7,2,1785268657701417261,1785268657703176146,1758
0x18ff2895,2,1785268657702690180,1785268657703176146,485
0x18fe2895,2,1785268657702961715,1785268657705063121,2101
0x1801d08f,2,1785268657705032832,1785268657707175595,2142
0x18fe50a7,2,1785268657705903957,1785268657707175595,1271
0x18ffefa7,2,1785268657710978352,1785268657713180481,2202
0x18ffa7ef,2,1785268657713450411,1785268657715301455,1851
0x1cffd4f5,2,1785268657714723385,1785268657715301455,578
0x18ff28ef,2,1785268657714740088,1785268657715301455,561
0xc7f8f,2,1785268657715612824,1785268657717215634,1602
0x18fe50a7,2,1785268657716284727,1785268657717215634,930
0x18ff9528,2,1785268657720357277,1785268657721191175,833
0x18ffefa7,2,1785268657721629399,1785268657723312260,1682
0x1f2,1,1785268657721801379,1785268657723312260,1510
0x18fd50a7,2,1785268657722074489,1785268657723312260,1237
0x18ff28a7,2,1785268657722448431,1785268657723312260,863
0x18ff2895,2,1785268657723721868,1785268657725331642,1609
0x18fe2895,2,1785268657723993218,1785268657725331642,1338
0x18fe50a7,2,1785268657726866367,1785268657727319839,453
0x18ffefa7,2,1785268657731940818,1785268657733316317,1375
0x30c,1,1785268657733614178,1785268657735320496,1706
0x18ffa7ef,2,1785268657734486451,1785268657735320496,834
0x18fe50a7,2,1785268657737157879,1785268657739326944,2169
0x18ff9528,2,1785268657740931005,1785268657741343067,412
0xc7ff7,2,1785268657742503939,1785268657743468244,964
0x1f2,1,1785268657742874882,1785268657743468244,593
0x18fd50a7,2,1785268657743246268,1785268657745554126,2307
0x18ff28a7,2,1785268657743261990,1785268657745554126,2292
0x18ff2895,2,1785268657744433372,1785268657745554126,1120
0x18fe2895,2,1785268657744804574,1785268657745554126,749
0x18fe50a7,2,1785268657747679556,1785268657749432242,1752
0x18ff28f4,2,1785268657750652131,1785268657751468883,816
0x10ffd4f4,2,1785268657751024036,1785268657751468883,444
0x18ffefa7,2,1785268657752896636,1785268657753457468,560
0x18ffa7ef,2,1785268657755368380,1785268657757577713,2209
0x18fe50a7,2,1785268657758039698,1785268657759565095,1525
0x18ffeff4,2,1785268657761011994,1785268657761554532,542
0x18ff9528,2,1785268657762185691,1785268657763569655,1383
0xc7ff7,2,1785268657763457387,1785268657765679721,2222
0x1f2,1,1785268657763827940,1785268657765679721,1851
0x18fd50a7,2,1785268657764198975,1785268657765679721,1480
0x18ff28a7,2,1785268657764215086,1785268657765679721,1464
0x18ff2895,2,1785268657765386709,1785268657767678973,2292
0x18fe2895,2,1785268657765756910,1785268657767678973,1922
0xc7f28,2,1785268657768630726,1785268657769701874,1071
0x18ffefa7,2,1785268657773703640,1785268657775693408,1989
0x18ffa7ef,2,1785268657776183181,1785268657777683382,1500
0x18fe50a7,2,1785268657778856387,1785268657779699431,843
0x18ff9528,2,1785268657783030213,1785268657783724842,694
0x10ffd438,2,1785268657783402933,1785268657783724842,321
0xc7ff7,2,1785268657784276021,1785268657785931001,1654
0x1f2,1,1785268657784647981,1785268657785931001,1283
0x18fd50a7,2,1785268657785020350,1785268657785931001,910
0x18ff28a7,2,1785268657785036887,1785268657785931001,894
0x18ff2895,2,1785268657786209991,1785268657787836921,1626
0xc7f14,2,1785268657786680766,1785268657787836921,1156
0xc7f28,2,1785268657789453138,1785268657789801395,348
0x10fff4d4,2,1785268657794025314,1785268657795837392,1812
0xc7ff7,2,1785268657794598255,1785268657795837392,1239
0x10ff38d4,2,1785268657796171097,1785268657797846033,1674
0x18ffa7ef,2,1785268657797142943,1785268657797846033,703
0x18fff5d4,2,1785268657798315899,1785268657799833156,1517
0x18fe50a7,2,1785268657799887408,1785268657801851704,1964
0x18ff9528,2,1785268657803960235,1785268657805963875,2003
0x18ffefa7,2,1785268657805232894,1785268657805963875,730
0x1f2,1,1785268657805621022,1785268657808057460,2436
0x18fd50a7,2,1785268657805977038,1785268657808057460,2080
0x18ff28a7,2,1785268657805993130,1785268657808057460,2064
0x18ff2895,2,1785268657807166105,1785268657808057460,891
0x18fe2895,2,1785268657807537510,1785268657808057460,519
0x1801d08f,2,1785268657809609553,1785268657809930842,321
0xc7f28,2,1785268657810483011,1785268657811948891,1465
0xc7ff7,2,1785268657815555647,1785268657816056209,500
0x18ffa7ef,2,1785268657817926484,1785268657820095751,2169
0xe7fea,2,1785268657819599659,1785268657820095751,496
0x18fe50a7,2,1785268657820772375,1785268657822083614,1311
0x18ff9528,2,1785268657824745536,1785268657826059396,1313
0x18ffefa7,2,1785268657826112639,1785268657828183296,2070
0x1f2,1,1785268657826484859,1785268657828183296,1698
0x18fd50a7,2,1785268657826856579,1785268657828183296,1326
0x18ff28a7,2,1785268657826873042,1785268657828183296,1310
0x18ff2895,2,1785268657828045757,1785268657830183307,2137
0x18fe2895,2,1785268657828418736,1785268657830183307,1764
0xc7f28,2,1785268657831291885,1785268657832099912,808
0xc7ff7,2,1785268657836365058,1785268657838201723,1836
0x18ff28d0,2,1785268657837837105,1785268657838201723,364
0x30c,1,1785268657838210121,1785268657840209253,1999
0x18ffa7ef,2,1785268657838881136,1785268657840209253,1328
0x18fe50a7,2,1785268657841652860,1785268657842197339,544
0x18ff9528,2,1785268657845624836,1785268657846201862,577
0x18ffefa7,2,1785268657846998179,1785268657848309558,1311
0x1f2,1,1785268657847370622,1785268657848309558,938
0x18fd50a7,2,1785268657847742545,1785268657848309558,567
0x18ff28a7,2,1785268657847758823,1785268657848309558,550
0x18ff2895,2,1785268657848931223,1785268657850343162,1411
0xc7f14,2,1785268657849402924,1785268657850343162,940
0x18fe50a7,2,1785268657852176037,1785268657854318277,2142
0x18ffe5f4,2,1785268657855448943,1785268657856327289,878
0x18ff28f4,2,1785268657855465110,1785268657856327289,862
0x18ffefa7,2,1785268657857337395,1785268657858315245,977
0x18ffa7ef,2,1785268657859710343,1785268657860332756,622
0x18fe50a7,2,1785268657862484012,1785268657864341409,1857
0x18ffeff4,2,1785268657865495401,1785268657866444105,948
0x18ff9528,2,1785268657866598024,1785268657868479283,1881
0x18ffefa7,2,1785268657867660610,1785268657868479283,818
0x1f2,1,1785268657868313347,1785268657870477739,2164
0x18fd50a7,2,1785268657868664789,1785268657870477739,1812
0x18ff28a7,2,1785268657868756752,1785268657870477739,1720
0x18ff2895,2,1785268657870169836,1785268657872456824,2286
0x18fe2895,2,1785268657870291002,1785268657872456824,2165
0x18fe50a7,2,1785268657873112781,1785268657874447928,1335
0x18ffefa7,2,1785268657878166269,1785268657878479414,313
0x18ffa7ef,2,1785268657880617717,1785268657882572307,1954
0x18fe50a7,2,1785268657883331219,1785268657884559967,1228
0x18ff9528,2,1785268657887374695,1785268657888566601,1191
0x18ffefa7,2,1785268657888746539,1785268657890686926,1940
0x1f2,1,1785268657889107740,1785268657890686926,1579
0x18fd50a7,2,1785268657889458849,1785268657890686926,1228
0x18ff28a7,2,1785268657889550293,1785268657890686926,1136
0x18ff2895,2,1785268657890694045,1785268657892685845,1991
0xc7f14,2,1785268657891155431,1785268657892685845,1530
0x18fe50a7,2,1785268657893908378,1785268657894696042,787
0x18ffefa7,2,1785268657898961051,1785268657900706854,1745
0x18fff5d4,2,1785268657899462752,1785268657900706854,1244
0xc7fd3,2,1785268657901565221,1785268657902694125,1128
0x18fe50a7,2,1785268657904197297,1785268657904685858,488
0x18ff9528,2,1785268657908260773,1785268657908717048,456
0x18ffefa7,2,1785268657909323581,1785268657910809133,1485
0x1f2,1,1785268657909974929,1785268657910809133,834
0x18fd50a7,2,1785268657910327668,1785268657910809133,481
0x18ff28a7,2,1785268657910419241,1785268657910809133,389
0x18ff2895,2,1785268657911560845,1785268657912825866,1265
0xc7f14,2,1785268657912022009,1785268657912825866,803
0x1801d08f,2,1785268657914043497,1785268657914812174,768
0x18fe50a7,2,1785268657914846622,1785268657916809334,1962
0x18ffefa7,2,1785268657919899443,1785268657920809060,909
0x18ffa7ef,2,1785268657922451835,1785268657922826998,375
0x18ff28ef,2,1785268657923424515,1785268657924848750,1424
0x18ff1eef,2,1785268657924786877,1785268657927063538,2276
0x1cffd4f5,2,1785268657924878265,1785268657927063538,2185
0x18fe50a7,2,1785268657925280059,1785268657927063538,1783
0x18ffd0ef,2,1785268657925712279,1785268657927063538,1351
0x18ff95ef,2,1785268657926785235,1785268657928963050,2177
0x87f9c,2,1785268657927936061,1785268657928963050,1026
0x18ff38ef,2,1785268657928927685,1785268657931063098,2135
0x18ff9528,2,1785268657929688310,1785268657931063098,1374
0x18fe38ef,2,1785268657930069715,1785268657931063098,993
0x18ffefa7,2,1785268657930783174,1785268657933064906,2281
0x1f2,1,1785268657931135764,1785268657933064906,1929
0xc7ea8,2,1785268657931567354,1785268657933064906,1497
0x18ff28a7,2,1785268657932129481,1785268657933064906,935
0x1cfe50ef,2,1785268657932221573,1785268657933064906,843
0x18ff2895,2,1785268657933314214,1785268657935063436,1749
0xc7f14,2,1785268657933465324,1785268657935063436,1598
0x18fff4ef,2,1785268657933766971,1785268657935063436,1296
0x18fe50a7,2,1785268657936359677,1785268657936985151,625
0x18ffefa7,2,1785268657941412517,1785268657943063130,1650
0x30c,1,1785268657943165692,1785268657945098493,1932
0x18ffa7ef,2,1785268657943937132,1785268657945098493,1161
0x18fe50a7,2,1785268657946649374,1785268657947063319,413
0x18ff9528,2,1785268657950722498,1785268657951063472,340
0x18ffefa7,2,1785268657951795658,1785268657953189668,1394
0x1f2,1,1785268657952427951,1785268657953189668,761
0x18fd50a7,2,1785268657952780300,1785268657953189668,409
0xc7f94,2,1785268657952933448,1785268657955234957,2301
0x18ff2895,2,1785268657954035645,1785268657955234957,1199
0x18fe2895,2,1785268657954408513,1785268657955234957,826
0x18fe50a7,2,1785268657957230255,1785268657959212072,1981
0x18ff28f4,2,1785268657960251459,1785268657961219436,967
0x18fe28f4,2,1785268657960611883,1785268657961219436,607
0x18ffefa7,2,1785268657962428613,1785268657963206021,777
0x18ffa7ef,2,1785268657964883801,1785268657965196218,312
0x18fe50a7,2,1785268657967597230,1785268657969317129,1719
0x1cff50f4,2,1785268657970615304,1785268657971353826,738
0x18ffeff4,2,1785268657970973894,1785268657971353826,379
0x18ff9528,2,1785268657971926333,1785268657973334726,1408
0x18ffefa7,2,1785268657972877105,1785268657973334726,457
0x1f2,1,1785268657973509194,1785268657975360719,1851
0x18fd50a7,2,1785268657973868062,1785268657975360719,1492
0xc7f94,2,1785268657974020246,1785268657975360719,1340
0x18ff2895,2,1785268657975070166,1785268657977340730,2270
0x18fe2895,2,1785268657975430312,1785268657977340730,1910
0x18fe50a7,2,1785268657978320887,1785268657979358779,1037
0x18ff38f4,2,1785268657981317721,1785268657983448635,2130
0x18ffefa7,2,1785268657983462856,1785268657985441146,1978
0x18ffa7ef,2,1785268657985926267,1785268657987456713,1530
0x18fe50a7,2,1785268657988641862,1785268657989445428,803
0x18ff9528,2,1785268657992837577,1785268657993449655,612
0x10ffd438,2,1785268657993204186,1785268657995573999,2369
0x18ffefa7,2,1785268657993863682,1785268657995573999,1710
0x1f2,1,1785268657994497530,1785268657995573999,1076
0x18fd50a7,2,1785268657994848917,1785268657995573999,725
0xc7f94,2,1785268657995001138,1785268657995573999,572
0xc7f94,2,1785268657996163890,1785268657997609825,1445
0x18fe2895,2,1785268657996474481,1785268657997609825,1135
0x18fe50a7,2,1785268657999298372,1785268658001587867,2289
0x10ff38d4,2,1785268658003742363,1785268658005584204,1841
0x18ffefa7,2,1785268658004443341,1785268658005584204,1140
0x18fff5d4,2,1785268658005855258,1785268658007589568,1734
0x18ffa7ef,2,1785268658006948085,1785268658007589568,641
0xc7f28,2,1785268658009740957,1785268658011595757,1854
0x18ff9528,2,1785268658013784210,1785268658015738076,1953
0x18ffefa7,2,1785268658014807204,1785268658015738076,930
0x1f2,1,1785268658015440608,1785268658017814976,2374
0x18fd50a7,2,1785268658015792420,1785268658017814976,2022
0xc7f94,2,1785268658015944586,1785268658017814976,1870
0x18ff2895,2,1785268658017027116,1785268658017814976,787
0x18fe2895,2,1785268658017419355,1785268658019692228,2272
0x1801d08f,2,1785268658019512027,1785268658021722258,2210
0x18fe50a7,2,1785268658020312726,1785268658021722258,1409
0x18ffefa7,2,1785268658025386140,1785268658025727633,341
0x18ffa7ef,2,1785268658027819533,1785268658029731656,1912
0x18fe50a7,2,1785268658030531942,1785268658031822371,1290
0x1cffd4f5,2,1785268658030894607,1785268658031822371,927
0x18ff9528,2,1785268658034797750,1785268658035815042,1017
0x18ffefa7,2,1785268658035749522,1785268658037945941,2196
0x1f2,1,1785268658036381333,1785268658037945941,1564
0xc7ea8,2,1785268658036732516,1785268658037945941,1213
0x18ff28a7,2,1785268658036823312,1785268658037945941,1122
0x18ff2895,2,1785268658037985416,1785268658039859416,1874
0x18fe2895,2,1785268658038357710,1785268658039859416,1501
0x18fe50a7,2,1785268658041179693,1785268658041848576,668
0x18ffefa7,2,1785268658046258477,1785268658047944091,1685
0x30c,1,1785268658048202280,1785268658049985899,1783
0x18ff28d0,2,1785268658048284002,1785268658049985899,1701
0x18ffa7ef,2,1785268658048836554,1785268658049985899,1149
0xc7f28,2,1785268658051630797,1785268658051944003,313
0x18ff9528,2,1785268658055703291,1785268658057975870,2272
0x18ffefa7,2,1785268658056696155,1785268658057975870,1279
0x1f2,1,1785268658057328392,1785268658057975870,647
0x18fd50a7,2,1785268658057685945,1785268658060070752,2384
0xc7f94,2,1785268658057833537,1785268658060070752,2237
0x18ff2895,2,1785268658058946141,1785268658060070752,1124
0x18fe2895,2,1785268658059306991,1785268658060070752,763
0x18fe50a7,2,1785268658062113104,1785268658064069534,1956
0x18ffe5f4,2,1785268658065115919,1785268658066092879,976
0x18ff28f4,2,1785268658065498454,1785268658066092879,594
0x10ffd4f4,2,1785268658065870988,1785268658068100909,2229
0x18ffefa7,2,1785268658067402998,1785268658068100909,697
0x18ffa7ef,2,1785268658069834576,1785268658072076543,2241
0x18fe50a7,2,1785268658072548244,1785268658074070554,1522
0x18ffeff4,2,1785268658075641355,1785268658076113140,471
0x18ff9528,2,1785268658076712775,1785268658078195114,1482
0x18ffefa7,2,1785268658078088915,1785268658080321717,2232
0x1f2,1,1785268658078110989,1785268658080321717,2210
0x18fd50a7,2,1785268658078483746,1785268658080321717,1837
0x18ff28a7,2,1785268658078756355,1785268658080321717,1565
0x18ff2895,2,1785268658080029273,1785268658082212488,2183
0x18fe2895,2,1785268658080300494,1785268658082212488,1911
0x18fe50a7,2,1785268658083182236,1785268658084201926,1019
0x18ffefa7,2,1785268658088259705,1785268658090223534,1963
0x18ffa7ef,2,1785268658090636283,1785268658092241119,1604
0x18fe50a7,2,1785268658093408100,1785268658094343723,935
0x18ff9528,2,1785268658097681704,1785268658098321450,639
0x18ffefa7,2,1785268658098554976,1785268658100447664,1892
0x1f2,1,1785268658098926419,1785268658100447664,1521
0xc7ea8,2,1785268658099297879,1785268658100447664,1149
0x18ff28a7,2,1785268658099569304,1785268658100447664,878
0x18ff2895,2,1785268658100841426,1785268658102346732,1505
0x18fe2895,2,1785268658101113091,1785268658102346732,1233
0x18fe50a7,2,1785268658103986073,1785268658104335854,349
0x18ffefa7,2,1785268658109359374,1785268658110463944,1104
0x10fff4d4,2,1785268658109375948,1785268658110463944,1087
0x18fff5d4,2,1785268658111648731,1785268658112472177,823
0x18ffa7ef,2,1785268658111819711,1785268658112472177,652
0x18fe50a7,2,1785268658114292881,1785268658116447848,2154
0x18ff9528,2,1785268658118565782,1785268658120491779,1925
0x18ffefa7,2,1785268658119437221,1785268658120491779,1054
0x1f2,1,1785268658120008606,1785268658120491779,483
0xc7ea8,2,1785268658120380048,1785268658122573864,2193
0x18ff28a7,2,1785268658120395789,1785268658122573864,2178
0x18ff2895,2,1785268658121567264,1785268658122573864,1006
0x18fe2895,2,1785268658121938502,1785268658122573864,635
0x1801d08f,2,1785268658124012989,1785268658124572931,559
0x18fe50a7,2,1785268658124885429,1785268658126572664,1687
0x18ffefa7,2,1785268658129958435,1785268658130578502,620
0x18ffa7ef,2,1785268658132430939,1785268658134600432,2169
0x18ff28ef,2,1785268658133402377,1785268658134600432,1198
0xc7f8f,2,1785268658134576296,1785268658136699258,2122
0x18fe50a7,2,1785268658135248237,1785268658136699258,1451
0x1cffd4f5,2,1785268658135920807,1785268658136699258,778
0x18ff9528,2,1785268658139495470,1785268658140604633,1109
0xc7ff7,2,1785268658140767314,1785268658142821718,2054
0x1f2,1,1785268658141138312,1785268658142821718,1683
0x18fd50a7,2,1785268658141411440,1785268658142821718,1410
0x18ff28a7,2,1785268658141582458,1785268658142821718,1239
0x18ff2895,2,1785268658142656247,1785268658144717859,2061
0x18fe2895,2,1785268658143028412,1785268658144717859,1689
0x18fe50a7,2,1785268658145901654,1785268658146707445,805
0x18ffefa7,2,1785268658150974327,1785268658152699868,1725
0x30c,1,1785268658152646632,1785268658154736528,2089
0x18ffa7ef,2,1785268658153418608,1785268658154736528,1317
0x18fe50a7,2,1785268658156192943,1785268658156821150,628
0x18ff9528,2,1785268658160466918,1785268658160822210,355
0x18ffefa7,2,1785268658161640022,1785268658162950906,1310
0x1f2,1,1785268658161656003,1785268658162950906,1294
0x18fd50a7,2,1785268658162028723,1785268658162950906,922
0x18ff28a7,2,1785268658162300962,1785268658162950906,649
0x18ff2895,2,1785268658163472455,1785268658164839047,1366
0x18fe2895,2,1785268658163843305,1785268658164839047,995
0x18fe50a7,2,1785268658166717065,1785268658168822533,2105
0x18ffefa7,2,1785268658171790312,1785268658172853389,1063
0x18ffa7ef,2,1785268658174164465,1785268658174869827,705
0x18ff28f4,2,1785268658175836918,1785268658176973004,1136
0x18fe50a7,2,1785268658177009429,1785268658178960942,1951
0x18ff9528,2,1785268658181382292,1785268658183077390,1695
0x18ffefa7,2,1785268658182455341,1785268658183077390,622
0x0,0,1785268658182472248,1785268658183077390,605
0x18fd50a7,2,1785268658182845616,1785268658185077290,2231
0x18ff28a7,2,1785268658183117096,1785268658185077290,1960
0x18ff2895,2,1785268658184288867,1785268658185077290,788
0xc7f14,2,1785268658184760938,1785268658187077005,2316
0x18ffeff4,2,1785268658186533168,1785268658187077005,543
0x18fe50a7,2,1785268658187615495,1785268658189089258,1473
0x18ffefa7,2,1785268658192751149,1785268658193093132,341
0x18ffa7ef,2,1785268658195133727,1785268658197097544,1963
0x18fe50a7,2,1785268658197908562,1785268658199115685,1207
0x18ff9528,2,1785268658202484646,1785268658203227393,742
0x10ffd438,2,1785268658202500831,1785268658203227393,726
0x18ffefa7,2,1785268658203373751,1785268658205328478,1954
0x0,0,1785268658203389918,1785268658205328478,1938
0x18fd50a7,2,1785268658203761934,1785268658205328478,1566
0x18ff28a7,2,1785268658204033859,1785268658205328478,1294
0x18ff2895,2,1785268658205206185,1785268658207223508,2017
0x18fe2895,2,1785268658205577442,1785268658207223508,1646
0x18fe50a7,2,1785268658208452202,1785268658209210909,758
0x1cff50d4,2,1785268658212844194,1785268658213217357,373
0x18ffefa7,2,1785268658213625190,1785268658215328220,1703
0x10ff38d4,2,1785268658214902237,1785268658215328220,425
0x18ffa7ef,2,1785268658216076453,1785268658217328139,1251
0x18fff5d4,2,1785268658217050280,1785268658219365261,2314
0x18fe50a7,2,1785268658218923009,1785268658219365261,442
0x18ff9528,2,1785268658223198928,1785268658225455536,2256
0x18ffefa7,2,1785268658224372069,1785268658225455536,1083
0x0,0,1785268658224388939,1785268658225455536,1066
0x18fd50a7,2,1785268658224760937,1785268658225455536,694
0x18ff28a7,2,1785268658225057491,1785268658227454307,2396
0x18ff2895,2,1785268658226206169,1785268658227454307,1248
0xc7f14,2,1785268658226677370,1785268658227454307,776
0x1801d08f,2,1785268658228649099,1785268658229374393,725
0xc7f28,2,1785268658229620686,1785268658231453756,1833
0x18ffefa7,2,1785268658234594174,1785268658235453964,859
0x18ffa7ef,2,1785268658237066233,1785268658237455031,388
0x18ffd0ef,2,1785268658238038172,1785268658239487023,1448
0x18ff95ef,2,1785268658239112980,1785268658239487023,374
0xc7f28,2,1785268658239988975,1785268658241496998,1508
0x10ff38ef,2,1785268658240260492,1785268658241496998,1236
0x1cffd4f5,2,1785268658241233504,1785268658243586287,2352
0x18ff9528,2,1785268658244306597,1785268658245580909,1274
0x18ffefa7,2,1785268658245479220,1785268658247705939,2226
0x1f2,1,1785268658245495127,1785268658247705939,2210
0x18fd50a7,2,1785268658245867773,1785268658247705939,1838
0x18ff28a7,2,1785268658246140975,1785268658247705939,1564
0x18ff2895,2,1785268658247612781,1785268658249602969,1990
0xc7f14,2,1785268658247628336,1785268658249602969,1974
0xc7f28,2,1785268658250602170,1785268658251592351,990
0x18ffefa7,2,1785268658255593047,1785268658257706422,2113
0x30c,1,1785268658257274778,1785268658257706422,431
0x18ff28d0,2,1785268658257949459,1785268658259705933,1756
0x18ffa7ef,2,1785268658258323198,1785268658259705933,1382
0x18fe50a7,2,1785268658260896034,1785268658261718259,822
0x18ff9528,2,1785268658265370951,1785268658265722764,351
0x18ffefa7,2,1785268658266345483,1785268658267828608,1483
0x1f2,1,1785268658266716554,1785268658267828608,1112
0x18fd50a7,2,1785268658267088015,1785268658267828608,740
0x18ff28a7,2,1785268658267104126,1785268658267828608,724
0x18ff2895,2,1785268658268176268,1785268658269747620,1571
0x18fe2895,2,1785268658268547025,1785268658269747620,1200
0x18fe50a7,2,1785268658271421341,1785268658271734428,313
0x18ffefa7,2,1785268658276494681,1785268658277829239,1334
0x18ffa7ef,2,1785268658278870037,1785268658279828084,958
0x18ffe5f4,2,1785268658280540693,1785268658281835096,1294
0x18ff28f4,2,1785268658280912691,1785268658281835096,922
0xc7f28,2,1785268658281885463,1785268658283828459,1942
0x18ffefa7,2,1785268658287159320,1785268658287957555,798
0x1f2,1,1785268658287175635,1785268658287957555,781
0x18fd50a7,2,1785268658287548114,1785268658287957555,409
0x18ff28a7,2,1785268658287820520,1785268658289958678,2138
0x18ff9528,2,1785268658288192258,1785268658289958678,1766
0x18ff2895,2,1785268658289064401,1785268658289958678,894
0x18fe2895,2,1785268658289436510,1785268658289958678,522
0x18ffeff4,2,1785268658291309850,1785268658291965708,655
0x18fe50a7,2,1785268658292381474,1785268658293957275,1575
0x18ffefa7,2,1785268658297454999,1785268658297959909,504
0x18ffa7ef,2,1785268658299829262,1785268658301963783,2134
0x18fe50a7,2,1785268658302602986,1785268658303982239,1379
0x18ffefa7,2,1785268658307975768,1785268658310209921,2234
0x1f2,1,1785268658307991398,1785268658310209921,2218
0x18fd50a7,2,1785268658308363062,1785268658310209921,1846
0x18ff28a7,2,1785268658308634690,1785268658310209921,1575
0x18ff9528,2,1785268658309006207,1785268658310209921,1203
0x18ff2895,2,1785268658309978071,1785268658312116247,2138
0x18fe2895,2,1785268658310251162,1785268658312116247,1865
0x18fe50a7,2,1785268658313124256,1785268658314083444,959
0x18ffefa7,2,1785268658318497483,1785268658320119201,1621
0x18fff5d4,2,1785268658318513279,1785268658320119201,1605
0xc7fd3,2,1785268658320686358,1785268658322106397,1420
0x18fe50a7,2,1785268658323359472,1785268658324124983,765
0x18ffefa7,2,1785268658328733199,1785268658330336813,1603
0x1f2,1,1785268658328750125,1785268658330336813,1586
0x18fd50a7,2,1785268658329122548,1785268658330336813,1214
0x18ff28a7,2,1785268658329394528,1785268658330336813,942
0x18ff9528,2,1785268658329766600,1785268658330336813,570
0x18ff2895,2,1785268658330939611,1785268658332230010,1290
0x18fe2895,2,1785268658330956259,1785268658332230010,1273
0x1801d08f,2,1785268658333027951,1785268658334217614,1189
0xc7f28,2,1785268658333999889,1785268658336209940,2210
0xc7ff7,2,1785268658338973526,1785268658340242518,1268
0xc7fd3,2,1785268658341545640,1785268658342353270,807
0x18ff28ef,2,1785268658342418746,1785268658344354096,1935
0x18ff1eef,2,1785268658343490739,1785268658344354096,863
0x18fe50a7,2,1785268658344263661,1785268658346343256,2079
0xe7fea,2,1785268658346136446,1785268658348334971,2198
0x18ffefa7,2,1785268658349707924,1785268658350345260,637
0x1f2,1,1785268658350089125,1785268658352462179,2373
0x18fd50a7,2,1785268658350351161,1785268658352462179,2111
0x18ff28a7,2,1785268658350522493,1785268658352462179,1939
0x18ff9528,2,1785268658350794010,1785268658352462179,1668
0x18ff2895,2,1785268658351665949,1785268658352462179,796
0x18fe2895,2,1785268658352037188,1785268658352462179,424
0x18fe50a7,2,1785268658354912356,1785268658356467498,1555
0x18ffefa7,2,1785268658359985825,1785268658360471169,485
0x30c,1,1785268658361657648,1785268658362461051,803
0x18ffa7ef,2,1785268658362431699,1785268658364460969,2029
0x18fe50a7,2,1785268658365204553,1785268658366465351,1260
0x18ffefa7,2,1785268658370577798,1785268658372713255,2135
0x1f2,1,1785268658370949870,1785268658372713255,1763
0x18fd50a7,2,1785268658371222109,1785268658372713255,1491
0x18ff28a7,2,1785268658371394534,1785268658372713255,1318
0x18ff9528,2,1785268658371666903,1785268658372713255,1046
0x18ff2895,2,1785268658372640138,1785268658374601156,1961
0x18fe2895,2,1785268658372911654,1785268658374601156,1689
0x18fe50a7,2,1785268658375784619,1785268658376588426,803
0xc7ff7,2,1785268658380858847,1785268658382586942,1728
0x18ffa7ef,2,1785268658383232203,1785268658384597491,1365
0x18ff28f4,2,1785268658385203210,1785268658386712928,1509
0x10ffd4f4,2,1785268658385218969,1785268658386712928,1493
0x18fe50a7,2,1785268658386099630,1785268658386712928,613
0xc7ff7,2,1785268658391474709,1785268658392835795,1361
0x1f2,1,1785268658391846151,1785268658392835795,989
0x18fd50a7,2,1785268658392117335,1785268658392835795,718
0x18ff28a7,2,1785268658392288445,1785268658392835795,547
0x18ff2895,2,1785268658392860608,1785268658394743695,1883
0x18fe2895,2,1785268658393232347,1785268658394743695,1511
0x18ffeff4,2,1785268658395606425,1785268658396712540,1106
0x18fe50a7,2,1785268658396679548,1785268658398719052,2039
0xc7ff7,2,1785268658401752054,1785268658402725278,973
0x18ffa7ef,2,1785268658404125781,1785268658404834660,708
0x18fe50a7,2,1785268658406898931,1785268658408835886,1936
0x10ffd438,2,1785268658411472570,1785268658412852205,1379
0xc7ff7,2,1785268658412345065,1785268658412852205,507
0x1f2,1,1785268658412717803,1785268658414964864,2247
0x18fd50a7,2,1785268658412989302,1785268658414964864,1975
0x18ff28a7,2,1785268658413161115,1785268658414964864,1803
0x18ff9528,2,1785268658413433558,1785268658414964864,1531
0xc7f94,2,1785268658414606162,1785268658416851024,2244
0x18fe2895,2,1785268658414776976,1785268658416851024,2074
0x18fe50a7,2,1785268658417565607,1785268658418870610,1305
0x18ffefa7,2,1785268658422945075,1785268658425001736,2056
0x10fff4d4,2,1785268658422962278,1785268658425001736,2039
0x10ff38d4,2,1785268658425236950,1785268658426981155,1744
0xc7fd3,2,1785268658425407375,1785268658426981155,1573
0x18fff5d4,2,1785268658427082661,1785268658428988333,1905
0x18fe50a7,2,1785268658427955211,1785268658428988333,1033
0xc7ff7,2,1785268658433328938,1785268658435091182,1762
0x1f2,1,1785268658433700362,1785268658435091182,1390
0x18fd50a7,2,1785268658433972249,1785268658435091182,1118
0x18ff28a7,2,1785268658434113618,1785268658435091182,977
0x18ff9528,2,1785268658434687467,1785268658435091182,403
0x18ff2895,2,1785268658434727004,1785268658437095397,2368
0x18fe2895,2,1785268658435076150,1785268658437095397,2019
0x1801d08f,2,1785268658437648671,1785268658439102890,1454
0xc7f28,2,1785268658438621517,1785268658439102890,481
0x18ffefa7,2,1785268658443595339,1785268658445095535,1500
0x18ffa7ef,2,1785268658446068435,1785268658447090214,1021
0x18ff38ef,2,1785268658447041485,1785268658449121817,2080
0x18fe38ef,2,1785268658448112960,1785268658449121817,1008
0x18fe50a7,2,1785268658448884640,1785268658451216551,2331
0x1cfe50ef,2,1785268658449255860,1785268658451216551,1960
0x18fff4ef,2,1785268658450329484,1785268658451216551,887
0x1cffd4f5,2,1785268658451402792,1785268658453222488,1819
0x18ffefa7,2,1785268658454175349,1785268658455232000,1056
0x1f2,1,1785268658454846086,1785268658455232000,385
0x18fd50a7,2,1785268658455117714,1785268658457342362,2224
0x18ff28a7,2,1785268658455288824,1785268658457342362,2053
0x18ff9528,2,1785268658455560415,1785268658457342362,1781
0x18ff2895,2,1785268658456531817,1785268658457342362,810
0x18fe2895,2,1785268658456927110,1785268658459215930,2288
0x18fe50a7,2,1785268658459676853,1785268658461225997,1549
0x18ffefa7,2,1785268658464750156,1785268658465259927,509
0x30c,1,1785268658466422146,1785268658467341290,919
0x18ffa7ef,2,1785268658467494454,1785268658469372875,1878
0x18ff28d0,2,1785268658467510084,1785268658469372875,1862
0x18fe50a7,2,1785268658469981772,1785268658471341776,1360
0x18ffefa7,2,1785268658475055946,1785268658475342039,286
0x1f2,1,1785268658475726904,1785268658477468458,1741
0x18fd50a7,2,1785268658475997366,1785268658477468458,1471
0x18ff28a7,2,1785268658476368604,1785268658477468458,1099
0x18ff9528,2,1785268658476384438,1785268658477468458,1084
0x18ff2895,2,1785268658477356061,1785268658479479488,2123
0x18fe2895,2,1785268658477727041,1785268658479479488,1752
0x18fe50a7,2,1785268658480500672,1785268658481469055,968
0x18ffefa7,2,1785268658485573178,1785268658487467719,1894
0x18ffa7ef,2,1785268658487946479,1785268658489478897,1532
0x18ffe5f4,2,1785268658489619135,1785268658491594408,1975
0x18ff28f4,2,1785268658489991078,1785268658491594408,1603
0x18fe28f4,2,1785268658490363724,1785268658491594408,1230
0x10ffd4f4,2,1785268658490734832,1785268658491594408,859
0x18fe50a7,2,1785268658490807999,1785268658491594408,786
0x18ffd0f4,2,1785268658493784684,1785268658495593690,1809
0x1cff50f4,2,1785268658494159812,1785268658495593690,1433
0x18ffeff4,2,1785268658494532254,1785268658495593690,1061
0x18ff9528,2,1785268658495405267,1785268658497719590,2314
0x18ffefa7,2,1785268658496477409,1785268658497719590,1242
0x1f2,1,1785268658496850888,1785268658497719590,868
0x18fd50a7,2,1785268658497122794,1785268658497719590,596
0x18ff28a7,2,1785268658497296311,1785268658499633305,2336
0x18ff2895,2,1785268658497767975,1785268658499633305,1865
0x18fe2895,2,1785268658498140880,1785268658499633305,1492
0x18fe50a7,2,1785268658501612563,1785268658503593661,1981
0x18ff38f4,2,1785268658504586156,1785268658505600154,1013
0x18ffefa7,2,1785268658506759828,1785268658507616314,856
0xc7fd3,2,1785268658509231739,1785268658509721066,489
0x18fe50a7,2,1785268658511905316,1785268658513725811,1820
0x18ff9528,2,1785268658515578275,1785268658517750519,2172
0x18ffefa7,2,1785268658517049470,1785268658517750519,701
0x1f2,1,1785268658517722096,1785268658519842659,2120
0x18fd50a7,2,1785268658517992761,1785268658519842659,1849
0x18ff28a7,2,1785268658518165871,1785268658519842659,1676
0x18ff2895,2,1785268658518637942,1785268658519842659,1204
0x18fe2895,2,1785268658519009773,1785268658519842659,832
0x18fe50a7,2,1785268658522482233,1785268658523734368,1252
0x18ffefa7,2,1785268658527555258,1785268658529841994,2286
0x10fff4d4,2,1785268658528127385,1785268658529841994,1714
0xc7fd3,2,1785268658530300686,1785268658531872932,1572
0x18fff5d4,2,1785268658530471852,1785268658531872932,1401
0x18fe50a7,2,1785268658532843801,1785268658533844073,1000
0x18ff9528,2,1785268658536516649,1785268658537847799,1331
0x18ffefa7,2,1785268658537989547,1785268658539972051,1982
0x1f2,1,1785268658538661951,1785268658539972051,1310
0x18fd50a7,2,1785268658538932893,1785268658539972051,1039
0x18ff28a7,2,1785268658539104096,1785268658539972051,867
0x18ff2895,2,1785268658540176479,1785268658541888581,1712
0xc7f14,2,1785268658540647494,1785268658541888581,1241
0xc00e8,2,1785268658542721685,1785268658543971111,1249
0x18fe50a7,2,1785268658543494440,1785268658543971111,476
0x18ffefa7,2,1785268658548567502,1785268658549976330,1408
0x1cffd4f5,2,1785268658551041061,1785268658552006082,965
0x18ffa7ef,2,1785268658551412466,1785268658552006082,593
0x1cfed4f5,2,1785268658551428763,1785268658552006082,577
0xc7f94,2,1785268658552201184,1785268658553984575,1783
0x18ff1eef,2,1785268658553271937,1785268658553984575,712
0xc7f28,2,1785268658553943970,1785268658555971513,2027
0x18ff9528,2,1785268658557618521,1785268658557988024,369
0x18ffefa7,2,1785268658559092124,1785268658560112202,1020
0x1f2,1,1785268658559665139,1785268658560112202,447
0xc7ea8,2,1785268658560037933,1785268658562223639,2185
0x18ff28a7,2,1785268658560053785,1785268658562223639,2169
0x18ff2895,2,1785268658561226592,1785268658562223639,997
0x18fe2895,2,1785268658561598646,1785268658562223639,624
0x18fe50a7,2,1785268658564471795,1785268658566106292,1634
0x18ffefa7,2,1785268658569544931,1785268658570097129,552
0x30c,1,1785268658571218162,1785268658572099048,880
0x18ffa7ef,2,1785268658572089823,1785268658574116689,2026
0xc7f28,2,1785268658574763214,1785268658576222941,1459
0x18ff9528,2,1785268658578536525,1785268658580227353,1690
0x18ffefa7,2,1785268658580108664,1785268658582349049,2240
0x0,0,1785268658580282070,1785268658582349049,2066
0x18fd50a7,2,1785268658580551865,1785268658582349049,1797
0x18ff28a7,2,1785268658580922696,1785268658582349049,1426
0x18ff2895,2,1785268658582397131,1785268658584252153,1855
0x18fe2895,2,1785268658582413002,1785268658584252153,1839
0x18fe50a7,2,1785268658585285706,1785268658586239461,953
0x18ff28f4,2,1785268658588258133,1785268658590349521,2091
0x18ffefa7,2,1785268658590431324,1785268658592348532,1917
0x18ffa7ef,2,1785268658592904031,1785268658594348636,1444
0xc7f28,2,1785268658595576255,1785268658596355018,778
0x18ffeff4,2,1785268658598548756,1785268658600377781,1829
0x18ff9528,2,1785268658599320900,1785268658600377781,1056
0x18ffefa7,2,1785268658600793520,1785268658602474830,1681
0x1f2,1,1785268658601065407,1785268658602474830,1409
0xc7ea8,2,1785268658601537645,1785268658602474830,937
0x18ff28a7,2,1785268658601810218,1785268658602474830,664
0x18ff2895,2,1785268658602383363,1785268658604491322,2107
0x18fe2895,2,1785268658602754249,1785268658604491322,1737
0x18fe50a7,2,1785268658606227469,1785268658608474512,2247
0x18ffefa7,2,1785268658611300531,1785268658612474887,1174
0x18ffa7ef,2,1785268658613771868,1785268658614474750,702
0x18fe50a7,2,1785268658616444833,1785268658618492384,2047
0x18ff9528,2,1785268658620117663,1785268658620513877,396
0x10ffd438,2,1785268658620489383,1785268658622725739,2236
0x18ffefa7,2,1785268658621660357,1785268658622725739,1065
0x1f2,1,1785268658622233446,1785268658622725739,492
0xc7ea8,2,1785268658622405982,1785268658624726417,2320
0x18ff28a7,2,1785268658622677925,1785268658624726417,2048
0xc7f94,2,1785268658623250311,1785268658624726417,1476
0xc7f14,2,1785268658623622327,1785268658624726417,1104
0x18fe50a7,2,1785268658627095065,1785268658628600533,1505
0x10ff38d4,2,1785268658631968406,1785268658632616112,647
0x18ffefa7,2,1785268658632240497,1785268658632616112,375
0x18fff5d4,2,1785268658633912783,1785268658634633660,720
0x18ffa7ef,2,1785268658634787241,1785268658636736727,1949
0x18fe50a7,2,1785268658637457818,1785268658638725831,1268
0x18ff9528,2,1785268658641230554,1785268658642730279,1499
0x18ffefa7,2,1785268658642803785,1785268658644849439,2045
0x0,0,1785268658642974618,1785268658644849439,1874
0x18fd50a7,2,1785268658643245986,1785268658644849439,1603
0x18ff28a7,2,1785268658643616966,1785268658644849439,1232
0x18ff2895,2,1785268658645088809,1785268658646848506,1759
0x18fe2895,2,1785268658645104216,1785268658646848506,1744
0x1801d08f,2,1785268658647178222,1785268658648849313,1671
0x18fe50a7,2,1785268658648050457,1785268658648849313,798
0x18ffefa7,2,1785268658653123575,1785268658654848366,1724
0x18ffa7ef,2,1785268658655596541,1785268658656849952,1253
0x1cffd4f5,2,1785268658655969021,1785268658656849952,880
0x18ffd0ef,2,1785268658656741516,1785268658658879667,2138
0x18ff95ef,2,1785268658657813324,1785268658658879667,1066
0x18fe50a7,2,1785268658658485691,1785268658658879667,393
0x10ff38ef,2,1785268658658958354,1785268658660863586,1905
0x18ff9528,2,1785268658662330927,1785268658662883986,553
0x18ffefa7,2,1785268658663903528,1785268658664998478,1094
0x1f2,1,1785268658664075768,1785268658664998478,922
0x18fd50a7,2,1785268658664347729,1785268658664998478,650
0x18ff28a7,2,1785268658664720172,1785268658667024897,2304
0x18ff2895,2,1785268658665891720,1785268658667024897,1133
0xc7f14,2,1785268658666364365,1785268658667024897,660
0x18fe50a7,2,1785268658669136182,1785268658670978087,1841
0x18ffefa7,2,1785268658674209855,1785268658674979869,770
0x18ff28d0,2,1785268658675281886,1785268658677017288,1735
0x30c,1,1785268658676153158,1785268658677017288,864
0x18ffa7ef,2,1785268658676825876,1785268658679004651,2178
0x18fe50a7,2,1785268658679499027,1785268658681107125,1608
0x18ff9528,2,1785268658683272245,1785268658685114740,1842
0x18ffefa7,2,1785268658684843624,1785268658687229399,2385
0x1f2,1,1785268658685014290,1785268658687229399,2215
0x18fd50a7,2,1785268658685285288,1785268658687229399,1944
0x18ff28a7,2,1785268658685656323,1785268658687229399,1573
0x18ff2895,2,1785268658686829853,1785268658689112578,2282
0x18fe2895,2,1785268658687202332,1785268658689112578,1910
0x18fe50a7,2,1785268658690074852,1785268658691128404,1053
0x18ffe5f4,2,1785268658693047334,1785268658695239686,2192
0x18ff28f4,2,1785268658693418424,1785268658695239686,1821
0x18ffefa7,2,1785268658695292413,1785268658697230253,1937
0x18ffa7ef,2,1785268658697765602,1785268658699229005,1463
0x18fe50a7,2,1785268658700438326,1785268658701233924,795
0x18ffeff4,2,1785268658703411605,1785268658705258539,1846
0x18ff9528,2,1785268658704284692,1785268658705258539,973
0x18ffefa7,2,1785268658705857201,1785268658707355587,1498
0x1f2,1,1785268658706029274,1785268658707355587,1326
0x18fd50a7,2,1785268658706301624,1785268658707355587,1053
0x18ff28a7,2,1785268658706673067,1785268658707355587,682
0xc7f94,2,1785268658708144928,1785268658709372636,1227
0xc7f14,2,1785268658708161150,1785268658709372636,1211
0x18fe50a7,2,1785268658711034337,1785268658713355677,2321
0x18ffefa7,2,1785268658716107732,1785268658717355941,1248
0x18ffa7ef,2,1785268658718580717,1785268658719355415,774
0x18fe50a7,2,1785268658721253423,1785268658723385697,2132
0x18ff9528,2,1785268658725128715,1785268658727483887,2355
0x18ffefa7,2,1785268658726601428,1785268658727483887,882
0x0,0,1785268658726773371,1785268658727483887,710
0x18fd50a7,2,1785268658727045796,1785268658727483887,438
0x18ff28a7,2,1785268658727418497,1785268658729524620,2106
0x18ff2895,2,1785268658727990753,1785268658729524620,1533
0x18fe2895,2,1785268658728362917,1785268658729524620,1161
0x18fe50a7,2,1785268658731836433,1785268658733482069,1645
0x18ffefa7,2,1785268658736909366,1785268658737482203,572
0x1cff50d4,2,1785268658737382770,1785268658739492437,2109
0x18ffa7ef,2,1785268658739455406,1785268658741606929,2151
0x18fff5d4,2,1785268658739726386,1785268658741606929,1880
0x18fe50a7,2,1785268658742200000,1785268658743606441,1406
0x18ff9528,2,1785268658745972829,1785268658747610890,1638
0x18ffefa7,2,1785268658747546301,1785268658749732771,2186
0x0,0,1785268658747717486,1785268658749732771,2015
0x18fd50a7,2,1785268658747989169,1785268658749732771,1743
0x18ff28a7,2,1785268658748360204,1785268658749732771,1372
0x18ff2895,2,1785268658749631807,1785268658751638116,2006
0x18fe2895,2,1785268658749902102,1785268658751638116,1736
0x1801d08f,2,1785268658751977108,1785268658753646331,1669
0x18fe50a7,2,1785268658752852566,1785268658753646331,793
0x18ffefa7,2,1785268658757946202,1785268658759638699,1692
0x18ffa7ef,2,1785268658760427724,1785268658761740636,1312
0x1cffd4f5,2,1785268658761702661,1785268658763855258,2152
0x18ff28ef,2,1785268658761719253,1785268658763855258,2136
0xc7f8f,2,1785268658762592766,1785268658763855258,1262
0x18fe50a7,2,1785268658763264318,1785268658763855258,590
0x18ff9528,2,1785268658767339460,1785268658767736856,397
0x18ffefa7,2,1785268658768612748,1785268658769856033,1243
0x1f2,1,1785268658768784896,1785268658769856033,1071
0x18fd50a7,2,1785268658769057487,1785268658769856033,798
0x18ff28a7,2,1785268658769429818,1785268658769856033,426
0x18ff2895,2,1785268658770703106,1785268658771855360,1152
0x18fe2895,2,1785268658770974216,1785268658771855360,881
0x18fe50a7,2,1785268658773846254,1785268658775854864,2008
0x18ffefa7,2,1785268658778920408,1785268658779855165,934
0x30c,1,1785268658780593602,1785268658781861454,1267
0x18ffa7ef,2,1785268658781475115,1785268658781861454,386
0x18fe50a7,2,1785268658784149321,1785268658785855792,1706
0x18ff9528,2,1785268658787922002,1785268658789897759,1975
0xc7ff7,2,1785268658789493289,1785268658789897759,404
0x1f2,1,1785268658789865213,1785268658791985141,2119
0x18fd50a7,2,1785268658790237525,1785268658791985141,1747
0x18ff28a7,2,1785268658790253729,1785268658791985141,1731
0x18ff2895,2,1785268658791426537,1785268658791985141,558
0x18fe2895,2,1785268658791799072,1785268658793988448,2189
0x18fe50a7,2,1785268658794671591,1785268658795984756,1313
0x18ff28f4,2,1785268658797642888,1785268658797984656,341
0x10ffd4f4,2,1785268658798014182,1785268658799984390,1970
0x18ffefa7,2,1785268658799887634,1785268658802000679,2113
0x18ffa7ef,2,1785268658802360619,1785268658804017505,1656
0x18fe50a7,2,1785268658805031621,1785268658806122387,1090
0x18ffeff4,2,1785268658808005400,1785268658810119077,2113
0x18ff9528,2,1785268658809177393,1785268658810119077,941
0xc7ff7,2,1785268658810450570,1785268658812236384,1785
0x1f2,1,1785268658810821049,1785268658812236384,1415
0x18fd50a7,2,1785268658811192343,1785268658812236384,1044
0x18ff28a7,2,1785268658811208547,1785268658812236384,1027
0x18ff2895,2,1785268658812380466,1785268658814115488,1735
0x18fe2895,2,1785268658812751186,1785268658814115488,1364
0xc7f28,2,1785268658815623798,1785268658816128278,504
0x18ffefa7,2,1785268658820696582,1785268658822156627,1460
0x18ffa7ef,2,1785268658823170104,1785268658824235490,1065
0x18fe50a7,2,1785268658825842014,1785268658826246168,404
0x18ff9528,2,1785268658830014619,1785268658832362646,2348
0x10ffd438,2,1785268658830387228,1785268658832362646,1975
0xc7ff7,2,1785268658831259908,1785268658832362646,1102
0x1f2,1,1785268658831632146,1785268658832362646,730
0x18fd50a7,2,1785268658832005162,1785268658834362954,2357
0x18ff28a7,2,1785268658832021125,1785268658834362954,2341
0x18ff2895,2,1785268658833194192,1785268658834362954,1168
0xc7f14,2,1785268658833666282,1785268658834362954,696
0xc7f28,2,1785268658836439524,1785268658838265459,1825
0x10fff4d4,2,1785268658841013645,1785268658842376537,1362
0xc7ff7,2,1785268658841585327,1785268658842376537,791
0x10ff38d4,2,1785268658843158484,1785268658844363863,1205
0x18ffa7ef,2,1785268658844130182,1785268658846372671,2242
0x18fff5d4,2,1785268658845301119,1785268658846372671,1071
0x18fe50a7,2,1785268658846874869,1785268658848362386,1487
0x18ff9528,2,1785268658850948085,1785268658852368761,1420
0x18ffefa7,2,1785268658852220003,1785268658854614271,2394
0x1f2,1,1785268658852590501,1785268658854614271,2023
0x18fd50a7,2,1785268658852962147,1785268658854614271,1652
0x18ff28a7,2,1785268658852978388,1785268658854614271,1635
0x18ff2895,2,1785268658854114418,1785268658854614271,499
0x18fe2895,2,1785268658854486045,1785268658856487524,2001
0x1801d08f,2,1785268658856559292,1785268658858490147,1930
0xc7f28,2,1785268658857430787,1785268658858490147,1059
0xc7ff7,2,1785268658862504182,1785268658864488163,1983
0x18ffa7ef,2,1785268658864876168,1785268658866499155,1622
0xe7fea,2,1785268658866548880,1785268658868623815,2074
0x18fe50a7,2,1785268658867720021,1785268658868623815,903
0x18ff9528,2,1785268658871693997,1785268658872613560,919
0x18ffefa7,2,1785268658873067489,1785268658874739923,1672
0x1f2,1,1785268658873438986,1785268658874739923,1300
0x18fd50a7,2,1785268658873811558,1785268658874739923,928
0x18ff28a7,2,1785268658873827984,1785268658874739923,911
0x18ff2895,2,1785268658875000995,1785268658876626212,1625
0x18fe2895,2,1785268658875371715,1785268658876626212,1254
0xc7f28,2,1785268658878245013,1785268658878614372,369
0xc7ff7,2,1785268658883318760,1785268658884637147,1318
0x18ff28d0,2,1785268658884790159,1785268658886780973,1990
0x30c,1,1785268658885161305,1785268658886780973,1619
0x18ffa7ef,2,1785268658885833337,1785268658886780973,947
0x18fe50a7,2,1785268658888607080,1785268658890739718,2132
0x18ff9528,2,1785268658892580445,1785268658894771333,2190
0x18ffefa7,2,1785268658893951677,1785268658894771333,819
0x1f2,1,1785268658894325360,1785268658894771333,445
0x18fd50a7,2,1785268658894698617,1785268658896862419,2163
0x18ff28a7,2,1785268658894714451,1785268658896862419,2147
0x18ff2895,2,1785268658895887129,1785268658896862419,975
0xc7f14,2,1785268658896359441,1785268658896862419,502
0x18fe50a7,2,1785268658899132202,1785268658900767738,1635
0x18ffe5f4,2,1785268658902405812,1785268658902861805,455
0x18ff28f4,2,1785268658902421682,1785268658902861805,440
0x18ffefa7,2,1785268658904294671,1785268658904862446,567
0x18ffa7ef,2,1785268658906667490,1785268658908862728,2195
0x18fe50a7,2,1785268658909439325,1785268658910862017,1422
0x18ffeff4,2,1785268658912452825,1785268658912863085,410
0x18ff9528,2,1785268658913556133,1785268658914873189,1317
0x18ffefa7,2,1785268658914627738,1785268658917039588,2411
0x1f2,1,1785268658915269845,1785268658917039588,1769
0x18fd50a7,2,1785268658915620806,1785268658917039588,1418
0x18ff28a7,2,1785268658915712028,1785268658917039588,1327
0x18ff2895,2,1785268658917124408,1785268658919018100,1893
0x18fe2895,2,1785268658917245481,1785268658919018100,1772
0x18fe50a7,2,1785268658920068983,1785268658920991834,922
0x18ffefa7,2,1785268658925122397,1785268658926991424,1869
0x18ffa7ef,2,1785268658927575678,1785268658928992416,1416
0x18fe50a7,2,1785268658930288773,1785268658931002335,713
0x18ff9528,2,1785268658934330841,1785268658935127043,796
0x18ffefa7,2,1785268658935702963,1785268658937243295,1540
0x1f2,1,1785268658936063720,1785268658937243295,1179
0x18fd50a7,2,1785268658936414773,1785268658937243295,828
0x18ff28a7,2,1785268658936506180,1785268658937243295,737
0x18ff2895,2,1785268658937647784,1785268658939123770,1475
0xc7f14,2,1785268658938110855,1785268658939123770,1012
0x18fe50a7,2,1785268658940863654,1785268658943117515,2253
0x18ffefa7,2,1785268658945916679,1785268658947152667,1235
0x18fff5d4,2,1785268658946419916,1785268658947152667,732
0xc7fd3,2,1785268658948523052,1785268658949242771,719
0x18fe50a7,2,1785268658951155795,1785268658953243794,2087
0x18ff9528,2,1785268658955219697,1785268658957259261,2039
0x18ffefa7,2,1785268658956282338,1785268658957259261,976
0x1f2,1,1785268658956945408,1785268658959369291,2423
0x18fd50a7,2,1785268658957287184,1785268658959369291,2082
0x18ff28a7,2,1785268658957379072,1785268658959369291,1990
0x18ff2895,2,1785268658958521843,1785268658959369291,847
0xc7f14,2,1785268658958983804,1785268658961263192,2279
0x1801d08f,2,1785268658961005180,1785268658963368740,2363
0x18fe50a7,2,1785268658961806009,1785268658963368740,1562
0x18ffefa7,2,1785268658966859793,1785268658967368781,508
0x18ffa7ef,2,1785268658969411667,1785268658971386341,1974
0x18ff28ef,2,1785268658970385272,1785268658971386341,1001
0x18ff1eef,2,1785268658971748282,1785268658973495426,1747
0x1cffd4f5,2,1785268658971839689,1785268658973495426,1655
0x18fe50a7,2,1785268658972241853,1785268658973495426,1253
0x18ffd0ef,2,1785268658972673702,1785268658973495426,821
0x18ff95ef,2,1785268658973746511,1785268658975384197,1637
0x87f9c,2,1785268658974898485,1785268658975384197,485
0x18ff38ef,2,1785268658975889998,1785268658977494653,1604
0x18ff9528,2,1785268658976650993,1785268658977494653,843
0x18fe38ef,2,1785268658977032213,1785268658977494653,462
0x18ffefa7,2,1785268658977744394,1785268658979620479,1876
0x1f2,1,1785268658978105577,1785268658979620479,1514
0xc7ea8,2,1785268658978539019,1785268658979620479,1081
0x18ff28a7,2,1785268658979101886,1785268658979620479,518
0x1cfe50ef,2,1785268658979194848,1785268658981621583,2426
0x18ff2895,2,1785268658980287379,1785268658981621583,1334
0xc7f14,2,1785268658980439341,1785268658981621583,1182
0x18fff4ef,2,1785268658980741746,1785268658981621583,879
0x18fe50a7,2,1785268658983335342,1785268658985495162,2159
0x18ffefa7,2,1785268658988387385,1785268658989495592,1108
0x30c,1,1785268658990111208,1785268658991521733,1410
0x18ffa7ef,2,1785268658990883963,1785268658991521733,637
0x18fe50a7,2,1785268658993597113,1785268658995528237,1931
0x18ff9528,2,1785268658997670366,1785268658999639056,1968
0x18ffefa7,2,1785268658998744212,1785268658999639056,894
0x1f2,1,1785268658999377504,1785268659001746734,2369
0x18fd50a7,2,1785268658999730021,1785268659001746734,2016
0xc7f94,2,1785268658999882075,1785268659001746734,1864
0x18ff2895,2,1785268659000984902,1785268659001746734,761
0x18fe2895,2,1785268659001357400,1785268659003620635,2263
0x18fe50a7,2,1785268659004179790,1785268659005621850,1442
0x18ff28f4,2,1785268659007201105,1785268659007621084,419
0x18fe28f4,2,1785268659007561844,1785268659009667780,2105
0x18ffefa7,2,1785268659009393573,1785268659011745588,2352
0x18ffa7ef,2,1785268659011834503,1785268659013746192,1911
0x18fe50a7,2,1785268659014546820,1785268659015748222,1201
0x1cff50f4,2,1785268659017562432,1785268659019791948,2229
0x18ffeff4,2,1785268659017921041,1785268659019791948,1870
0x18ff9528,2,1785268659018873757,1785268659019791948,918
0x18ffefa7,2,1785268659019826973,1785268659021869070,2042
0x1f2,1,1785268659020458618,1785268659021869070,1410
0x18fd50a7,2,1785268659020819264,1785268659021869070,1049
0xc7f94,2,1785268659020971244,1785268659021869070,897
0x18ff2895,2,1785268659022020794,1785268659023870360,1849
0x18fe2895,2,1785268659022380773,1785268659023870360,1489
0x18fe50a7,2,1785268659025268515,1785268659025868593,600
0x18ff38f4,2,1785268659028268034,1785268659029868524,1600
0x18ffefa7,2,1785268659030391354,1785268659031868868,1477
0x18ffa7ef,2,1785268659032842358,1785268659033868954,1026
0x18fe50a7,2,1785268659035554767,1785268659035885299,330
0x18ff9528,2,1785268659039747613,1785268659042129258,2381
0x10ffd438,2,1785268659040099999,1785268659042129258,2029
0x18ffefa7,2,1785268659040771995,1785268659042129258,1357
0x1f2,1,1785268659041403899,1785268659042129258,725
0x18fd50a7,2,1785268659041756267,1785268659044046659,2290
0xc7f94,2,1785268659041907692,1785268659044046659,2138
0xc7f94,2,1785268659043070630,1785268659044046659,976
0x18fe2895,2,1785268659043381887,1785268659044046659,664
0x18fe50a7,2,1785268659046205500,1785268659047998108,1792
0x10ff38d4,2,1785268659050649139,1785268659052020038,1370
0x18ffefa7,2,1785268659051350580,1785268659052020038,669
0x18fff5d4,2,1785268659052762682,1785268659054006550,1243
0x18ffa7ef,2,1785268659053854157,1785268659056024505,2170
0xc7f28,2,1785268659056647844,1785268659058128739,1480
0x18ff9528,2,1785268659060690671,1785268659062153095,1462
0x18ffefa7,2,1785268659061712313,1785268659062153095,440
0x1f2,1,1785268659062344717,1785268659064152051,1807
0x18fd50a7,2,1785268659062696067,1785268659064152051,1455
0xc7f94,2,1785268659062847103,1785268659064152051,1304
0x18ff2895,2,1785268659063929096,1785268659066130618,2201
0x18fe2895,2,1785268659064319853,1785268659066130618,1810
0x1801d08f,2,1785268659066416637,1785268659068167611,1750
0x18fe50a7,2,1785268659067219299,1785268659068167611,948
0x18ffefa7,2,1785268659072292509,1785268659074249404,1956
0x18ffa7ef,2,1785268659074725624,1785268659076249397,1523
0x18fe50a7,2,1785268659077439218,1785268659078270427,831
0x1cffd4f5,2,1785268659077800198,1785268659078270427,470
0x18ff9528,2,1785268659081703156,1785268659082250209,547
0x18ffefa7,2,1785268659082656483,1785268659084375980,1719
0x1f2,1,1785268659083294016,1785268659084375980,1081
0xc7ea8,2,1785268659083651070,1785268659084375980,724
0x18ff28a7,2,1785268659083743199,1785268659084375980,632
0x18ff2895,2,1785268659084908118,1785268659086389732,1481
0x18fe2895,2,1785268659085279356,1785268659086389732,1110
0x18fe50a7,2,1785268659088103284,1785268659090375866,2272
0x18ffefa7,2,1785268659093178531,1785268659094375704,1197
0x30c,1,1785268659095121167,1785268659096397122,1275
0x18ff28d0,2,1785268659095202537,1785268659096397122,1194
0x18ffa7ef,2,1785268659095754312,1785268659096397122,642
0xc7f28,2,1785268659098547702,1785268659100376016,1828
0x18ff9528,2,1785268659102620344,1785268659104501205,1880
0x18ffefa7,2,1785268659103612746,1785268659104501205,888
0x1f2,1,1785268659104245427,1785268659106628345,2382
0x18fd50a7,2,1785268659104597444,1785268659106628345,2030
0xc7f94,2,1785268659104749813,1785268659106628345,1878
0x18ff2895,2,1785268659105862436,1785268659106628345,765
0x18fe2895,2,1785268659106225878,1785268659108501320,2275
0x18fe50a7,2,1785268659109047750,1785268659110501758,1454
0x18ffe5f4,2,1785268659112050454,1785268659112501306,450
0x18ff28f4,2,1785268659112432896,1785268659114533040,2100
0x10ffd4f4,2,1785268659112804542,1785268659114533040,1728
0x18ffefa7,2,1785268659114337737,1785268659116545311,2207
0x18ffa7ef,2,1785268659116769833,1785268659118626525,1856
0x18fe50a7,2,1785268659119482057,1785268659120626704,1144
0x18ffeff4,2,1785268659122574854,1785268659124639745,2064
0x18ff9528,2,1785268659123646495,1785268659124639745,993
0x18ffefa7,2,1785268659125019635,1785268659126753719,1734
0x1f2,1,1785268659125036357,1785268659126753719,1717
0x18fd50a7,2,1785268659125408540,1785268659126753719,1345
0x18ff28a7,2,1785268659125680390,1785268659126753719,1073
0x18ff2895,2,1785268659126953253,1785268659128660620,1707
0x18fe2895,2,1785268659127224437,1785268659128660620,1436
0x18fe50a7,2,1785268659130107271,1785268659130752575,645
0x18ffefa7,2,1785268659135180777,1785268659136759517,1578
0x18ffa7ef,2,1785268659137553152,1785268659138752658,1199
0x18fe50a7,2,1785268659140326524,1785268659140753558,427
0x18ff9528,2,1785268659144599054,1785268659146876555,2277
0x18ffefa7,2,1785268659145471289,1785268659146876555,1405
0x1f2,1,1785268659145843565,1785268659146876555,1032
0xc7ea8,2,1785268659146216489,1785268659146876555,660
0x18ff28a7,2,1785268659146503950,1785268659148877233,2373
0x18ff2895,2,1785268659147760498,1785268659148877233,1116
0x18fe2895,2,1785268659148032293,1785268659148877233,844
0x18fe50a7,2,1785268659150905201,1785268659152876201,1971
0x18ffefa7,2,1785268659156277669,1785268659156876816,599
0x10fff4d4,2,1785268659156293409,1785268659156876816,583
0x18fff5d4,2,1785268659158566710,1785268659158875957,309
0x18ffa7ef,2,1785268659158738950,1785268659160876284,2137
0x18fe50a7,2,1785268659161211509,1785268659162887184,1675
0x18ff9528,2,1785268659165484428,1785268659166920485,1436
0x18ffefa7,2,1785268659166356775,1785268659166920485,563
0x1f2,1,1785268659166929049,1785268659169130773,2201
0xc7ea8,2,1785268659167300676,1785268659169130773,1830
0x18ff28a7,2,1785268659167316806,1785268659169130773,1813
0x18ff2895,2,1785268659168489854,1785268659169130773,640
0x18fe2895,2,1785268659168862167,1785268659171013137,2150
0x1801d08f,2,1785268659170935173,1785268659173023074,2087
0x18fe50a7,2,1785268659171807019,1785268659173023074,1216
0x18ffefa7,2,1785268659176880100,1785268659179013609,2133
0x18ffa7ef,2,1785268659179353548,1785268659181050583,1697
0x18ff28ef,2,1785268659180325116,1785268659181050583,725
0xc7f8f,2,1785268659181497924,1785268659183143187,1645
0x18fe50a7,2,1785268659182170383,1785268659183143187,972
0x1cffd4f5,2,1785268659182842897,1785268659185133383,2290
0x18ff9528,2,1785268659186416005,1785268659187130932,714
0xc7ff7,2,1785268659187972311,1785268659189168851,1196
0x1f2,1,1785268659188358457,1785268659189168851,810
0x18fd50a7,2,1785268659188636066,1785268659189168851,532
0x18ff28a7,2,1785268659188809621,1785268659189168851,359
0x18ff2895,2,1785268659189887299,1785268659191145918,1258
0x18fe2895,2,1785268659190262741,1785268659191145918,883
0x18fe50a7,2,1785268659193167576,1785268659195151589,1984
0x18ffefa7,2,1785268659198251749,1785268659199256556,1004
0x30c,1,1785268659199927072,1785268659201279456,1352
0x18ffa7ef,2,1785268659200698234,1785268659201279456,581
0x18fe50a7,2,1785268659203472014,1785268659205256701,1784
0x18ff9528,2,1785268659207744803,1785268659209300594,1555
0x18ffefa7,2,1785268659208933888,1785268659209300594,366
0x1f2,1,1785268659208953758,1785268659209300594,346
0x18fd50a7,2,1785268659209331126,1785268659211382754,2051
0x18ff28a7,2,1785268659209603310,1785268659211382754,1779
0x18ff2895,2,1785268659210777729,1785268659211382754,605
0x18fe2895,2,1785268659211150060,1785268659213382413,2232
0x18fe50a7,2,1785268659214022987,1785268659215388166,1365
0x18ffefa7,2,1785268659219095771,1785268659221384644,2288
0x18ffa7ef,2,1785268659221468535,1785268659223382582,1914
0x18ff28f4,2,1785268659223141191,1785268659225409723,2268
0x18fe50a7,2,1785268659224313092,1785268659225409723,1096
0x18ff9528,2,1785268659228686473,1785268659229413783,727
0x18ffefa7,2,1785268659229759207,1785268659231634053,1874
0x0,0,1785268659229775577,1785268659231634053,1858
0x18fd50a7,2,1785268659230148334,1785268659231634053,1485
0x18ff28a7,2,1785268659230420388,1785268659231634053,1213
0x18ff2895,2,1785268659231593177,1785268659233526824,1933
0xc7f14,2,1785268659232064582,1785268659233526824,1462
0x18ffeff4,2,1785268659233837423,1785268659235508687,1671
0x18fe50a7,2,1785268659234910120,1785268659235508687,598
0x18ffefa7,2,1785268659239984034,1785268659241517147,1533
0x18ffa7ef,2,1785268659242356835,1785268659243515511,1158
0x18fe50a7,2,1785268659245129318,1785268659245634540,505
0x18ff9528,2,1785268659249749957,1785268659251763315,2013
0x10ffd438,2,1785268659249770827,1785268659251763315,1992
0x18ffefa7,2,1785268659250647729,1785268659251763315,1115
0x0,0,1785268659250664858,1785268659251763315,1098
0x18fd50a7,2,1785268659251037430,1785268659251763315,725
0x18ff28a7,2,1785268659251320558,1785268659253660086,2339
0x18ff2895,2,1785268659252482625,1785268659253660086,1177
0x18fe2895,2,1785268659252854642,1785268659253660086,805
0x18fe50a7,2,1785268659255747309,1785268659257637609,1890
0x1cff50d4,2,1785268659260128357,1785268659261661817,1533
0x18ffefa7,2,1785268659260901482,1785268659261661817,760
0x10ff38d4,2,1785268659262174789,1785268659263784773,1609
0x18ffa7ef,2,1785268659263346615,1785268659263784773,438
0x18fff5d4,2,1785268659264319239,1785268659265761210,1441
0x18fe50a7,2,1785268659266192043,1785268659267762166,1570
0x18ff9528,2,1785268659270464591,1785268659271760263,1295
0x18ffefa7,2,1785268659271637232,1785268659273883589,2246
0x0,0,1785268659271653658,1785268659273883589,2229
0x18fd50a7,2,1785268659272026230,1785268659273883589,1857
0x18ff28a7,2,1785268659272298617,1785268659273883589,1584
0x18ff2895,2,1785268659273472128,1785268659273883589,411
0xc7f14,2,1785268659273943625,1785268659275795619,1851
0x1801d08f,2,1785268659275916299,1785268659277884778,1968
0xc7f28,2,1785268659276888182,1785268659277884778,996
0x18ffefa7,2,1785268659281861318,1785268659283882665,2021
0x18ffa7ef,2,1785268659284342581,1785268659285885287,1542
0x18ffd0ef,2,1785268659285315390,1785268659285885287,569
0x18ff95ef,2,1785268659286389532,1785268659287917021,1527
0xc7f28,2,1785268659287261545,1785268659287917021,655
0x10ff38ef,2,1785268659287534025,1785268659287917021,382
0x1cffd4f5,2,1785268659288506797,1785268659289883162,1376
0x18ff9528,2,1785268659291579593,1785268659291889044,309
0x18ffefa7,2,1785268659292751475,1785268659294057573,1306
0x1f2,1,1785268659292767290,1785268659294057573,1290
0x18fd50a7,2,1785268659293139343,1785268659294057573,918
0x18ff28a7,2,1785268659293411341,1785268659294057573,646
0x18ff2895,2,1785268659294884203,1785268659296011752,1127
0xc7f14,2,1785268659294899629,1785268659296011752,1112
0xc7f28,2,1785268659297873259,1785268659300011774,2138
0x18ffefa7,2,1785268659302846581,1785268659304018057,1171
0x30c,1,1785268659304518793,1785268659306160660,1641
0x18ff28d0,2,1785268659305190085,1785268659306160660,970
0x18ffa7ef,2,1785268659305561953,1785268659306160660,598
0x18fe50a7,2,1785268659308135271,1785268659310137331,2002
0x18ff9528,2,1785268659312607800,1785268659314160484,1552
0x18ffefa7,2,1785268659313579720,1785268659314160484,580
0x1f2,1,1785268659313952106,1785268659316264254,2312
0x18fd50a7,2,1785268659314324400,1785268659316264254,1939
0x18ff28a7,2,1785268659314340271,1785268659316264254,1923
0x18ff2895,2,1785268659315412542,1785268659316264254,851
0x18fe2895,2,1785268659315784373,1785268659316264254,479
0x18fe50a7,2,1785268659318657282,1785268659320146222,1488
0x18ffefa7,2,1785268659323729047,1785268659324152226,423
0x18ffa7ef,2,1785268659326112922,1785268659328263767,2150
0x18ffe5f4,2,1785268659327785893,1785268659328263767,477
0x18ff28f4,2,1785268659328159021,1785268659330269871,2110
0xc7f28,2,1785268659329131385,1785268659330269871,1138
0x18ffefa7,2,1785268659334404409,1785268659336390628,1986
0x1f2,1,1785268659334420094,1785268659336390628,1970
0x18fd50a7,2,1785268659334791851,1785268659336390628,1598
0x18ff28a7,2,1785268659335063942,1785268659336390628,1326
0x18ff9528,2,1785268659335436199,1785268659336390628,954
0x18ff2895,2,1785268659336309064,1785268659338291084,1982
0x18fe2895,2,1785268659336681173,1785268659338291084,1609
0x18ffeff4,2,1785268659338554291,1785268659340299169,1744
0x18fe50a7,2,1785268659339625933,1785268659340299169,673
0x18ffefa7,2,1785268659344699310,1785268659346394629,1695
0x18ffa7ef,2,1785268659347071240,1785268659348395956,1324
0x18fe50a7,2,1785268659349843408,1785268659350389597,546
0x18ffefa7,2,1785268659355217061,1785268659356438316,1221
0x1f2,1,1785268659355233042,1785268659356438316,1205
0x18fd50a7,2,1785268659355604929,1785268659356438316,833
0x18ff28a7,2,1785268659355877168,1785268659356438316,561
0x18ff9528,2,1785268659356250833,1785268659358515679,2264
0x18ff2895,2,1785268659357222993,1785268659358515679,1292
0x18fe2895,2,1785268659357494992,1785268659358515679,1020
0x18fe50a7,2,1785268659360367882,1785268659362515554,2147
0x18ffefa7,2,1785268659365741220,1785268659366521947,780
0x18fff5d4,2,1785268659365757016,1785268659366521947,764
0xc7fd3,2,1785268659367929947,1785268659368515533,585
0x18fe50a7,2,1785268659370602468,1785268659372515889,1913
0x18ffefa7,2,1785268659375975102,1785268659376540875,565
0x1f2,1,1785268659375990695,1785268659376540875,550
0x18fd50a7,2,1785268659376362822,1785268659378767552,2404
0x18ff28a7,2,1785268659376634098,1785268659378767552,2133
0x18ff9528,2,1785268659377006374,1785268659378767552,1761
0x18ff2895,2,1785268659378178922,1785268659378767552,588
0x18fe2895,2,1785268659378194848,1785268659378767552,572
0x1801d08f,2,1785268659380267706,1785268659380641342,373
0xc7f28,2,1785268659381240330,1785268659382641187,1400
0xc7ff7,2,1785268659386213559,1785268659386641395,427
0xc7fd3,2,1785268659388785266,1785268659390670770,1885
0x18ff28ef,2,1785268659389657150,1785268659390670770,1013
0x18ff1eef,2,1785268659390730199,1785268659392676837,1946
0x18fe50a7,2,1785268659391502120,1785268659392676837,1174
0xe7fea,2,1785268659393375072,1785268659394766514,1391
0x18ffefa7,2,1785268659396947494,1785268659398889963,1942
0x1f2,1,1785268659397319048,1785268659398889963,1570
0x18fd50a7,2,1785268659397591546,1785268659398889963,1298
0x18ff28a7,2,1785268659397763471,1785268659398889963,1126
0x18ff9528,2,1785268659398036080,1785268659398889963,853
0x18ff2895,2,1785268659398908760,1785268659400785475,1876
0x18fe2895,2,1785268659399280832,1785268659400785475,1504
0x18fe50a7,2,1785268659402153593,1785268659402767912,614
0x18ffefa7,2,1785268659407226432,1785268659408767946,1541
0x30c,1,1785268659408898478,1785268659410889550,1991
0x18ffa7ef,2,1785268659409670325,1785268659410889550,1219
0x18fe50a7,2,1785268659412443716,1785268659412891006,447
0x18ffefa7,2,1785268659417833035,1785268659418907133,1074
0x1f2,1,1785268659418212570,1785268659418907133,694
0x18fd50a7,2,1785268659418485976,1785268659418907133,421
0x18ff28a7,2,1785268659418659363,1785268659420931515,2272
0x18ff9528,2,1785268659418931584,1785268659420931515,1999
0x18ff2895,2,1785268659419903634,1785268659420931515,1027
0x18fe2895,2,1785268659420175965,1785268659420931515,755
0x18fe50a7,2,1785268659423049226,1785268659424901112,1851
0xc7ff7,2,1785268659428121640,1785268659428907116,785
0x18ffa7ef,2,1785268659430494718,1785268659431018553,523
0x18ff28f4,2,1785268659432466576,1785268659433024028,557
0x10ffd4f4,2,1785268659432482873,1785268659433024028,541
0x18fe50a7,2,1785268659433355793,1785268659435019095,1663
0xc7ff7,2,1785268659438730594,1785268659441146573,2415
0x1f2,1,1785268659439100944,1785268659441146573,2045
0x18fd50a7,2,1785268659439373035,1785268659441146573,1773
0x18ff28a7,2,1785268659439545052,1785268659441146573,1601
0x18ff2895,2,1785268659440117715,1785268659441146573,1028
0x18fe2895,2,1785268659440490102,1785268659441146573,656
0x18ffeff4,2,1785268659442863106,1785268659445145540,2282
0x18fe50a7,2,1785268659443934804,1785268659445145540,1210
0xc7ff7,2,1785268659449008014,1785268659451149186,2141
0x18ffa7ef,2,1785268659451380166,1785268659453145938,1765
0x18fe50a7,2,1785268659454153149,1785268659455145153,992
0x10ffd438,2,1785268659458725196,1785268659459145269,420
0xc7ff7,2,1785268659459597339,1785268659461272243,1674
0x1f2,1,1785268659459968910,1785268659461272243,1303
0x18fd50a7,2,1785268659460241316,1785268659461272243,1030
0x18ff28a7,2,1785268659460413408,1785268659461272243,858
0x18ff9528,2,1785268659460685351,1785268659461272243,586
0xc7f94,2,1785268659461857825,1785268659463271013,1413
0x18fe2895,2,1785268659462029287,1785268659463271013,1241
0x18fe50a7,2,1785268659464802011,1785268659465270840,468
0x18ffefa7,2,1785268659470175830,1785268659471293226,1117
0x10fff4d4,2,1785268659470191590,1785268659471293226,1101
0x10ff38d4,2,1785268659472464631,1785268659473277015,812
0xc7fd3,2,1785268659472636075,1785268659473277015,640
0x18fff5d4,2,1785268659474308639,1785268659475271582,962
0x18fe50a7,2,1785268659475180504,1785268659477279871,2099
0xc7ff7,2,1785268659480552934,1785268659481421672,868
0x1f2,1,1785268659480924691,1785268659481421672,496
0x18fd50a7,2,1785268659481196875,1785268659483523590,2326
0x18ff28a7,2,1785268659481368226,1785268659483523590,2155
0x18ff9528,2,1785268659481940333,1785268659483523590,1583
0x18ff2895,2,1785268659481956519,1785268659483523590,1567
0x18fe2895,2,1785268659482329257,1785268659483523590,1194
0x1801d08f,2,1785268659484909686,1785268659485397028,487
0xc7f28,2,1785268659485883162,1785268659487396928,1513
0x18ffefa7,2,1785268659490856169,1785268659491414099,557
0x18ffa7ef,2,1785268659493328302,1785268659495438770,2110
0x18ff38ef,2,1785268659494300537,1785268659495438770,1138
0x18fe38ef,2,1785268659495373197,1785268659497552022,2178
0x18fe50a7,2,1785268659496145007,1785268659497552022,1407
0x1cfe50ef,2,1785268659496516671,1785268659497552022,1035
0x18fff4ef,2,1785268659497589258,1785268659499531293,1942
0x1cffd4f5,2,1785268659498661418,1785268659499531293,869
0x18ffefa7,2,1785268659501433901,1785268659503649223,2215
0x1f2,1,1785268659502107841,1785268659503649223,1541
0x18fd50a7,2,1785268659502379803,1785268659503649223,1269
0x18ff28a7,2,1785268659502551987,1785268659503649223,1097
0x18ff9528,2,1785268659502823763,1785268659503649223,825
0x18ff2895,2,1785268659503796165,1785268659505536290,1740
0x18fe2895,2,1785268659504167903,1785268659505536290,1368
0x18fe50a7,2,1785268659506940516,1785268659507523320,582
0x18ffefa7,2,1785268659512013245,1785268659513648558,1635
0x30c,1,1785268659513685679,1785268659515686254,2000
0x18ffa7ef,2,1785268659514758043,1785268659515686254,928
0x18ff28d0,2,1785268659514774172,1785268659515686254,912
0x18fe50a7,2,1785268659517246602,1785268659517648599,401
0x18ffefa7,2,1785268659522319275,1785268659523678986,1359
0x1f2,1,1785268659522990827,1785268659523678986,688
0x18fd50a7,2,1785268659523262621,1785268659523678986,416
0x18ff28a7,2,1785268659523634860,1785268659525775497,2140
0x18ff9528,2,1785268659523650767,1785268659525775497,2124
0x18ff2895,2,1785268659524622650,1785268659525775497,1152
0x18fe2895,2,1785268659524995074,1785268659525775497,780
0x18fe50a7,2,1785268659527768705,1785268659529774094,2005
0x18ffefa7,2,1785268659532841600,1785268659533775043,933
0x18ffa7ef,2,1785268659535213919,1785268659535774387,560
0x18ffe5f4,2,1785268659536885798,1785268659537795528,909
0x18ff28f4,2,1785268659537257222,1785268659537795528,538
0x18fe28f4,2,1785268659537629757,1785268659539816632,2186
0x10ffd4f4,2,1785268659538000995,1785268659539816632,1815
0x18fe50a7,2,1785268659538081273,1785268659539816632,1735
0x18ffd0f4,2,1785268659541061180,1785268659541907347,846
0x1cff50f4,2,1785268659541433845,1785268659541907347,473
0x18ffeff4,2,1785268659541806824,1785268659543897044,2090
0x18ff9528,2,1785268659542679671,1785268659543897044,1217
0x18ffefa7,2,1785268659543752146,1785268659546027740,2275
0x1f2,1,1785268659544123699,1785268659546027740,1904
0x18fd50a7,2,1785268659544395901,1785268659546027740,1631
0x18ff28a7,2,1785268659544569585,1785268659546027740,1458
0x18ff2895,2,1785268659545040749,1785268659546027740,986
0x18fe2895,2,1785268659545412876,1785268659546027740,614
0x18fe50a7,2,1785268659548885670,1785268659549896949,1011
0x18ff38f4,2,1785268659551858652,1785268659553897990,2039
0x18ffefa7,2,1785268659554031047,1785268659555908705,1877
0xc7fd3,2,1785268659556504476,1785268659558025605,1521
0x18fe50a7,2,1785268659559176867,1785268659560026005,849
0x18ff9528,2,1785268659562849382,1785268659564025899,1176
0x18ffefa7,2,1785268659564321929,1785268659566062373,1740
0x1f2,1,1785268659564993869,1785268659566062373,1068
0x18fd50a7,2,1785268659565265609,1785268659566062373,796
0x18ff28a7,2,1785268659565438311,1785268659566062373,624
0x18ff2895,2,1785268659565911401,1785268659568041292,2129
0x18fe2895,2,1785268659566283602,1785268659568041292,1757
0x18fe50a7,2,1785268659569755618,1785268659570054989,299
0x18ffefa7,2,1785268659574828810,1785268659576156467,1327
0x10fff4d4,2,1785268659575399899,1785268659576156467,756
0xc7fd3,2,1785268659577571849,1785268659578164793,592
0x18fff5d4,2,1785268659577742367,1785268659578164793,422
0x18fe50a7,2,1785268659580118371,1785268659582152446,2034
0x18ff9528,2,1785268659583792145,1785268659584158235,366
0x18ffefa7,2,1785268659585265358,1785268659586174654,909
0x1f2,1,1785268659585938262,1785268659588403461,2465
0x18fd50a7,2,1785268659586210519,1785268659588403461,2192
0x18ff28a7,2,1785268659586382166,1785268659588403461,2021
0x18ff2895,2,1785268659587454475,1785268659588403461,948
0xc7f14,2,1785268659587932768,1785268659590277769,2345
0xc00e8,2,1785268659589999348,1785268659592277947,2278
0x18fe50a7,2,1785268659590771769,1785268659592277947,1506
0x18ffefa7,2,1785268659595844813,1785268659596278155,433
0x1cffd4f5,2,1785268659598317502,1785268659600404215,2086
0x18ffa7ef,2,1785268659598688592,1785268659600404215,1715
0x1cfed4f5,2,1785268659598704833,1785268659600404215,1699
0xc7f94,2,1785268659599477087,1785268659600404215,927
0x18ff1eef,2,1785268659600550118,1785268659602324356,1774
0xc7f28,2,1785268659601221503,1785268659602324356,1102
0x18ff9528,2,1785268659604894203,1785268659606403212,1509
0x18ffefa7,2,1785268659606367027,1785268659608529797,2162
0x1f2,1,1785268659606938320,1785268659608529797,1591
0xc7ea8,2,1785268659607310114,1785268659608529797,1219
0x18ff28a7,2,1785268659607326114,1785268659608529797,1203
0x18ff2895,2,1785268659608498903,1785268659610412494,1913
0x18fe2895,2,1785268659608870660,1785268659610412494,1541
0x18fe50a7,2,1785268659611743810,1785268659612403710,659
0x18ffefa7,2,1785268659616815983,1785268659618422448,1606
0x30c,1,1785268659618488936,1785268659620543792,2054
0x18ffa7ef,2,1785268659619360801,1785268659620543792,1182
0xc7f28,2,1785268659622033136,1785268659622529211,496
0x18ff9528,2,1785268659625806114,1785268659626529752,723
0x18ffefa7,2,1785268659627379882,1785268659628655449,1275
0x0,0,1785268659627551548,1785268659628655449,1103
0x18fd50a7,2,1785268659627823583,1785268659628655449,831
0x18ff28a7,2,1785268659628195618,1785268659628655449,459
0x18ff2895,2,1785268659629667905,1785268659630564868,896
0x18fe2895,2,1785268659629684072,1785268659630564868,880
0x18fe50a7,2,1785268659632556703,1785268659634568835,2012
0x18ff28f4,2,1785268659635529240,1785268659636654846,1125
0x18ffefa7,2,1785268659637701653,1785268659638655450,953
0x18ffa7ef,2,1785268659640174360,1785268659640655017,480
0xc7f28,2,1785268659642846418,1785268659644655429,1809
0x18ffeff4,2,1785268659645818474,1785268659646673904,855
0x18ff9528,2,1785268659646590970,1785268659648788063,2197
0x18ffefa7,2,1785268659648062294,1785268659648788063,725
0x1f2,1,1785268659648333848,1785268659648788063,454
0xc7ea8,2,1785268659648806290,1785268659650903092,2096
0x18ff28a7,2,1785268659649077695,1785268659650903092,1825
0x18ff2895,2,1785268659649649896,1785268659650903092,1253
0x18fe2895,2,1785268659650021838,1785268659650903092,881
0x18fe50a7,2,1785268659653494280,1785268659654780912,1286
0x18ffefa7,2,1785268659658567101,1785268659660782372,2215
0x18ffa7ef,2,1785268659661039049,1785268659662791754,1752
0x18fe50a7,2,1785268659663711255,1785268659664808266,1097
0x18ff9528,2,1785268659667383215,1785268659668903621,1520
0x10ffd438,2,1785268659667754916,1785268659668903621,1148
0x18ffefa7,2,1785268659668927853,1785268659671033707,2105
0x1f2,1,1785268659669499350,1785268659671033707,1534
0xc7ea8,2,1785268659669671534,1785268659671033707,1362
0x18ff28a7,2,1785268659669943181,1785268659671033707,1090
0xc7f94,2,1785268659670515640,1785268659671033707,518
0xc7f14,2,1785268659670887897,1785268659672904441,2016
0x18fe50a7,2,1785268659674360358,1785268659674903563,543
0x10ff38d4,2,1785268659679232939,1785268659680913505,1680
0x18ffefa7,2,1785268659679504493,1785268659680913505,1409
0x18fff5d4,2,1785268659681176946,1785268659682954053,1777
0x18ffa7ef,2,1785268659682048737,1785268659682954053,905
0x18fe50a7,2,1785268659684721129,1785268659687032428,2311
0x18ff9528,2,1785268659688494198,1785268659689035717,541
0x18ffefa7,2,1785268659690066615,1785268659691061988,995
0x0,0,1785268659690238706,1785268659691061988,823
0x18fd50a7,2,1785268659690510853,1785268659691061988,551
0x18ff28a7,2,1785268659690883351,1785268659693061110,2177
0x18ff2895,2,1785268659692354675,1785268659693061110,706
0x18fe2895,2,1785268659692370564,1785268659693061110,690
0x1801d08f,2,1785268659694443848,1785268659695047177,603
0x18fe50a7,2,1785268659695316046,1785268659697158244,1842
0x18ffefa7,2,1785268659700388664,1785268659701159619,770
0x18ffa7ef,2,1785268659702861093,1785268659705202382,2341
0x1cffd4f5,2,1785268659703233054,1785268659705202382,1969
0x18ffd0ef,2,1785268659704004901,1785268659705202382,1197
0x18ff95ef,2,1785268659705077228,1785268659707169968,2092
0x18fe50a7,2,1785268659705748816,1785268659707169968,1421
0x10ff38ef,2,1785268659706221221,1785268659707169968,948
0x18ff9528,2,1785268659709593756,1785268659711159121,1565
0x18ffefa7,2,1785268659711166543,1785268659713285354,2118
0x1f2,1,1785268659711337838,1785268659713285354,1947
0x18fd50a7,2,1785268659711610577,1785268659713285354,1674
0x18ff28a7,2,1785268659711983186,1785268659713285354,1302
0x18ff2895,2,1785268659713155938,1785268659715286587,2130
0xc7f14,2,1785268659713627491,1785268659715286587,1659
0x18fe50a7,2,1785268659716400160,1785268659717285377,885
0x18ffefa7,2,1785268659721472703,1785268659723296373,1823
0x18ff28d0,2,1785268659722565882,1785268659723296373,730
0x30c,1,1785268659723446265,1785268659725299144,1852
0x18ffa7ef,2,1785268659724120280,1785268659725299144,1178
0x18fe50a7,2,1785268659726794282,1785268659727284821,490
0x18ff9528,2,1785268659730568130,1785268659731410138,842
0x18ffefa7,2,1785268659732140250,1785268659733454149,1313
0x1f2,1,1785268659732312138,1785268659733454149,1142
0x18fd50a7,2,1785268659732585136,1785268659733454149,869
0x18ff28a7,2,1785268659732957430,1785268659733454149,496
0x18ff2895,2,1785268659734130738,1785268659735431419,1300
0x18fe2895,2,1785268659734503606,1785268659735431419,927
0x18fe50a7,2,1785268659737376700,1785268659739411256,2034
0x18ffe5f4,2,1785268659740349645,1785268659741445822,1096
0x18ff28f4,2,1785268659740721717,1785268659741445822,724
0x18ffefa7,2,1785268659742596372,1785268659743535369,938
0x18ffa7ef,2,1785268659745068468,1785268659745536899,468
0x18fe50a7,2,1785268659747741804,1785268659749536643,1794
0x18ffeff4,2,1785268659750714619,1785268659751536302,821
0x18ff9528,2,1785268659751587484,1785268659753539405,1951
0x18ffefa7,2,1785268659753162456,1785268659753539405,376
0x1f2,1,1785268659753355640,1785268659755661804,2306
0x18fd50a7,2,1785268659753635916,1785268659755661804,2025
0x18ff28a7,2,1785268659754009785,1785268659755661804,1652
0xc7f94,2,1785268659755484424,1785268659757662519,2178
0xc7f14,2,1785268659755500498,1785268659757662519,2162
0x18fe50a7,2,1785268659758374036,1785268659759661900,1287
0x18ffefa7,2,1785268659763447839,1785268659765667191,2219
0x18ffa7ef,2,1785268659765920990,1785268659767664610,1743
0x18fe50a7,2,1785268659768593345,1785268659769675306,1081
0x18ff9528,2,1785268659772467988,1785268659773787734,1319
0x18ffefa7,2,1785268659773940016,1785268659775910467,1970
0x0,0,1785268659774112034,1785268659775910467,1798
0x18fd50a7,2,1785268659774383939,1785268659775910467,1526
0x18ff28a7,2,1785268659774755937,1785268659775910467,1154
0x18ff2895,2,1785268659775327841,1785268659775910467,582
0x18fe2895,2,1785268659775700357,1785268659777787645,2087
0x18fe50a7,2,1785268659779173114,1785268659779788044,614
0x18ffefa7,2,1785268659784245824,1785268659785794947,1549
0x1cff50d4,2,1785268659784717544,1785268659785794947,1077
0x18ffa7ef,2,1785268659786790550,1785268659787831291,1040
0x18fff5d4,2,1785268659787062196,1785268659787831291,769
0x18fe50a7,2,1785268659789534385,1785268659789910746,376
0x18ff9528,2,1785268659793307418,1785268659793910286,602
0x18ffefa7,2,1785268659794879760,1785268659795941352,1061
0x0,0,1785268659795051518,1785268659795941352,889
0x18fd50a7,2,1785268659795323480,1785268659795941352,617
0x18ff28a7,2,1785268659795696644,1785268659797934011,2237
0x18ff2895,2,1785268659796968081,1785268659797934011,965
0x18fe2895,2,1785268659797240116,1785268659797934011,693
0x1801d08f,2,1785268659799312919,1785268659799910652,597
0x18fe50a7,2,1785268659800185673,1785268659801910977,1725
0x18ffefa7,2,1785268659805259031,1785268659806039221,780
0x18ffa7ef,2,1785268659807731294,1785268659810079372,2348
0x1cffd4f5,2,1785268659809003193,1785268659810079372,1076
0x18ff28ef,2,1785268659809019323,1785268659810079372,1060
0xc7f8f,2,1785268659809891392,1785268659812040087,2148
0x18fe50a7,2,1785268659810563684,1785268659812040087,1476
0x18ff9528,2,1785268659814636585,1785268659816040312,1403
0x18ffefa7,2,1785268659815909152,1785268659818166470,2257
0x1f2,1,1785268659816080892,1785268659818166470,2085
0x18fd50a7,2,1785268659816353168,1785268659818166470,1813
0x18ff28a7,2,1785268659816725536,1785268659818166470,1440
0x18ff2895,2,1785268659817998213,1785268659820165500,2167
0x18fe2895,2,1785268659818270934,1785268659820165500,1894
0x18fe50a7,2,1785268659821143065,1785268659822165251,1022
0x18ffefa7,2,1785268659826215534,1785268659828165691,1950
0x30c,1,1785268659827887505,1785268659830166202,2278
0x18ffa7ef,2,1785268659828758500,1785268659830166202,1407
0x18fe50a7,2,1785268659831431336,1785268659832165509,734
0x18ff9528,2,1785268659835203795,1785268659836188623,984
0xc7ff7,2,1785268659836775748,1785268659838417226,1641
0x1f2,1,1785268659837146746,1785268659838417226,1270
0x18fd50a7,2,1785268659837518984,1785268659838417226,898
0x18ff28a7,2,1785268659837534595,1785268659838417226,882
0x18ff2895,2,1785268659838707403,1785268659840299811,1592
0x18fe2895,2,1785268659839078142,1785268659840299811,1221
0x18fe50a7,2,1785268659841950384,1785268659842291192,340
0x18ff28f4,2,1785268659844922532,1785268659846292140,1369
0x10ffd4f4,2,1785268659845294419,1785268659846292140,997
0x18ffefa7,2,1785268659847166982,1785268659848291428,1124
0x18ffa7ef,2,1785268659849638874,1785268659850318346,679
0x18fe50a7,2,1785268659852311877,1785268659854416830,2104
0x18ffeff4,2,1785268659855284359,1785268659856416767,1132
0x18ff9528,2,1785268659856456426,1785268659858417704,1961
0xc7ff7,2,1785268659857728029,1785268659858417704,689
0x1f2,1,1785268659858114656,1785268659860543807,2429
0x18fd50a7,2,1785268659858484099,1785268659860543807,2059
0x18ff28a7,2,1785268659858500080,1785268659860543807,2043
0x18ff2895,2,1785268659859672703,1785268659860543807,871
0x18fe2895,2,1785268659860044737,1785268659860543807,499
0xc7f28,2,1785268659862917924,1785268659864419458,1501
0x18ffefa7,2,1785268659867990245,1785268659868542609,552
0x18ffa7ef,2,1785268659870462545,1785268659872543520,2080
0x18fe50a7,2,1785268659873134862,1785268659874543123,1408
0x18ff9528,2,1785268659877307467,1785268659878543589,1236
0x10ffd438,2,1785268659877678872,1785268659878543589,864
0xc7ff7,2,1785268659878552366,1785268659880669655,2117
0x1f2,1,1785268659878923679,1785268659880669655,1745
0x18fd50a7,2,1785268659879296232,1785268659880669655,1373
0x18ff28a7,2,1785268659879312214,1785268659880669655,1357
0x18ff2895,2,1785268659880484781,1785268659882584944,2100
0xc7f14,2,1785268659880956389,1785268659882584944,1628
0xc7f28,2,1785268659883729761,1785268659884668269,938
0x10fff4d4,2,1785268659888302826,1785268659888668920,366
0xc7ff7,2,1785268659888875137,1785268659890668839,1793
0x10ff38d4,2,1785268659890447406,1785268659892669349,2221
0x18ffa7ef,2,1785268659891418733,1785268659892669349,1250
0x18fff5d4,2,1785268659892591189,1785268659894698286,2107
0x18fe50a7,2,1785268659894163235,1785268659894698286,535
0x18ff9528,2,1785268659898237340,1785268659898704178,466
0x18ffefa7,2,1785268659899509407,1785268659900836929,1327
0x1f2,1,1785268659899881404,1785268659900836929,955
0x18fd50a7,2,1785268659900253476,1785268659900836929,583
0x18ff28a7,2,1785268659900269772,1785268659900836929,567
0x18ff2895,2,1785268659901442802,1785268659902794977,1352
0x18fe2895,2,1785268659901814226,1785268659902794977,980
0x1801d08f,2,1785268659903887028,1785268659904795173,908
0xc7f28,2,1785268659904759468,1785268659906794369,2034
0xc7ff7,2,1785268659909832233,1785268659910797557,965
0x18ffa7ef,2,1785268659912204941,1785268659912916716,711
0xe7fea,2,1785268659913877431,1785268659914916504,1039
0x18fe50a7,2,1785268659915050665,1785268659916917534,1866
0x18ff9528,2,1785268659919023233,1785268659920918092,1894
0x18ffefa7,2,1785268659920395429,1785268659920918092,522
0x1f2,1,1785268659920768056,1785268659923046658,2278
0x18fd50a7,2,1785268659921139739,1785268659923046658,1906
0x18ff28a7,2,1785268659921155795,1785268659923046658,1890
0x18ff2895,2,1785268659922328899,1785268659923046658,717
0x18fe2895,2,1785268659922701230,1785268659924917688,2216
0xc7f28,2,1785268659925573472,1785268659926956958,1383
0xc7ff7,2,1785268659930646219,1785268659931046016,399
0x18ff28d0,2,1785268659932118303,1785268659933057545,939
0x30c,1,1785268659932490300,1785268659933057545,567
0x18ffa7ef,2,1785268659933162741,1785268659935045908,1883
0x18fe50a7,2,1785268659935936465,1785268659937047252,1110
0x18ff9528,2,1785268659939909422,1785268659941069070,1159
0x18ffefa7,2,1785268659941281544,1785268659943203506,1921
0x1f2,1,1785268659941652986,1785268659943203506,1550
0x18fd50a7,2,1785268659942024983,1785268659943203506,1178
0x18ff28a7,2,1785268659942040983,1785268659943203506,1162
0x18ff2895,2,1785268659943213847,1785268659945182999,1969
0xc7f14,2,1785268659943685807,1785268659945182999,1497
0x18fe50a7,2,1785268659946459160,1785268659947171621,712
0x18ffe5f4,2,1785268659949731215,1785268659951172457,1441
0x18ff28f4,2,1785268659949747326,1785268659951172457,1425
0x18ffefa7,2,1785268659951620611,1785268659953173079,1552
0x18ffa7ef,2,1785268659953992430,1785268659955172090,1179
0x18fe50a7,2,1785268659956765283,1785268659957297433,532
0x18ffeff4,2,1785268659959778376,1785268659961300844,1522
0x18ff9528,2,1785268659960880222,1785268659961300844,420
0x18ffefa7,2,1785268659961943048,1785268659963326818,1383
0x1f2,1,1785268659962595489,1785268659963326818,731
0x18fd50a7,2,1785268659962947135,1785268659963326818,379
0x18ff28a7,2,1785268659963039449,1785268659965325958,2286
0x18ff2895,2,1785268659964451996,1785268659965325958,873
0x18fe2895,2,1785268659964573903,1785268659965325958,752
0x18fe50a7,2,1785268659967398182,1785268659969300554,1902
0x18ffefa7,2,1785268659972450670,1785268659973423223,972
0x18ffa7ef,2,1785268659974902785,1785268659975424660,521
0x18fe50a7,2,1785268659977615139,1785268659979425144,1810
0x18ff9528,2,1785268659981658448,1785268659983424221,1765
0x18ffefa7,2,1785268659983030329,1785268659983424221,393
0x1f2,1,1785268659983392993,1785268659985551287,2158
0x18fd50a7,2,1785268659983744787,1785268659985551287,1806
0x18ff28a7,2,1785268659983836602,1785268659985551287,1714
0x18ff2895,2,1785268659984978687,1785268659985551287,572
0xc7f14,2,1785268659985441018,1785268659987549002,2107
0x18fe50a7,2,1785268659988196094,1785268659989550031,1353
0x18ffefa7,2,1785268659993245934,1785268659995550601,2304
0x18fff5d4,2,1785268659993747542,1785268659995550601,1803
0xc7fd3,2,1785268659995851436,1785268659997550408,1698
0x18fe50a7,2,1785268659998483347,1785268659999550178,1066
0x18ff9528,2,1785268660002547359,1785268660003576366,1029
0x18ffefa7,2,1785268660003609167,1785268660005708487,2099
0x1f2,1,1785268660004260812,1785268660005708487,1447
0x18fd50a7,2,1785268660004612717,1785268660005708487,1095
0x18ff28a7,2,1785268660004704809,1785268660005708487,1003
0x18ff2895,2,1785268660005847376,1785268660007687332,1839
0xc7f14,2,1785268660006309447,1785268660007687332,1377
0x1801d08f,2,1785268660008331898,1785268660009677046,1345
0x18fe50a7,2,1785268660009133134,1785268660009677046,543
0x18ffefa7,2,1785268660014186678,1785268660015675708,1489
0x18ffa7ef,2,1785268660016738959,1785268660017678071,939
0x18ff28ef,2,1785268660017711175,1785268660019821618,2110
0x18ff1eef,2,1785268660019073463,1785268660019821618,748
0x1cffd4f5,2,1785268660019165388,1785268660019821618,656
0x18fe50a7,2,1785268660019567923,1785268660021819833,2251
0x18ffd0ef,2,1785268660019999735,1785268660021819833,1820
0x18ff95ef,2,1785268660021071858,1785268660021819833,747
0x87f9c,2,1785268660022225407,1785268660023800955,1575
0x18ff38ef,2,1785268660023217179,1785268660023800955,583
0x18ff9528,2,1785268660023980267,1785268660025845447,1865
0x18fe38ef,2,1785268660024361764,1785268660025845447,1483
0x18ffefa7,2,1785268660025073964,1785268660025845447,771
0x1f2,1,1785268660025426351,1785268660025845447,419
0xc7ea8,2,1785268660025859330,1785268660027842995,1983
0x18ff28a7,2,1785268660026422048,1785268660027842995,1420
0x1cfe50ef,2,1785268660026513937,1785268660027842995,1329
0x18ff2895,2,1785268660027606800,1785268660029841024,2234
0xc7f14,2,1785268660027758985,1785268660029841024,2082
0x18fff4ef,2,1785268660028061113,1785268660029841024,1779
0x18fe50a7,2,1785268660030653689,1785268660031923145,1269
0x18ffefa7,2,1785268660035707252,1785268660037929067,2221
0x30c,1,1785268660037458871,1785268660037929067,470
0x18ffa7ef,2,1785268660038232347,1785268660039923855,1691
0x18fe50a7,2,1785268660040944146,1785268660041923885,979
0x18ff9528,2,1785268660045017066,1785268660045923721,906
0x18ffefa7,2,1785268660046097985,1785268660048052713,1954
0x1f2,1,1785268660046730926,1785268660048052713,1321
0x18fd50a7,2,1785268660047083498,1785268660048052713,969
0xc7f94,2,1785268660047235719,1785268660048052713,816
0x18ff2895,2,1785268660048338601,1785268660050053261,1714
0x18fe2895,2,1785268660048709932,1785268660050053261,1343
0x18fe50a7,2,1785268660051533064,1785268660052052253,519
0x18ff28f4,2,1785268660054553360,1785268660056065571,1512
0x18fe28f4,2,1785268660054912710,1785268660056065571,1152
0x18ffefa7,2,1785268660056729680,1785268660058053637,1323
0x18ffa7ef,2,1785268660059185814,1785268660060052778,866
0x18fe50a7,2,1785268660061897686,1785268660064075781,2178
0x1cff50f4,2,1785268660064913964,1785268660066178513,1264
0x18ffeff4,2,1785268660065273925,1785268660066178513,904
0x18ff9528,2,1785268660066227104,1785268660068199524,1972
0x18ffefa7,2,1785268660067178710,1785268660068199524,1020
0x1f2,1,1785268660067810725,1785268660068199524,388
0x18fd50a7,2,1785268660068171593,1785268660070215850,2044
0xc7f94,2,1785268660068323073,1785268660070215850,1892
0x18ff2895,2,1785268660069371289,1785268660070215850,844
0x18fe2895,2,1785268660069731213,1785268660070215850,484
0x18fe50a7,2,1785268660072620029,1785268660074178390,1558
0x18ff38f4,2,1785268660075619085,1785268660076178604,559
0x18ffefa7,2,1785268660077741035,1785268660078303781,562
0x18ffa7ef,2,1785268660080193317,1785268660082304507,2111
0x18fe50a7,2,1785268660082906133,1785268660084305777,1399
0x18ff9528,2,1785268660087108330,1785268660088305428,1197
0x10ffd438,2,1785268660087460143,1785268660088305428,845
0x18ffefa7,2,1785268660088132343,1785268660090351661,2219
0x1f2,1,1785268660088762672,1785268660090351661,1588
0x18fd50a7,2,1785268660089113966,1785268660090351661,1237
0xc7f94,2,1785268660089265169,1785268660090351661,1086
0xc7f94,2,1785268660090465347,1785268660092430134,1964
0x18fe2895,2,1785268660090785864,1785268660092430134,1644
0x18fe50a7,2,1785268660093630161,1785268660094429923,799
0x10ff38d4,2,1785268660098081542,1785268660098431389,349
0x18ffefa7,2,1785268660098787834,1785268660100430196,1642
0x18fff5d4,2,1785268660100201585,1785268660102437577,2235
0x18ffa7ef,2,1785268660101294282,1785268660102437577,1143
0xc7f28,2,1785268660104087932,1785268660104430347,342
0x18ff9528,2,1785268660108132296,1785268660108555776,423
0x18ffefa7,2,1785268660109154938,1785268660110575046,1420
0x1f2,1,1785268660109787045,1785268660110575046,788
0x18fd50a7,2,1785268660110140580,1785268660110575046,434
0xc7f94,2,1785268660110293024,1785268660112572816,2279
0x18ff2895,2,1785268660111375369,1785268660112572816,1197
0x18fe2895,2,1785268660111767274,1785268660112572816,805
0x1801d08f,2,1785268660113859687,1785268660114556549,696
0x18fe50a7,2,1785268660114662701,1785268660116555467,1892
0x18ffefa7,2,1785268660119735096,1785268660120583692,848
0x18ffa7ef,2,1785268660122167730,1785268660122681499,513
0x18fe50a7,2,1785268660124879806,1785268660126684206,1804
0x1cffd4f5,2,1785268660125241600,1785268660126684206,1442
0x18ff9528,2,1785268660129144984,1785268660130681801,1536
0x18ffefa7,2,1785268660130103330,1785268660130681801,578
0x1f2,1,1785268660130736271,1785268660132725608,1989
0xc7ea8,2,1785268660131088065,1785268660132725608,1637
0x18ff28a7,2,1785268660131180324,1785268660132725608,1545
0x18ff2895,2,1785268660132342724,1785268660132725608,382
0x18fe2895,2,1785268660132715463,1785268660134686212,1970
0x18fe50a7,2,1785268660135537649,1785268660136807778,1270
0x18ffefa7,2,1785268660140611489,1785268660142807532,2196
0x30c,1,1785268660142554403,1785268660144838784,2284
0x18ff28d0,2,1785268660142635921,1785268660144838784,2202
0x18ffa7ef,2,1785268660143187751,1785268660144838784,1651
0xc7f28,2,1785268660145979846,1785268660146807739,827
0x18ff9528,2,1785268660150052265,1785268660150808020,755
0x18ffefa7,2,1785268660151044445,1785268660152930771,1886
0x1f2,1,1785268660151675719,1785268660152930771,1255
0x18fd50a7,2,1785268660152027846,1785268660152930771,902
0xc7f94,2,1785268660152180012,1785268660152930771,750
0x18ff2895,2,1785268660153292968,1785268660154929930,1636
0x18fe2895,2,1785268660153654392,1785268660154929930,1275
0x18fe50a7,2,1785268660156478004,1785268660156930570,452
0x18ffe5f4,2,1785268660159480597,1785268660160943444,1462
0x18ff28f4,2,1785268660159862206,1785268660160943444,1081
0x10ffd4f4,2,1785268660160233889,1785268660160943444,709
0x18ffefa7,2,1785268660161766343,1785268660162929751,1163
0x18ffa7ef,2,1785268660164198939,1785268660164930743,731
0x18fe50a7,2,1785268660166910867,1785268660168953265,2042
0x18ffeff4,2,1785268660170002867,1785268660171058831,1055
0x18ff9528,2,1785268660171075916,1785268660173090156,2014
0x18ffefa7,2,1785268660172447260,1785268660173090156,642
0x1f2,1,1785268660172463686,1785268660173090156,626
0x18fd50a7,2,1785268660172836165,1785268660175105334,2269
0x18ff28a7,2,1785268660173108108,1785268660175105334,1997
0x18ff2895,2,1785268660174381248,1785268660175105334,724
0x18fe2895,2,1785268660174653043,1785268660175105334,452
0x18fe50a7,2,1785268660177525229,1785268660179059244,1534
0x18ffefa7,2,1785268660182598347,1785268660183059821,461
0x18ffa7ef,2,1785268660184970777,1785268660187184472,2213
0x18fe50a7,2,1785268660187987759,1785268660189185705,1197
0x18ff9528,2,1785268660192272455,1785268660193185560,913
0x18ffefa7,2,1785268660193176431,1785268660195311200,2134
0x1f2,1,1785268660193559688,1785268660195311200,1751
0xc7ea8,2,1785268660193935371,1785268660195311200,1375
0x18ff28a7,2,1785268660194209610,1785268660195311200,1101
0x18ff2895,2,1785268660195482695,1785268660197317396,1834
0x18fe2895,2,1785268660195754341,1785268660197317396,1563
0x18fe50a7,2,1785268660198627546,1785268660199310444,682
0x18ffefa7,2,1785268660204001107,1785268660205318254,1317
0x10fff4d4,2,1785268660204017421,1785268660205318254,1300
0x18fff5d4,2,1785268660206291000,1785268660207311172,1020
0x18ffa7ef,2,1785268660206462666,1785268660207311172,848
0x18fe50a7,2,1785268660208953003,1785268660209313665,360
0x18ff9528,2,1785268660213234625,1785268660215437252,2202
0x18ffefa7,2,1785268660214108860,1785268660215437252,1328
0x1f2,1,1785268660214682209,1785268660215437252,755
0xc7ea8,2,1785268660215068318,1785268660217479559,2411
0x18ff28a7,2,1785268660215070243,1785268660217479559,2409
0x18ff2895,2,1785268660216243588,1785268660217479559,1235
0x18fe2895,2,1785268660216615901,1785268660217479559,863
0x1801d08f,2,1785268660218689685,1785268660219436551,746
0x18fe50a7,2,1785268660219562846,1785268660221437525,1874
0x18ffefa7,2,1785268660224635778,1785268660225437213,801
0x18ffa7ef,2,1785268660227109356,1785268660227447613,338
0x18ff28ef,2,1785268660228082091,1785268660229562586,1480
0xc7f8f,2,1785268660229254473,1785268660231578653,2324
0x18fe50a7,2,1785268660229926598,1785268660231578653,1652
0x1cffd4f5,2,1785268660230599687,1785268660231578653,978
0x18ff9528,2,1785268660234173128,1785268660235562878,1389
0xc7ff7,2,1785268660235445065,1785268660237604611,2159
0x1f2,1,1785268660235817007,1785268660237604611,1787
0x18fd50a7,2,1785268660236089524,1785268660237604611,1515
0x18ff28a7,2,1785268660236261690,1785268660237604611,1342
0x18ff2895,2,1785268660237335128,1785268660239572029,2236
0x18fe2895,2,1785268660237706755,1785268660239572029,1865
0x18fe50a7,2,1785268660240580441,1785268660241572725,992
0x18ffefa7,2,1785268660245658670,1785268660247687979,2029
0x30c,1,1785268660247434344,1785268660249690138,2255
0x18ffa7ef,2,1785268660248225506,1785268660249690138,1464
0x18fe50a7,2,1785268660251030786,1785268660251688038,657
0x18ff9528,2,1785268660255330075,1785268660255688763,358
0x18ffefa7,2,1785268660256509623,1785268660257814533,1304
0x1f2,1,1785268660256527012,1785268660257814533,1287
0x18fd50a7,2,1785268660256899213,1785268660257814533,915
0x18ff28a7,2,1785268660257171378,1785268660257814533,643
0x18ff2895,2,1785268660258344408,1785268660259813655,1469
0x18fe2895,2,1785268660258715795,1785268660259813655,1097
0x18fe50a7,2,1785268660261588278,1785268660263813973,2225
0x18ffefa7,2,1785268660266661914,1785268660267815180,1153
0x18ffa7ef,2,1785268660269033492,1785268660269814153,780
0x18ff28f4,2,1785268660270706056,1785268660271813794,1107
0x18fe50a7,2,1785268660271877567,1785268660273828138,1950
0x18ff9528,2,1785268660276249263,1785268660277953159,1703
0x18ffefa7,2,1785268660277320498,1785268660277953159,632
0x0,0,1785268660277337386,1785268660277953159,615
0x18fd50a7,2,1785268660277709291,1785268660279953244,2243
0x18ff28a7,2,1785268660277979938,1785268660279953244,1973
0x18ff2895,2,1785268660279152431,1785268660279953244,800
0xc7f14,2,1785268660279623928,1785268660281936903,2312
0x18ffeff4,2,1785268660281395084,1785268660281936903,541
0x18fe50a7,2,1785268660282468948,1785268660283936340,1467
0x18ffefa7,2,1785268660287542047,1785268660287936750,394
0x18ffa7ef,2,1785268660289913662,1785268660291959272,2045
0x18fe50a7,2,1785268660292685997,1785268660294065115,1379
0x18ff9528,2,1785268660297257840,1785268660298066489,808
0x10ffd438,2,1785268660297273766,1785268660298066489,792
0x18ffefa7,2,1785268660298108150,1785268660300111499,2003
0x0,0,1785268660298123835,1785268660300111499,1987
0x18fd50a7,2,1785268660298494759,1785268660300111499,1616
0x18ff28a7,2,1785268660298766498,1785268660300111499,1345
0x18ff2895,2,1785268660299938713,1785268660302066233,2127
0x18fe2895,2,1785268660300309322,1785268660302066233,1756
0x18fe50a7,2,1785268660303182119,1785268660304066114,883
0x1cff50d4,2,1785268660307554037,1785268660308191098,637
0x18ffefa7,2,1785268660308325533,1785268660310191738,1866
0x10ff38d4,2,1785268660309596803,1785268660310191738,594
0x18ffa7ef,2,1785268660310771425,1785268660312196582,1425
0x18fff5d4,2,1785268660311743697,1785268660312196582,452
0x18fe50a7,2,1785268660313617445,1785268660314192038,574
0x18ff9528,2,1785268660317891382,1785268660320318570,2427
0x18ffefa7,2,1785268660319063912,1785268660320318570,1254
0x0,0,1785268660319080116,1785268660320318570,1238
0x18fd50a7,2,1785268660319453132,1785268660320318570,865
0x18ff28a7,2,1785268660319725575,1785268660320318570,592
0x18ff2895,2,1785268660320898179,1785268660322225266,1327
0xc7f14,2,1785268660321369306,1785268660322225266,855
0x1801d08f,2,1785268660323342146,1785268660324317239,975
0xc7f28,2,1785268660324314399,1785268660326317213,2002
0x18ffefa7,2,1785268660329286499,1785268660330317420,1030
0x18ffa7ef,2,1785268660331759169,1785268660332317653,558
0x18ffd0ef,2,1785268660332731145,1785268660334319960,1588
0x18ff95ef,2,1785268660333802768,1785268660334319960,517
0xc7f28,2,1785268660334675411,1785268660336442748,1767
0x10ff38ef,2,1785268660334946983,1785268660336442748,1495
0x1cffd4f5,2,1785268660335918737,1785268660336442748,524
0x18ff9528,2,1785268660338992403,1785268660340443751,1451
0x18ffefa7,2,1785268660340164470,1785268660342490280,2325
0x1f2,1,1785268660340179952,1785268660342490280,2310
0x18fd50a7,2,1785268660340551820,1785268660342490280,1938
0x18ff28a7,2,1785268660340823837,1785268660342490280,1666
0x18ff2895,2,1785268660342296365,1785268660344443662,2147
0xc7f14,2,1785268660342311513,1785268660344443662,2132
0xc7f28,2,1785268660345284050,1785268660346443598,1159
0x18ffefa7,2,1785268660350257298,1785268660352464908,2207
0x30c,1,1785268660351928881,1785268660352464908,536
0x18ff28d0,2,1785268660352601321,1785268660354570493,1969
0x18ffa7ef,2,1785268660352972819,1785268660354570493,1597
0x18fe50a7,2,1785268660355547137,1785268660356568448,1021
0x18ff9528,2,1785268660360019073,1785268660360569470,550
0x18ffefa7,2,1785268660360991678,1785268660362598777,1607
0x1f2,1,1785268660361363268,1785268660362598777,1235
0x18fd50a7,2,1785268660361735599,1785268660362598777,863
0x18ff28a7,2,1785268660361751636,1785268660362598777,847
0x18ff2895,2,1785268660362825500,1785268660364577640,1752
0x18fe2895,2,1785268660363196813,1785268660364577640,1380
0x18fe50a7,2,1785268660366069481,1785268660366568854,499
0x18ffefa7,2,1785268660371142135,1785268660372695479,1553
0x18ffa7ef,2,1785268660373513973,1785268660374695156,1181
0x18ffe5f4,2,1785268660375186333,1785268660376701185,1514
0x18ff28f4,2,1785268660375558201,1785268660376701185,1142
0xc7f28,2,1785268660376530658,1785268660378694937,2164
0x18ffefa7,2,1785268660381802534,1785268660382734458,931
0x1f2,1,1785268660381818163,1785268660382734458,916
0x18fd50a7,2,1785268660382190661,1785268660382734458,543
0x18ff28a7,2,1785268660382462696,1785268660384840061,2377
0x18ff9528,2,1785268660382834120,1785268660384840061,2005
0x18ff2895,2,1785268660383706133,1785268660384840061,1133
0x18fe2895,2,1785268660384078261,1785268660384840061,761
0x18ffeff4,2,1785268660385950749,1785268660386820276,869
0x18fe50a7,2,1785268660387024002,1785268660388820935,1796
0x18ffefa7,2,1785268660392097194,1785268660392821401,724
0x18ffa7ef,2,1785268660394470105,1785268660394820819,350
0x18fe50a7,2,1785268660397241626,1785268660398821674,1580
0x18ffefa7,2,1785268660402614464,1785268660405074168,2459
0x1f2,1,1785268660402629890,1785268660405074168,2444
0x18fd50a7,2,1785268660403001961,1785268660405074168,2072
0x18ff28a7,2,1785268660403274015,1785268660405074168,1800
0x18ff9528,2,1785268660403646328,1785268660405074168,1427
0x18ff2895,2,1785268660404619804,1785268660406943661,2323
0x18fe2895,2,1785268660404891080,1785268660406943661,2052
0x18fe50a7,2,1785268660407764081,1785268660408943283,1179
0x18ffefa7,2,1785268660413136882,1785268660414950001,1813
0x18fff5d4,2,1785268660413152993,1785268660414950001,1797
0xc7fd3,2,1785268660415327294,1785268660416944197,1616
0x18fe50a7,2,1785268660418004019,1785268660419072540,1068
0x18ffefa7,2,1785268660423393968,1785268660425119387,1725
0x1f2,1,1785268660423414486,1785268660425119387,1704
0x18fd50a7,2,1785268660423791540,1785268660425119387,1327
0x18ff28a7,2,1785268660424064538,1785268660425119387,1054
0x18ff9528,2,1785268660424437221,1785268660425119387,682
0x18ff2895,2,1785268660425610418,1785268660427073139,1462
0x18fe2895,2,1785268660425626658,1785268660427073139,1446
0x1801d08f,2,1785268660427700942,1785268660429077076,1376
0xc7f28,2,1785268660428672844,1785268660429077076,404
0xc7ff7,2,1785268660433645758,1785268660435073793,1428
0xc7fd3,2,1785268660436218650,1785268660437198211,979
0x18ff28ef,2,1785268660437090552,1785268660439208796,2118
0x18ff1eef,2,1785268660438163064,1785268660439208796,1045
0x18fe50a7,2,1785268660438935115,1785268660441198825,2263
0xe7fea,2,1785268660440807270,1785268660441198825,391
0x18ffefa7,2,1785268660444380656,1785268660445198810,818
0x1f2,1,1785268660444752339,1785268660445198810,446
0x18fd50a7,2,1785268660445024430,1785268660447325042,2300
0x18ff28a7,2,1785268660445196522,1785268660447325042,2128
0x18ff9528,2,1785268660445468187,1785268660447325042,1856
0x18ff2895,2,1785268660446340904,1785268660447325042,984
0x18fe2895,2,1785268660446712642,1785268660447325042,612
0x18fe50a7,2,1785268660449585477,1785268660451324101,1738
0x18ffefa7,2,1785268660454658205,1785268660455324549,666
0x30c,1,1785268660456330140,1785268660457324189,994
0x18ffa7ef,2,1785268660457102505,1785268660459324329,2221
0x18fe50a7,2,1785268660459875692,1785268660461324618,1448
0x18ffefa7,2,1785268660465247993,1785268660467451483,2203
0x1f2,1,1785268660465619954,1785268660467451483,1831
0x18fd50a7,2,1785268660465892156,1785268660467451483,1559
0x18ff28a7,2,1785268660466064655,1785268660467451483,1386
0x18ff9528,2,1785268660466336950,1785268660467451483,1114
0x18ff2895,2,1785268660467309185,1785268660469450957,2141
0x18fe2895,2,1785268660467580720,1785268660469450957,1870
0x18fe50a7,2,1785268660470453554,1785268660471449801,996
0xc7ff7,2,1785268660475525894,1785268660477450204,1924
0x18ffa7ef,2,1785268660477898195,1785268660479450270,1552
0x18ff28f4,2,1785268660479870498,1785268660481477818,1607
0x10ffd4f4,2,1785268660479886238,1785268660481477818,1591
0x18fe50a7,2,1785268660480758381,1785268660481477818,719
0xc7ff7,2,1785268660486131497,1785268660487615831,1484
0x1f2,1,1785268660486503569,1785268660487615831,1112
0x18fd50a7,2,1785268660486775641,1785268660487615831,840
0x18ff28a7,2,1785268660486947566,1785268660487615831,668
0x18ff2895,2,1785268660487520526,1785268660489576694,2056
0x18fe2895,2,1785268660487892005,1785268660489576694,1684
0x18ffeff4,2,1785268660490265139,1785268660491575909,1310
0x18fe50a7,2,1785268660491337151,1785268660493576105,2238
0xc7ff7,2,1785268660496409139,1785268660497577441,1168
0x18ffa7ef,2,1785268660498781439,1785268660499576415,794
0x18fe50a7,2,1785268660501553811,1785268660503701862,2148
0x10ffd438,2,1785268660506126395,1785268660507710791,1584
0xc7ff7,2,1785268660506998186,1785268660507710791,712
0x1f2,1,1785268660507370832,1785268660509749061,2378
0x18fd50a7,2,1785268660507642626,1785268660509749061,2106
0x18ff28a7,2,1785268660507814514,1785268660509749061,1934
0x18ff9528,2,1785268660508086568,1785268660509749061,1662
0xc7f94,2,1785268660509258728,1785268660509749061,490
0x18fe2895,2,1785268660509430467,1785268660511702164,2271
0x18fe50a7,2,1785268660512203099,1785268660513702268,1499
0x18ffefa7,2,1785268660517576066,1785268660519738207,2162
0x10fff4d4,2,1785268660517591714,1785268660519738207,2146
0x10ff38d4,2,1785268660519864775,1785268660521832792,1968
0xc7fd3,2,1785268660520036292,1785268660521832792,1796
0x18fff5d4,2,1785268660521709338,1785268660523828358,2119
0x18fe50a7,2,1785268660522581610,1785268660523828358,1246
0xc7ff7,2,1785268660527954356,1785268660529951872,1997
0x1f2,1,1785268660528325557,1785268660529951872,1626
0x18fd50a7,2,1785268660528597870,1785268660529951872,1354
0x18ff28a7,2,1785268660528769499,1785268660529951872,1182
0x18ff9528,2,1785268660529341329,1785268660529951872,610
0x18ff2895,2,1785268660529357606,1785268660529951872,594
0x18fe2895,2,1785268660529730289,1785268660531828272,2097
0x1801d08f,2,1785268660532303570,1785268660533839227,1535
0xc7f28,2,1785268660533275138,1785268660533839227,564
0x18ffefa7,2,1785268660538248701,1785268660539956074,1707
0x18ffa7ef,2,1785268660540720927,1785268660541951048,1230
0x18ff38ef,2,1785268660541692976,1785268660543960225,2267
0x18fe38ef,2,1785268660542765303,1785268660543960225,1194
0x18fe50a7,2,1785268660543537336,1785268660543960225,422
0x1cfe50ef,2,1785268660543909945,1785268660545951217,2041
0x18fff4ef,2,1785268660544981734,1785268660545951217,969
0x1cffd4f5,2,1785268660546054117,1785268660547950654,1896
0x18ffefa7,2,1785268660548826693,1785268660549966276,1139
0x1f2,1,1785268660549498115,1785268660549966276,468
0x18fd50a7,2,1785268660549770261,1785268660552206564,2436
0x18ff28a7,2,1785268660549941834,1785268660552206564,2264
0x18ff9528,2,1785268660550214129,1785268660552206564,1992
0x18ff2895,2,1785268660551185975,1785268660552206564,1020
0x18fe2895,2,1785268660551558065,1785268660552206564,648
0x18fe50a7,2,1785268660554331011,1785268660556079660,1748
0x18ffefa7,2,1785268660559402925,1785268660560080052,677
0x30c,1,1785268660561074804,1785268660562080007,1005
0x18ffa7ef,2,1785268660562147686,1785268660564100925,1953
0x18ff28d0,2,1785268660562163464,1785268660564100925,1937
0x18fe50a7,2,1785268660564635986,1785268660566088658,1452
0x18ffefa7,2,1785268660569707900,1785268660570205161,497
0x1f2,1,1785268660570380359,1785268660572331541,1951
0x18fd50a7,2,1785268660570651728,1785268660572331541,1679
0x18ff28a7,2,1785268660571023522,1785268660572331541,1308
0x18ff9528,2,1785268660571039744,1785268660572331541,1291
0x18ff2895,2,1785268660572012460,1785268660574207794,2195
0x18fe2895,2,1785268660572384143,1785268660574207794,1823
0x18fe50a7,2,1785268660575157163,1785268660576205693,1048
0x18ffefa7,2,1785268660580229559,1785268660582218411,1988
0x18ffa7ef,2,1785268660582601859,1785268660584331069,1729
0x18ffe5f4,2,1785268660584274275,1785268660586458172,2183
0x18ff28f4,2,1785268660584645643,1785268660586458172,1812
0x18fe28f4,2,1785268660585017604,1785268660586458172,1440
0x10ffd4f4,2,1785268660585389250,1785268660586458172,1068
0x18fe50a7,2,1785268660585472009,1785268660586458172,986
0x18ffd0f4,2,1785268660588450972,1785268660590344824,1893
0x1cff50f4,2,1785268660588823748,1785268660590344824,1521
0x18ffeff4,2,1785268660589196375,1785268660590344824,1148
0x18ff9528,2,1785268660590069185,1785268660592457945,2388
0x18ffefa7,2,1785268660591141919,1785268660592457945,1316
0x1f2,1,1785268660591513787,1785268660592457945,944
0x18fd50a7,2,1785268660591785619,1785268660592457945,672
0x18ff28a7,2,1785268660591957581,1785268660592457945,500
0x18ff2895,2,1785268660592430522,1785268660594360734,1930
0x18fe2895,2,1785268660592801538,1785268660594360734,1559
0x18fe50a7,2,1785268660596276036,1785268660598456441,2180
0x18ff38f4,2,1785268660599249092,1785268660600456674,1207
0x18ffefa7,2,1785268660601420635,1785268660602456981,1036
0xc7fd3,2,1785268660603898768,1785268660604457158,558
0x18fe50a7,2,1785268660606572770,1785268660608457513,1884
0x18ff9528,2,1785268660610246007,1785268660612478812,2232
0x18ffefa7,2,1785268660611717702,1785268660612478812,761
0x1f2,1,1785268660612391143,1785268660614631526,2240
0x18fd50a7,2,1785268660612662400,1785268660614631526,1969
0x18ff28a7,2,1785268660612834195,1785268660614631526,1797
0x18ff2895,2,1785268660613306507,1785268660614631526,1325
0x18fe2895,2,1785268660613678579,1785268660614631526,952
0x18fe50a7,2,1785268660617151243,1785268660618582993,1431
0x18ffefa7,2,1785268660622224713,1785268660622583440,358
0x10fff4d4,2,1785268660622796802,1785268660624583062,1786
0xc7fd3,2,1785268660624969400,1785268660626608128,1638
0x18fff5d4,2,1785268660625141195,1785268660626608128,1466
0x18fe50a7,2,1785268660627514477,1785268660628708176,1193
0x18ff9528,2,1785268660631187103,1785268660632708716,1521
0x18ffefa7,2,1785268660632660779,1785268660634736615,2075
0x1f2,1,1785268660633332016,1785268660634736615,1404
0x18fd50a7,2,1785268660633603903,1785268660634736615,1132
0x18ff28a7,2,1785268660633775810,1785268660634736615,960
0x18ff2895,2,1785268660634849896,1785268660636713145,1863
0xc7f14,2,1785268660635321634,1785268660636713145,1391
0xc00e8,2,1785268660637394492,1785268660638721637,1327
0x18fe50a7,2,1785268660638166617,1785268660638721637,555
0x18ffefa7,2,1785268660643239290,1785268660644834280,1594
0x1cffd4f5,2,1785268660645711349,1785268660646859661,1148
0x18ffa7ef,2,1785268660646086439,1785268660646859661,773
0x1cfed4f5,2,1785268660646109235,1785268660646859661,750
0xc7f94,2,1785268660646883175,1785268660648837728,1954
0x18ff1eef,2,1785268660647955039,1785268660648837728,882
0xc7f28,2,1785268660648627554,1785268660650834683,2207
0x18ff9528,2,1785268660652300476,1785268660652835120,534
0x18ffefa7,2,1785268660653772615,1785268660654879704,1107
0x1f2,1,1785268660654344926,1785268660654879704,534
0xc7ea8,2,1785268660654717591,1785268660656980437,2262
0x18ff28a7,2,1785268660654732906,1785268660656980437,2247
0x18ff2895,2,1785268660655904936,1785268660656980437,1075
0x18fe2895,2,1785268660656276915,1785268660656980437,703
0x18fe50a7,2,1785268660659149879,1785268660660957255,1807
0x18ffefa7,2,1785268660664222052,1785268660664957740,735
0x30c,1,1785268660665894486,1785268660666956899,1062
0x18ffa7ef,2,1785268660666767129,1785268660668958002,2190
0xc7f28,2,1785268660669438984,1785268660670957272,1518
0x18ff9528,2,1785268660673210701,1785268660675086015,1875
0x18ffefa7,2,1785268660674783359,1785268660677130248,2346
0x0,0,1785268660674954913,1785268660677130248,2175
0x18fd50a7,2,1785268660675226782,1785268660677130248,1903
0x18ff28a7,2,1785268660675598391,1785268660677130248,1531
0x18ff2895,2,1785268660677071123,1785268660679086574,2015
0x18fe2895,2,1785268660677086678,1785268660679086574,1999
0x18fe50a7,2,1785268660679958920,1785268660681087085,1128
0x18ff28f4,2,1785268660682931661,1785268660685086810,2155
0x18ffefa7,2,1785268660685103759,1785268660687211228,2107
0x18ffa7ef,2,1785268660687575874,1785268660689212202,1636
0xc7f28,2,1785268660690248321,1785268660691211472,963
0x18ffeff4,2,1785268660693220044,1785268660695212586,1992
0x18ff9528,2,1785268660693991595,1785268660695212586,1220
0x18ffefa7,2,1785268660695464401,1785268660697254245,1789
0x1f2,1,1785268660695735417,1785268660697254245,1518
0xc7ea8,2,1785268660696207452,1785268660697254245,1046
0x18ff28a7,2,1785268660696479228,1785268660697254245,775
0x18ff2895,2,1785268660697051261,1785268660699233015,2181
0x18fe2895,2,1785268660697422981,1785268660699233015,1810
0x18fe50a7,2,1785268660700895775,1785268660701337747,441
0x18ffefa7,2,1785268660705968059,1785268660707337946,1369
0x18ffa7ef,2,1785268660708440359,1785268660709337976,897
0x18fe50a7,2,1785268660711112510,1785268660713338090,2225
0x18ff9528,2,1785268660714785358,1785268660715338249,552
0x10ffd438,2,1785268660715157856,1785268660717463944,2306
0x18ffefa7,2,1785268660716329201,1785268660717463944,1134
0x1f2,1,1785268660716900882,1785268660717463944,563
0xc7ea8,2,1785268660717086826,1785268660719503214,2416
0x18ff28a7,2,1785268660717344861,1785268660719503214,2158
0xc7f94,2,1785268660717916987,1785268660719503214,1586
0xc7f14,2,1785268660718289763,1785268660719503214,1213
0x18fe50a7,2,1785268660721762168,1785268660723471937,1709
0x10ff38d4,2,1785268660726657342,1785268660727465711,808
0x18ffefa7,2,1785268660726936451,1785268660727465711,529
0x18fff5d4,2,1785268660728611478,1785268660729464199,852
0x18ffa7ef,2,1785268660729484084,1785268660731464133,1980
0x18fe50a7,2,1785268660732157420,1785268660733590602,1433
0x18ff9528,2,1785268660735930064,1785268660737589691,1659
0x18ffefa7,2,1785268660737503073,1785268660739610994,2107
0x0,0,1785268660737675350,1785268660739610994,1935
0x18fd50a7,2,1785268660737948052,1785268660739610994,1662
0x18ff28a7,2,1785268660738321327,1785268660739610994,1289
0x18ff2895,2,1785268660739794022,1785268660741590853,1796
0x18fe2895,2,1785268660739810059,1785268660741590853,1780
0x1801d08f,2,1785268660741883398,1785268660743598287,1714
0x18fe50a7,2,1785268660742755800,1785268660743598287,842
0x18ffefa7,2,1785268660747829196,1785268660749594882,1765
0x18ffa7ef,2,1785268660750301681,1785268660751717482,1415
0x1cffd4f5,2,1785268660750673586,1785268660751717482,1043
0x18ffd0ef,2,1785268660751445878,1785268660753716230,2270
0x18ff95ef,2,1785268660752517501,1785268660753716230,1198
0x18fe50a7,2,1785268660753189330,1785268660753716230,526
0x10ff38ef,2,1785268660753664179,1785268660755715274,2051
0x18ff9528,2,1785268660757057214,1785268660757715207,657
0x18ffefa7,2,1785268660758639964,1785268660759748881,1108
0x1f2,1,1785268660758814055,1785268660759748881,934
0x18fd50a7,2,1785268660759087294,1785268660759748881,661
0x18ff28a7,2,1785268660759459811,1785268660761842851,2383
0x18ff2895,2,1785268660760631656,1785268660761842851,1211
0xc7f14,2,1785268660761103430,1785268660761842851,739
0x18fe50a7,2,1785268660763876877,1785268660765841088,1964
0x18ffefa7,2,1785268660768949753,1785268660769841398,891
0x18ff28d0,2,1785268660770022654,1785268660771842035,1819
0x30c,1,1785268660770895020,1785268660771842035,947
0x18ffa7ef,2,1785268660771567608,1785268660773841043,2273
0x18fe50a7,2,1785268660774240055,1785268660775841031,1600
0x18ff9528,2,1785268660778012477,1785268660779963341,1950
0x18ffefa7,2,1785268660779599245,1785268660782093515,2494
0x1f2,1,1785268660779758466,1785268660782093515,2335
0x18fd50a7,2,1785268660780031316,1785268660782093515,2062
0x18ff28a7,2,1785268660780403351,1785268660782093515,1690
0x18ff2895,2,1785268660781575844,1785268660782093515,517
0x18fe2895,2,1785268660781949045,1785268660783963504,2014
0x18fe50a7,2,1785268660784821991,1785268660785963474,1141
0x18ffe5f4,2,1785268660787795010,1785268660789964396,2169
0x18ff28f4,2,1785268660788166638,1785268660789964396,1797
0x18ffefa7,2,1785268660790039756,1785268660791964126,1924
0x18ffa7ef,2,1785268660792520241,1785268660794092170,1571
0x18fe50a7,2,1785268660795193651,1785268660796092325,898
0x18ffeff4,2,1785268660798166688,1785268660800095154,1928
0x18ff9528,2,1785268660799038979,1785268660800095154,1056
0x18ffefa7,2,1785268660800611711,1785268660802114495,1502
0x1f2,1,1785268660800783061,1785268660802114495,1331
0x18fd50a7,2,1785268660801055301,1785268660802114495,1059
0x18ff28a7,2,1785268660801427354,1785268660802114495,687
0xc7f94,2,1785268660802900493,1785268660804093243,1192
0xc7f14,2,1785268660802916363,1785268660804093243,1176
0x18fe50a7,2,1785268660805788624,1785268660806093213,304
0x18ffefa7,2,1785268660810861686,1785268660812218234,1356
0x18ffa7ef,2,1785268660813333597,1785268660814218649,885
0x18fe50a7,2,1785268660816006007,1785268660818218682,2212
0x18ff9528,2,1785268660819878557,1785268660820218800,340
0x18ffefa7,2,1785268660821351197,1785268660822256752,905
0x0,0,1785268660821523159,1785268660822256752,733
0x18fd50a7,2,1785268660821794898,1785268660822256752,461
0x18ff28a7,2,1785268660822167932,1785268660824254667,2086
0x18ff2895,2,1785268660822740207,1785268660824254667,1514
0x18fe2895,2,1785268660823112519,1785268660824254667,1142
0x18fe50a7,2,1785268660826585684,1785268660828344218,1758
0x18ffefa7,2,1785268660831657708,1785268660832344473,686
0x1cff50d4,2,1785268660832129224,1785268660834344536,2215
0x18ffa7ef,2,1785268660834201897,1785268660836347339,2145
0x18fff5d4,2,1785268660834472858,1785268660836347339,1874
0x18fe50a7,2,1785268660836945399,1785268660838344513,1399
0x18ff9528,2,1785268660840717969,1785268660842470083,1752
0x18ffefa7,2,1785268660842290589,1785268660844501979,2211
0x0,0,1785268660842462551,1785268660844501979,2039
0x18fd50a7,2,1785268660842734549,1785268660844501979,1767
0x18ff28a7,2,1785268660843109195,1785268660844501979,1392
0x18ff2895,2,1785268660844379798,1785268660846470338,2090
0x18fe2895,2,1785268660844651352,1785268660846470338,1818
0x1801d08f,2,1785268660846724284,1785268660848470716,1746
0x18fe50a7,2,1785268660847595835,1785268660848470716,874
0x18ffefa7,2,1785268660852668526,1785268660854483275,1814
0x18ffa7ef,2,1785268660855141363,1785268660856595485,1454
0x1cffd4f5,2,1785268660856413467,1785268660858635862,2222
0x18ff28ef,2,1785268660856428892,1785268660858635862,2206
0xc7f8f,2,1785268660857300443,1785268660858635862,1335
0x18fe50a7,2,1785268660857972365,1785268660858635862,663
0x18ff9528,2,1785268660862045025,1785268660862596192,551
0x18ffefa7,2,1785268660863317166,1785268660864629903,1312
0x1f2,1,1785268660863488405,1785268660864629903,1141
0x18fd50a7,2,1785268660863760144,1785268660864629903,869
0x18ff28a7,2,1785268660864132290,1785268660864629903,497
0x18ff2895,2,1785268660865405097,1785268660866606669,1201
0x18fe2895,2,1785268660865676596,1785268660866606669,930
0x18fe50a7,2,1785268660868550004,1785268660870613054,2063
0x18ffefa7,2,1785268660873621789,1785268660874721328,1099
0x30c,1,1785268660875294890,1785268660876722076,1427
0x18ffa7ef,2,1785268660876166292,1785268660876722076,555
0x18fe50a7,2,1785268660878838868,1785268660880721590,1882
0x18ff9528,2,1785268660882611012,1785268660884722697,2111
0xc7ff7,2,1785268660884182966,1785268660884722697,539
0x1f2,1,1785268660884555037,1785268660886848519,2293
0x18fd50a7,2,1785268660884926961,1785268660886848519,1921
0x18ff28a7,2,1785268660884942905,1785268660886848519,1905
0x18ff2895,2,1785268660886115658,1785268660886848519,732
0x18fe2895,2,1785268660886487748,1785268660888847989,2360
0x18fe50a7,2,1785268660889360305,1785268660890847552,1487
0x18ff28f4,2,1785268660892332953,1785268660892848003,515
0x10ffd4f4,2,1785268660892704803,1785268660894847789,2142
0x18ffefa7,2,1785268660894576736,1785268660896847833,2271
0x18ffa7ef,2,1785268660897048629,1785268660898847822,1799
0x18fe50a7,2,1785268660899720557,1785268660900969217,1248
0x18ffeff4,2,1785268660902693298,1785268660904971065,2277
0x18ff9528,2,1785268660903864551,1785268660904971065,1106
0xc7ff7,2,1785268660905137098,1785268660907008331,1871
0x1f2,1,1785268660905508485,1785268660907008331,1499
0x18fd50a7,2,1785268660905880446,1785268660907008331,1127
0x18ff28a7,2,1785268660905896446,1785268660907008331,1111
0x18ff2895,2,1785268660907070309,1785268660908970580,1900
0x18fe2895,2,1785268660907441955,1785268660908970580,1528
0xc7f28,2,1785268660910315086,1785268660910970291,655
0x18ffefa7,2,1785268660915387111,1785268660916971405,1584
0x18ffa7ef,2,1785268660917859077,1785268660919098763,1239
0x18fe50a7,2,1785268660920531246,1785268660921099289,568
0x18ff9528,2,1785268660924703851,1785268660925099563,395
0x10ffd438,2,1785268660925075756,1785268660927225514,2149
0xc7ff7,2,1785268660925947936,1785268660927225514,1277
0x1f2,1,1785268660926320619,1785268660927225514,904
0x18fd50a7,2,1785268660926692672,1785268660927225514,532
0x18ff28a7,2,1785268660926708876,1785268660927225514,516
0x18ff2895,2,1785268660927881554,1785268660929112522,1230
0xc7f14,2,1785268660928353162,1785268660929112522,759
0xc7f28,2,1785268660931126182,1785268660933224480,2098
0x10fff4d4,2,1785268660935698377,1785268660937230143,1531
0xc7ff7,2,1785268660936270262,1785268660937230143,959
0x10ff38d4,2,1785268660937842716,1785268660939225187,1382
0x18ffa7ef,2,1785268660938815340,1785268660939225187,409
0x18fff5d4,2,1785268660939987184,1785268660941225528,1238
0x18fe50a7,2,1785268660941559397,1785268660943225239,1665
0x18ff9528,2,1785268660945631428,1785268660947238105,1606
0x18ffefa7,2,1785268660946903976,1785268660947238105,334
0x1f2,1,1785268660947275863,1785268660949372075,2096
0x18fd50a7,2,1785268660947646786,1785268660949372075,1725
0x18ff28a7,2,1785268660947662342,1785268660949372075,1709
0x18ff2895,2,1785268660948834298,1785268660949372075,537
0x18fe2895,2,1785268660949206296,1785268660951350286,2143
0x1801d08f,2,1785268660951278579,1785268660953351589,2073
0xc7f28,2,1785268660952150093,1785268660953351589,1201
0xc7ff7,2,1785268660957222840,1785268660959350852,2128
0x18ffa7ef,2,1785268660959595214,1785268660961351785,1756
0xe7fea,2,1785268660961267204,1785268660963385866,2118
0x18fe50a7,2,1785268660962439568,1785268660963385866,946
0x18ff9528,2,1785268660966411951,1785268660967475992,1064
0x18ffefa7,2,1785268660967784239,1785268660969498776,1714
0x1f2,1,1785268660968155774,1785268660969498776,1343
0x18fd50a7,2,1785268660968527346,1785268660969498776,971
0x18ff28a7,2,1785268660968543327,1785268660969498776,955
0x18ff2895,2,1785268660969715783,1785268660971476895,1761
0x18fe2895,2,1785268660970096762,1785268660971476895,1380
0xc7f28,2,1785268660972972319,1785268660973477124,504
0xc7ff7,2,1785268660978045103,1785268660979476869,1431
0x18ff28d0,2,1785268660979517705,1785268660981602597,2084
0x30c,1,1785268660979889610,1785268660981602597,1712
0x18ffa7ef,2,1785268660980561958,1785268660981602597,1040
0x18fe50a7,2,1785268660983335127,1785268660985603223,2268
0x18ff9528,2,1785268660987307658,1785268660989603738,2296
0x18ffefa7,2,1785268660988679317,1785268660989603738,924
0x1f2,1,1785268660989051259,1785268660989603738,552
0x18fd50a7,2,1785268660989423571,1785268660991642597,2219
0x18ff28a7,2,1785268660989438831,1785268660991642597,2203
0x18ff2895,2,1785268660990611398,1785268660991642597,1031
0xc7f14,2,1785268660991083284,1785268660991642597,559
0x18fe50a7,2,1785268660993856248,1785268660995602741,1746
0x18ffe5f4,2,1785268660997128395,1785268660997728229,599
0x18ff28f4,2,1785268660997143951,1785268660997728229,584
0x18ffefa7,2,1785268660999017051,1785268660999727866,710
0x18ffa7ef,2,1785268661001389203,1785268661003727973,2338
0x18fe50a7,2,1785268661004162427,1785268661005728091,1565
0x18ffeff4,2,1785268661007174890,1785268661007728506,553
0x18ff9528,2,1785268661008277161,1785268661009752217,1475
0x18ffefa7,2,1785268661009338692,1785268661009752217,413
0x1f2,1,1785268661009991188,1785268661011865020,1873
0x18fd50a7,2,1785268661010343408,1785268661011865020,1521
0x18ff28a7,2,1785268661010434722,1785268661011865020,1430
0x18ff2895,2,1785268661011848103,1785268661013854435,2006
0x18fe2895,2,1785268661011969843,1785268661013854435,1884
0x18fe50a7,2,1785268661014793326,1785268661015853757,1060
0x18ffefa7,2,1785268661019845721,1785268661021854371,2008
0x18ffa7ef,2,1785268661022298373,1785268661023854119,1555
0x18fe50a7,2,1785268661025010227,1785268661025858534,848
0x18ff9528,2,1785268661029053203,1785268661029976622,923
0x18ffefa7,2,1785268661030425713,1785268661031994055,1568
0x1f2,1,1785268661030787877,1785268661031994055,1206
0x18fd50a7,2,1785268661031140023,1785268661031994055,854
0x18ff28a7,2,1785268661031232152,1785268661031994055,761
0x18ff2895,2,1785268661032375349,1785268661033976692,1601
0xc7f14,2,1785268661032837198,1785268661033976692,1139
0x18fe50a7,2,1785268661035590756,1785268661035976662,385
0x18ffefa7,2,1785268661040644133,1785268661041983147,1339
0x18fff5d4,2,1785268661041145759,1785268661041983147,837
0xc7fd3,2,1785268661043249191,1785268661043991784,742
0x18fe50a7,2,1785268661045881046,1785268661048105835,2224
0x18ff9528,2,1785268661049943466,1785268661052106646,2163
0x18ffefa7,2,1785268661051006089,1785268661052106646,1100
0x1f2,1,1785268661051658307,1785268661052106646,448
0x18fd50a7,2,1785268661052011083,1785268661054122690,2111
0x18ff28a7,2,1785268661052102804,1785268661054122690,2019
0x18ff2895,2,1785268661053245057,1785268661054122690,877
0xc7f14,2,1785268661053707517,1785268661054122690,415
0x1801d08f,2,1785268661055730597,1785268661056105790,375
0x18fe50a7,2,1785268661056532870,1785268661058105964,1573
0x18ffefa7,2,1785268661061585451,1785268661062231311,645
0x18ffa7ef,2,1785268661064137954,1785268661066231974,2094
0x18ff28ef,2,1785268661065109652,1785268661066231974,1122
0x18ff1eef,2,1785268661066473181,1785268661068261518,1788
0x1cffd4f5,2,1785268661066564624,1785268661068261518,1696
0x18fe50a7,2,1785268661066966844,1785268661068261518,1294
0x18ffd0ef,2,1785268661067398971,1785268661068261518,862
0x18ff95ef,2,1785268661068472187,1785268661070232840,1760
0x87f9c,2,1785268661069623921,1785268661070232840,608
0x18ff38ef,2,1785268661070617341,1785268661072267181,1649
0x18ff9528,2,1785268661071378781,1785268661072267181,888
0x18fe38ef,2,1785268661071761149,1785268661072267181,506
0x18ffefa7,2,1785268661072473941,1785268661074483705,2009
0x1f2,1,1785268661072826105,1785268661074483705,1657
0xc7ea8,2,1785268661073257936,1785268661074483705,1225
0x18ff28a7,2,1785268661073820247,1785268661074483705,663
0x1cfe50ef,2,1785268661073912173,1785268661074483705,571
0x18ff2895,2,1785268661075006074,1785268661076359787,1353
0xc7f14,2,1785268661075157165,1785268661076359787,1202
0x18fff4ef,2,1785268661075458997,1785268661076359787,900
0x18fe50a7,2,1785268661078051240,1785268661080357394,2306
0x18ffefa7,2,1785268661083104191,1785268661084357798,1253
0x30c,1,1785268661084865033,1785268661086378453,1513
0x18ffa7ef,2,1785268661085636917,1785268661086378453,741
0x18fe50a7,2,1785268661088351215,1785268661090482986,2131
0x18ff9528,2,1785268661092444154,1785268661094483259,2039
0x18ffefa7,2,1785268661093533203,1785268661094483259,950
0x1f2,1,1785268661094169125,1785268661096510748,2341
0x18fd50a7,2,1785268661094521808,1785268661096510748,1988
0xc7f94,2,1785268661094674362,1785268661096510748,1836
0x18ff2895,2,1785268661095776930,1785268661096510748,733
0x18fe2895,2,1785268661096169020,1785268661098483348,2314
0x18fe50a7,2,1785268661098973614,1785268661100483189,1509
0x18ff28f4,2,1785268661101994392,1785268661102483214,488
0x18fe28f4,2,1785268661102355260,1785268661104608314,2253
0x18ffefa7,2,1785268661104171379,1785268661104608314,436
0x18ffa7ef,2,1785268661106628716,1785268661108608958,1980
0x18fe50a7,2,1785268661109341311,1785268661110609224,1267
0x1cff50f4,2,1785268661112358496,1785268661114610109,2251
0x18ffeff4,2,1785268661112717679,1785268661114610109,1892
0x18ff9528,2,1785268661113669192,1785268661114610109,940
0x18ffefa7,2,1785268661114628057,1785268661116655153,2027
0x1f2,1,1785268661115261145,1785268661116655153,1394
0x18fd50a7,2,1785268661115622051,1785268661116655153,1033
0xc7f94,2,1785268661115774716,1785268661116655153,880
0x18ff2895,2,1785268661116824062,1785268661118734919,1910
0x18fe2895,2,1785268661117183467,1785268661118734919,1551
0x18fe50a7,2,1785268661120073061,1785268661120737908,664
0x18ff38f4,2,1785268661123071932,1785268661124735201,1663
0x18ffefa7,2,1785268661125194641,1785268661126734874,1540
0x18ffa7ef,2,1785268661127647349,1785268661128735197,1087
0x18fe50a7,2,1785268661130360703,1785268661130739167,378
0x18ff9528,2,1785268661134553807,1785268661136877873,2324
0x10ffd438,2,1785268661134905768,1785268661136877873,1972
0x18ffefa7,2,1785268661135578671,1785268661136877873,1299
0x1f2,1,1785268661136211093,1785268661136877873,666
0x18fd50a7,2,1785268661136564147,1785268661138895028,2330
0xc7f94,2,1785268661136715794,1785268661138895028,2179
0xc7f94,2,1785268661137877824,1785268661138895028,1017
0x18fe2895,2,1785268661138190692,1785268661138895028,704
0x18fe50a7,2,1785268661141013601,1785268661142860599,1846
0x10ff38d4,2,1785268661145455852,1785268661146867354,1411
0x18ffefa7,2,1785268661146158700,1785268661146867354,708
0x18fff5d4,2,1785268661147571062,1785268661148862028,1290
0x18ffa7ef,2,1785268661148663648,1785268661150982460,2318
0xc7f28,2,1785268661151456835,1785268661152983357,1526
0x18ff9528,2,1785268661155499551,1785268661156983964,1484
0x18ffefa7,2,1785268661156521656,1785268661156983964,462
0x1f2,1,1785268661157154356,1785268661158996582,1842
0x18fd50a7,2,1785268661157507113,1785268661158996582,1489
0xc7f94,2,1785268661157660204,1785268661158996582,1336
0x18ff2895,2,1785268661158742272,1785268661160984367,2242
0x18fe2895,2,1785268661159134066,1785268661160984367,1850
0x1801d08f,2,1785268661161227294,1785268661162983467,1756
0x18fe50a7,2,1785268661162029030,1785268661162983467,954
0x18ffefa7,2,1785268661167102944,1785268661169112007,2009
0x18ffa7ef,2,1785268661169534985,1785268661171111699,1576
0x18fe50a7,2,1785268661172247913,1785268661173113188,865
0x1cffd4f5,2,1785268661172609725,1785268661173113188,503
0x18ff9528,2,1785268661176512831,1785268661177112758,599
0x18ffefa7,2,1785268661177465659,1785268661179143710,1678
0x1f2,1,1785268661178106600,1785268661179143710,1037
0xc7ea8,2,1785268661178459986,1785268661179143710,683
0x18ff28a7,2,1785268661178552467,1785268661179143710,591
0x18ff2895,2,1785268661179715349,1785268661181121513,1406
0x18fe2895,2,1785268661180086736,1785268661181121513,1034
0x18fe50a7,2,1785268661182909885,1785268661185237323,2327
0x18ffefa7,2,1785268661187993429,1785268661189238968,1245
0x30c,1,1785268661189948121,1785268661191246901,1298
0x18ff28d0,2,1785268661190035028,1785268661191246901,1211
0x18ffa7ef,2,1785268661190588913,1785268661191246901,657
0xc7f28,2,1785268661193413063,1785268661195238415,1825
0x18ff9528,2,1785268661197495149,1785268661199249171,1754
0x18ffefa7,2,1785268661198489458,1785268661199249171,759
0x1f2,1,1785268661199122417,1785268661201383103,2260
0x18fd50a7,2,1785268661199474637,1785268661201383103,1908
0xc7f94,2,1785268661199626766,1785268661201383103,1756
0x18ff2895,2,1785268661200739759,1785268661201383103,643
0x18fe2895,2,1785268661201102535,1785268661203363444,2260
0x18fe50a7,2,1785268661203926222,1785268661205364636,1438
0x18ffe5f4,2,1785268661206928963,1785268661207363570,434
0x18ff28f4,2,1785268661207311683,1785268661209369614,2057
0x10ffd4f4,2,1785268661207683680,1785268661209369614,1685
0x18ffefa7,2,1785268661209235967,1785268661211370732,2134
0x18ffa7ef,2,1785268661211677064,1785268661213488831,1811
0x18fe50a7,2,1785268661214391399,1785268661215489246,1097
0x18ffeff4,2,1785268661217484232,1785268661219490409,2006
0x18ff9528,2,1785268661218557078,1785268661219490409,933
0x18ffefa7,2,1785268661219929699,1785268661221507805,1578
0x1f2,1,1785268661219945810,1785268661221507805,1561
0x18fd50a7,2,1785268661220318234,1785268661221507805,1189
0x18ff28a7,2,1785268661220590547,1785268661221507805,917
0x18ff2895,2,1785268661221863521,1785268661223489701,1626
0x18fe2895,2,1785268661222135630,1785268661223489701,1354
0x18fe50a7,2,1785268661225007946,1785268661225502986,495
0x18ffefa7,2,1785268661230081286,1785268661231615193,1533
0x18ffa7ef,2,1785268661232454161,1785268661233616163,1162
0x18fe50a7,2,1785268661235226514,1785268661235615096,388
0x18ff9528,2,1785268661239498637,1785268661241648507,2149
0x18ffefa7,2,1785268661240370761,1785268661241648507,1277
0x1f2,1,1785268661240742537,1785268661241648507,905
0xc7ea8,2,1785268661241114479,1785268661241648507,534
0x18ff28a7,2,1785268661241387385,1785268661243741717,2354
0x18ff2895,2,1785268661242659618,1785268661243741717,1082
0x18fe2895,2,1785268661242932116,1785268661243741717,809
0x18fe50a7,2,1785268661245806006,1785268661247741861,1935
0x18ffefa7,2,1785268661251179233,1785268661251742116,562
0x10fff4d4,2,1785268661251194751,1785268661251742116,547
0x18fff5d4,2,1785268661253467052,1785268661255742353,2275
0x18ffa7ef,2,1785268661253638459,1785268661255742353,2103
0x18fe50a7,2,1785268661256131425,1785268661257741583,1610
0x18ff9528,2,1785268661260413677,1785268661261742190,1328
0x18ffefa7,2,1785268661261287283,1785268661261742190,454
0x1f2,1,1785268661261860742,1785268661263900844,2040
0xc7ea8,2,1785268661262233518,1785268661263900844,1667
0x18ff28a7,2,1785268661262249592,1785268661263900844,1651
0x18ff2895,2,1785268661263422270,1785268661263900844,478
0x18fe2895,2,1785268661263795527,1785268661265866870,2071
0x1801d08f,2,1785268661265868052,1785268661267867415,1999
0x18fe50a7,2,1785268661266741102,1785268661267867415,1126
0x18ffefa7,2,1785268661271813627,1785268661273867640,2054
0x18ffa7ef,2,1785268661274287205,1785268661275870073,1582
0x18ff28ef,2,1785268661275258773,1785268661275870073,611
0xc7f8f,2,1785268661276431858,1785268661277878303,1446
0x18fe50a7,2,1785268661277103984,1785268661277878303,774
0x1cffd4f5,2,1785268661277776739,1785268661279989384,2212
0x18ff9528,2,1785268661281349217,1785268661281989261,640
0xc7ff7,2,1785268661282622210,1785268661284012843,1390
0x1f2,1,1785268661282993911,1785268661284012843,1018
0x18fd50a7,2,1785268661283266058,1785268661284012843,746
0x18ff28a7,2,1785268661283438872,1785268661284012843,573
0x18ff2895,2,1785268661284512550,1785268661285990091,1477
0x18fe2895,2,1785268661284884085,1785268661285990091,1106
0x18fe50a7,2,1785268661287757012,1785268661289989809,2232
0x18ffefa7,2,1785268661292830111,1785268661293989898,1159
0x30c,1,1785268661294511212,1785268661296118312,1607
0x18ffa7ef,2,1785268661295284504,1785268661296118312,833
0x18fe50a7,2,1785268661298058469,1785268661300118845,2060
0x18ff9528,2,1785268661302332498,1785268661304121989,1789
0x18ffefa7,2,1785268661303504639,1785268661304121989,617
0x1f2,1,1785268661303520973,1785268661304121989,601
0x18fd50a7,2,1785268661303893544,1785268661306167218,2273
0x18ff28a7,2,1785268661304165191,1785268661306167218,2002
0x18ff2895,2,1785268661305338147,1785268661306167218,829
0x18fe2895,2,1785268661305710496,1785268661306167218,456
0x18fe50a7,2,1785268661308583849,1785268661310244121,1660
0x18ffefa7,2,1785268661313655837,1785268661314244525,588
0x18ffa7ef,2,1785268661316028971,1785268661318245261,2216
0x18ff28f4,2,1785268661317700535,1785268661318245261,544
0x18fe50a7,2,1785268661318873306,1785268661320244380,1371
0x18ff9528,2,1785268661323245983,1785268661324245135,999
0x18ffefa7,2,1785268661324318940,1785268661326371493,2052
0x0,0,1785268661324335143,1785268661326371493,2036
0x18fd50a7,2,1785268661324707289,1785268661326371493,1664
0x18ff28a7,2,1785268661324979362,1785268661326371493,1392
0x18ff2895,2,1785268661326152299,1785268661328370593,2218
0xc7f14,2,1785268661326623833,1785268661328370593,1746
0x18ffeff4,2,1785268661328396637,1785268661330370897,1974
0x18fe50a7,2,1785268661329468335,1785268661330370897,902
0x18ffefa7,2,1785268661334541563,1785268661336370585,1829
0x18ffa7ef,2,1785268661336913734,1785268661338370945,1457
0x18fe50a7,2,1785268661339686662,1785268661340371007,684
0x18ff9528,2,1785268661344258875,1785268661346628620,2369
0x10ffd438,2,1785268661344274727,1785268661346628620,2353
0x18ffefa7,2,1785268661345146814,1785268661346628620,1481
0x0,0,1785268661345162999,1785268661346628620,1465
0x18fd50a7,2,1785268661345534960,1785268661346628620,1093
0x18ff28a7,2,1785268661345807180,1785268661346628620,821
0x18ff2895,2,1785268661346980803,1785268661348497888,1517
0x18fe2895,2,1785268661347352801,1785268661348497888,1145
0x18fe50a7,2,1785268661350225746,1785268661352496810,2271
0x1cff50d4,2,1785268661354599498,1785268661356497157,1897
0x18ffefa7,2,1785268661355371289,1785268661356497157,1125
0x10ff38d4,2,1785268661356645541,1785268661358510183,1864
0x18ffa7ef,2,1785268661357817497,1785268661358510183,692
0x18fff5d4,2,1785268661358790732,1785268661360621819,1831
0x18fe50a7,2,1785268661360663035,1785268661362621975,1958
0x18ff9528,2,1785268661364936065,1785268661366623434,1687
0x18ffefa7,2,1785268661366108447,1785268661366623434,514
0x0,0,1785268661366124743,1785268661366623434,498
0x18fd50a7,2,1785268661366497889,1785268661368623015,2125
0x18ff28a7,2,1785268661366769647,1785268661368623015,1853
0x18ff2895,2,1785268661367941695,1785268661368623015,681
0xc7f14,2,1785268661368414396,1785268661370622597,2208
0x1801d08f,2,1785268661370386865,1785268661372639215,2252
0xc7f28,2,1785268661371357915,1785268661372639215,1281
0x18ffefa7,2,1785268661376330978,1785268661376748081,417
0x18ffa7ef,2,1785268661378803148,1785268661380749595,1946
0x18ffd0ef,2,1785268661379774772,1785268661380749595,974
0x18ff95ef,2,1785268661380847450,1785268661382754899,1907
0xc7f28,2,1785268661381718390,1785268661382754899,1036
0x10ff38ef,2,1785268661381990166,1785268661382754899,764
0x1cffd4f5,2,1785268661382962993,1785268661384748980,1785
0x18ff9528,2,1785268661386035253,1785268661386748395,713
0x18ffefa7,2,1785268661387207986,1785268661388874716,1666
0x1f2,1,1785268661387223634,1785268661388874716,1651
0x18fd50a7,2,1785268661387595762,1785268661388874716,1278
0x18ff28a7,2,1785268661387868334,1785268661388874716,1006
0x18ff2895,2,1785268661389340825,1785268661390873761,1532
0xc7f14,2,1785268661389356473,1785268661390873761,1517
0xc7f28,2,1785268661392329048,1785268661392874453,545
0x18ffefa7,2,1785268661397302481,1785268661398873864,1571
0x30c,1,1785268661398975100,1785268661400884278,1909
0x18ff28d0,2,1785268661399646467,1785268661400884278,1237
0x18ffa7ef,2,1785268661400018724,1785268661400884278,865
0x18fe50a7,2,1785268661402591375,1785268661404874812,2283
0x18ff9528,2,1785268661407063922,1785268661408996937,1933
0x18ffefa7,2,1785268661408035583,1785268661408996937,961
0x1f2,1,1785268661408407710,1785268661408996937,589
0x18fd50a7,2,1785268661408780263,1785268661411003425,2223
0x18ff28a7,2,1785268661408795763,1785268661411003425,2207
0x18ff2895,2,1785268661409867738,1785268661411003425,1135
0x18fe2895,2,1785268661410240662,1785268661411003425,762
0x18fe50a7,2,1785268661413112626,1785268661414996477,1883
0x18ffefa7,2,1785268661418217669,1785268661418996751,779
0x18ffa7ef,2,1785268661420598155,1785268661420997536,399
0x18ffe5f4,2,1785268661422273423,1785268661423007617,734
0x18ff28f4,2,1785268661422646365,1785268661423007617,361
0xc7f28,2,1785268661423619285,1785268661425125364,1506
0x18ffefa7,2,1785268661428892790,1785268661431159942,2267
0x1f2,1,1785268661428909031,1785268661431159942,2250
0x18fd50a7,2,1785268661429281880,1785268661431159942,1878
0x18ff28a7,2,1785268661429554397,1785268661431159942,1605
0x18ff9528,2,1785268661429927062,1785268661431159942,1232
0x18ff2895,2,1785268661430800112,1785268661433126968,2326
0x18fe2895,2,1785268661431172480,1785268661433126968,1954
0x18ffeff4,2,1785268661433045136,1785268661435125864,2080
0x18fe50a7,2,1785268661434117851,1785268661435125864,1008
0x18ffefa7,2,1785268661439190006,1785268661441126904,1936
0x18ffa7ef,2,1785268661441562325,1785268661443251189,1688
0x18fe50a7,2,1785268661444335216,1785268661445252177,916
0x18ffefa7,2,1785268661449707498,1785268661451378402,1670
0x1f2,1,1785268661449723202,1785268661451378402,1655
0x18fd50a7,2,1785268661450107644,1785268661451378402,1270
0x18ff28a7,2,1785268661450380642,1785268661451378402,997
0x18ff9528,2,1785268661450752899,1785268661451378402,625
0x18ff2895,2,1785268661451725819,1785268661453253188,1527
0x18fe2895,2,1785268661451997725,1785268661453253188,1255
0x18fe50a7,2,1785268661454871356,1785268661455251695,380
0x18ffefa7,2,1785268661460244305,1785268661461377642,1133
0x18fff5d4,2,1785268661460259842,1785268661461377642,1117
0xc7fd3,2,1785268661462432977,1785268661463377094,944
0x18fe50a7,2,1785268661465105016,1785268661467377627,2272
0x18ffefa7,2,1785268661470477947,1785268661471378771,900
0x1f2,1,1785268661470493391,1785268661471378771,885
0x18fd50a7,2,1785268661470864944,1785268661471378771,513
0x18ff28a7,2,1785268661471137609,1785268661473424297,2286
0x18ff9528,2,1785268661471509366,1785268661473424297,1914
0x18ff2895,2,1785268661472681508,1785268661473424297,742
0x18fe2895,2,1785268661472697693,1785268661473424297,726
0x1801d08f,2,1785268661474770717,1785268661475381656,610
0xc7f28,2,1785268661475743045,1785268661477502922,1759
0xc7ff7,2,1785268661480715441,1785268661481504251,788
0xc7fd3,2,1785268661483288573,1785268661485504247,2215
0x18ff28ef,2,1785268661484162272,1785268661485504247,1341
0x18ff1eef,2,1785268661485233506,1785268661487503866,2270
0x18fe50a7,2,1785268661486005168,1785268661487503866,1498
0xe7fea,2,1785268661487879008,1785268661489504114,1625
0x18ffefa7,2,1785268661491451357,1785268661493656998,2205
0x1f2,1,1785268661491823022,1785268661493656998,1833
0x18fd50a7,2,1785268661492095205,1785268661493656998,1561
0x18ff28a7,2,1785268661492267223,1785268661493656998,1389
0x18ff9528,2,1785268661492539054,1785268661493656998,1117
0x18ff2895,2,1785268661493411975,1785268661495629339,2217
0x18fe2895,2,1785268661493783825,1785268661495629339,1845
0x18fe50a7,2,1785268661496656900,1785268661497629605,972
0x18ffefa7,2,1785268661501729332,1785268661503629460,1900
0x30c,1,1785268661503402433,1785268661505630505,2228
0x18ffa7ef,2,1785268661504174447,1785268661505630505,1456
0x18fe50a7,2,1785268661506947727,1785268661507629716,681
0x18ffefa7,2,1785268661512319954,1785268661513782811,1462
0x1f2,1,1785268661512691655,1785268661513782811,1091
0x18fd50a7,2,1785268661512963857,1785268661513782811,818
0x18ff28a7,2,1785268661513136152,1785268661513782811,646
0x18ff9528,2,1785268661513408280,1785268661515756096,2347
0x18ff2895,2,1785268661514380626,1785268661515756096,1375
0x18fe2895,2,1785268661514651977,1785268661515756096,1104
0x18fe50a7,2,1785268661517524441,1785268661519754703,2230
0xc7ff7,2,1785268661522596836,1785268661523756440,1159
0x18ffa7ef,2,1785268661524970211,1785268661525880391,910
0x18ff28f4,2,1785268661526942310,1785268661527880898,938
0x10ffd4f4,2,1785268661526957828,1785268661527880898,923
0x18fe50a7,2,1785268661527830341,1785268661529880628,2050
0xc7ff7,2,1785268661533202531,1785268661533881735,679
0x1f2,1,1785268661533574270,1785268661536004075,2429
0x18fd50a7,2,1785268661533845713,1785268661536004075,2158
0x18ff28a7,2,1785268661534017656,1785268661536004075,1986
0x18ff2895,2,1785268661534589764,1785268661536004075,1414
0x18fe2895,2,1785268661534962206,1785268661536004075,1041
0x18ffeff4,2,1785268661537335321,1785268661537886323,551
0x18fe50a7,2,1785268661538408092,1785268661540003015,1594
0xc7ff7,2,1785268661543480377,1785268661544003011,522
0x18ffa7ef,2,1785268661545852362,1785268661548004230,2151
0x18fe50a7,2,1785268661548625716,1785268661550003441,1377
0x10ffd438,2,1785268661553197892,1785268661554003900,806
0xc7ff7,2,1785268661554070442,1785268661556133295,2062
0x1f2,1,1785268661554442403,1785268661556133295,1690
0x18fd50a7,2,1785268661554714198,1785268661556133295,1419
0x18ff28a7,2,1785268661554886289,1785268661556133295,1247
0x18ff9528,2,1785268661555158269,1785268661556133295,975
0xc7f94,2,1785268661556330966,1785268661558132895,1801
0x18fe2895,2,1785268661556502428,1785268661558132895,1630
0x18fe50a7,2,1785268661559274985,1785268661560132124,857
0x18ffefa7,2,1785268661564647971,1785268661566132980,1485
0x10fff4d4,2,1785268661564663397,1785268661566132980,1469
0x10ff38d4,2,1785268661566936439,1785268661568132709,1196
0xc7fd3,2,1785268661567108030,1785268661568132709,1024
0x18fff5d4,2,1785268661568781094,1785268661570133253,1352
0x18fe50a7,2,1785268661569652737,1785268661570133253,480
0xc7ff7,2,1785268661575025834,1785268661576290034,1264
0x1f2,1,1785268661575397221,1785268661576290034,892
0x18fd50a7,2,1785268661575668831,1785268661576290034,621
0x18ff28a7,2,1785268661575840718,1785268661576290034,449
0x18ff9528,2,1785268661576413122,1785268661578259597,1846
0x18ff2895,2,1785268661576429122,1785268661578259597,1830
0x18fe2895,2,1785268661576800916,1785268661578259597,1458
0x1801d08f,2,1785268661579374327,1785268661580258437,884
0xc7f28,2,1785268661580346321,1785268661582258204,1911
0x18ffefa7,2,1785268661585318717,1785268661586258904,940
0x18ffa7ef,2,1785268661587791480,1785268661588258614,467
0x18ff38ef,2,1785268661588763437,1785268661590384047,1620
0x18fe38ef,2,1785268661589835004,1785268661590384047,549
0x18fe50a7,2,1785268661590607703,1785268661592384295,1776
0x1cfe50ef,2,1785268661590978812,1785268661592384295,1405
0x18fff4ef,2,1785268661592051269,1785268661594384895,2333
0x1cffd4f5,2,1785268661593122855,1785268661594384895,1262
0x18ffefa7,2,1785268661595903727,1785268661596383958,480
0x1f2,1,1785268661596576427,1785268661598432372,1855
0x18fd50a7,2,1785268661596848332,1785268661598432372,1584
0x18ff28a7,2,1785268661597020572,1785268661598432372,1411
0x18ff9528,2,1785268661597292737,1785268661598432372,1139
0x18ff2895,2,1785268661598265824,1785268661600509731,2243
0x18fe2895,2,1785268661598637451,1785268661600509731,1872
0x18fe50a7,2,1785268661601409990,1785268661602509460,1099
0x18ffefa7,2,1785268661606482811,1785268661608510297,2027
0x30c,1,1785268661608174542,1785268661610510730,2336
0x18ffa7ef,2,1785268661609227591,1785268661610510730,1283
0x18ff28d0,2,1785268661609243647,1785268661610510730,1267
0x18fe50a7,2,1785268661611717502,1785268661612509775,792
0x18ffefa7,2,1785268661616790082,1785268661618636499,1846
0x1f2,1,1785268661617461541,1785268661618636499,1174
0x18fd50a7,2,1785268661617733540,1785268661618636499,902
0x18ff28a7,2,1785268661618108575,1785268661618636499,527
0x18ff9528,2,1785268661618124352,1785268661618636499,512
0x18ff2895,2,1785268661619097291,1785268661620635784,1538
0x18fe2895,2,1785268661619468900,1785268661620635784,1166
0x18fe50a7,2,1785268661622242161,1785268661622635421,393
0x18ffefa7,2,1785268661627317630,1785268661628636258,1318
0x18ffa7ef,2,1785268661629716208,1785268661630635895,919
0x18ffe5f4,2,1785268661631400402,1785268661632659180,1258
0x18ff28f4,2,1785268661631774751,1785268661632659180,884
0x18fe28f4,2,1785268661632147656,1785268661632659180,511
0x10ffd4f4,2,1785268661632520988,1785268661634761224,2240
0x18fe50a7,2,1785268661632603765,1785268661634761224,2157
0x18ffd0f4,2,1785268661635582932,1785268661636763268,1180
0x1cff50f4,2,1785268661635957041,1785268661636763268,806
0x18ffeff4,2,1785268661636329298,1785268661636763268,433
0x18ff9528,2,1785268661637202237,1785268661638761608,1559
0x18ffefa7,2,1785268661638274749,1785268661638761608,486
0x1f2,1,1785268661638647451,1785268661640797430,2149
0x18fd50a7,2,1785268661638919134,1785268661640797430,1878
0x18ff28a7,2,1785268661639091244,1785268661640797430,1706
0x18ff2895,2,1785268661639563038,1785268661640797430,1234
0x18fe2895,2,1785268661639935276,1785268661640797430,862
0x18fe50a7,2,1785268661643408792,1785268661644762371,1353
0x18ff38f4,2,1785268661646381700,1785268661646761397,379
0x18ffefa7,2,1785268661648553780,1785268661650886726,2332
0xc7fd3,2,1785268661651027857,1785268661652887844,1859
0x18fe50a7,2,1785268661653700156,1785268661654886870,1186
0x18ff9528,2,1785268661657372893,1785268661658887477,1514
0x18ffefa7,2,1785268661658846199,1785268661661010798,2164
0x1f2,1,1785268661659517806,1785268661661010798,1492
0x18fd50a7,2,1785268661659789805,1785268661661010798,1220
0x18ff28a7,2,1785268661659961729,1785268661661010798,1049
0x18ff2895,2,1785268661660433560,1785268661661010798,577
0x18fe2895,2,1785268661660806687,1785268661663009232,2202
0x18fe50a7,2,1785268661664279629,1785268661665009405,729
0x18ffefa7,2,1785268661669352488,1785268661671010927,1658
0x10fff4d4,2,1785268661669923966,1785268661671010927,1086
0xc7fd3,2,1785268661672097064,1785268661673010175,913
0x18fff5d4,2,1785268661672268785,1785268661673010175,741
0x18fe50a7,2,1785268661674642808,1785268661675010090,367
0x18ff9528,2,1785268661678315008,1785268661679009993,694
0x18ffefa7,2,1785268661679787406,1785268661681151667,1364
0x1f2,1,1785268661680458846,1785268661681151667,692
0x18fd50a7,2,1785268661680730974,1785268661681151667,420
0x18ff28a7,2,1785268661680903251,1785268661683149581,2246
0x18ff2895,2,1785268661681975374,1785268661683149581,1174
0xc7f14,2,1785268661682447797,1785268661683149581,701
0xc00e8,2,1785268661684519729,1785268661685138811,619
0x18fe50a7,2,1785268661685292151,1785268661687138726,1846
0x18ffefa7,2,1785268661690365805,1785268661691139036,773
0x1cffd4f5,2,1785268661692837476,1785268661693147451,309
0x18ffa7ef,2,1785268661693210121,1785268661695264939,2054
0x1cfed4f5,2,1785268661693225473,1785268661695264939,2039
0xc7f94,2,1785268661693997691,1785268661695264939,1267
0x18ff1eef,2,1785268661695070684,1785268661697264780,2194
0xc7f28,2,1785268661695742143,1785268661697264780,1522
0x18ff9528,2,1785268661699415584,1785268661701265165,1849
0x18ffefa7,2,1785268661700887520,1785268661701265165,377
0x1f2,1,1785268661701460405,1785268661703265302,1804
0xc7ea8,2,1785268661701832273,1785268661703265302,1433
0x18ff28a7,2,1785268661701848254,1785268661703265302,1417
0x18ff2895,2,1785268661703022044,1785268661705275364,2253
0x18fe2895,2,1785268661703393727,1785268661705275364,1881
0x18fe50a7,2,1785268661706267265,1785268661707389760,1122
0x18ffefa7,2,1785268661711339475,1785268661713390782,2051
0x30c,1,1785268661713013057,1785268661713390782,377
0x18ffa7ef,2,1785268661713884682,1785268661715390345,1505
0xc7f28,2,1785268661716557277,1785268661717390444,833
0x18ff9528,2,1785268661720329606,1785268661721390700,1061
0x18ffefa7,2,1785268661721903022,1785268661723526133,1623
0x0,0,1785268661722075003,1785268661723526133,1451
0x18fd50a7,2,1785268661722347464,1785268661723526133,1178
0x18ff28a7,2,1785268661722735851,1785268661723526133,790
0x18ff2895,2,1785268661724215601,1785268661725517457,1301
0x18fe2895,2,1785268661724232731,1785268661725517457,1284
0x18fe50a7,2,1785268661727106472,1785268661727516854,410
0x18ff28f4,2,1785268661730079029,1785268661731516223,1437
0x18ffefa7,2,1785268661732252534,1785268661733517084,1264
0x18ffa7ef,2,1785268661734725315,1785268661735516277,790
0xc7f28,2,1785268661737398040,1785268661739641590,2243
0x18ffeff4,2,1785268661740372392,1785268661741642784,1270
0x18ff9528,2,1785268661741144795,1785268661741642784,497
0x18ffefa7,2,1785268661742617897,1785268661743642255,1024
0x1f2,1,1785268661742889099,1785268661743642255,753
0xc7ea8,2,1785268661743361448,1785268661745665893,2304
0x18ff28a7,2,1785268661743633706,1785268661745665893,2032
0x18ff2895,2,1785268661744205591,1785268661745665893,1460
0x18fe2895,2,1785268661744577552,1785268661745665893,1088
0x18fe50a7,2,1785268661748050624,1785268661749642114,1591
0x18ffefa7,2,1785268661753123167,1785268661753767205,644
0x18ffa7ef,2,1785268661755617819,1785268661757768778,2150
0x18fe50a7,2,1785268661758299488,1785268661759768027,1468
0x18ff9528,2,1785268661761973632,1785268661763768285,1794
0x10ffd438,2,1785268661762347093,1785268661763768285,1421
0x18ffefa7,2,1785268661763519716,1785268661765816849,2297
0x1f2,1,1785268661764091953,1785268661765816849,1724
0xc7ea8,2,1785268661764263767,1785268661765816849,1553
0x18ff28a7,2,1785268661764536061,1785268661765816849,1280
0xc7f94,2,1785268661765108651,1785268661765816849,708
0xc7f14,2,1785268661765481982,1785268661767767932,2285
0x18fe50a7,2,1785268661768953738,1785268661769893495,939
0x10ff38d4,2,1785268661773827024,1785268661775894502,2067
0x18ffefa7,2,1785268661774111226,1785268661775894502,1783
0x18fff5d4,2,1785268661775784994,1785268661777894085,2109
0x18ffa7ef,2,1785268661776657248,1785268661777894085,1236
0x18fe50a7,2,1785268661779330509,1785268661779893927,563
0x18ff9528,2,1785268661783103579,1785268661783894222,790
0x18ffefa7,2,1785268661784676070,1785268661786021100,1345
0x0,0,1785268661784848439,1785268661786021100,1172
0x18fd50a7,2,1785268661785121271,1785268661786021100,899
0x18ff28a7,2,1785268661785493342,1785268661786021100,527
0x18ff2895,2,1785268661786966685,1785268661788016257,1049
0x18fe2895,2,1785268661786982482,1785268661788016257,1033
0x1801d08f,2,1785268661789055228,1785268661790016358,961
0x18fe50a7,2,1785268661789927797,1785268661792015996,2088
0x18ffefa7,2,1785268661795000507,1785268661796016421,1015
0x18ffa7ef,2,1785268661797473122,1785268661798016374,543
0x1cffd4f5,2,1785268661797845138,1785268661800061197,2216
0x18ffd0ef,2,1785268661798617189,1785268661800061197,1444
0x18ff95ef,2,1785268661799689312,1785268661800061197,371
0x18fe50a7,2,1785268661800362308,1785268661802145149,1782
0x10ff38ef,2,1785268661800833602,1785268661802145149,1311
0x18ff9528,2,1785268661804207026,1785268661806145629,1938
0x18ffefa7,2,1785268661805780072,1785268661806145629,365
0x1f2,1,1785268661805951978,1785268661808169138,2217
0x18fd50a7,2,1785268661806224143,1785268661808169138,1944
0x18ff28a7,2,1785268661806596345,1785268661808169138,1572
0x18ff2895,2,1785268661807768634,1785268661808169138,400
0xc7f14,2,1785268661808241298,1785268661810145406,1904
0x18fe50a7,2,1785268661811014429,1785268661812145655,1131
0x18ffefa7,2,1785268661816086639,1785268661818271069,2184
0x18ff28d0,2,1785268661817158559,1785268661818271069,1112
0x30c,1,1785268661818030979,1785268661820271448,2240
0x18ffa7ef,2,1785268661818704012,1785268661820271448,1567
0x18fe50a7,2,1785268661821376515,1785268661822271012,894
0x18ff9528,2,1785268661825148992,1785268661826271344,1122
0x18ffefa7,2,1785268661826721927,1785268661828397500,1675
0x1f2,1,1785268661826893593,1785268661828397500,1503
0x18fd50a7,2,1785268661827165591,1785268661828397500,1231
0x18ff28a7,2,1785268661827537681,1785268661828397500,859
0x18ff2895,2,1785268661828710433,1785268661830298380,1587
0x18fe2895,2,1785268661829082209,1785268661830298380,1216
0x18fe50a7,2,1785268661831955377,1785268661832396277,440
0x18ffe5f4,2,1785268661834928711,1785268661836397109,1468
0x18ff28f4,2,1785268661835300116,1785268661836397109,1096
0x18ffefa7,2,1785268661837172716,1785268661838396562,1223
0x18ffa7ef,2,1785268661839645460,1785268661840396885,751
0x18fe50a7,2,1785268661842318314,1785268661844396735,2078
0x18ffeff4,2,1785268661845290630,1785268661846521817,1231
0x18ff9528,2,1785268661846163513,1785268661848523122,2359
0x18ffefa7,2,1785268661847735522,1785268661848523122,787
0x1f2,1,1785268661847907429,1785268661848523122,615
0x18fd50a7,2,1785268661848179835,1785268661850531872,2352
0x18ff28a7,2,1785268661848551388,1785268661850531872,1980
0xc7f94,2,1785268661850023768,1785268661850531872,508
0xc7f14,2,1785268661850040064,1785268661850531872,491
0x18fe50a7,2,1785268661852912806,1785268661854522778,1609
0x18ffefa7,2,1785268661857985979,1785268661858522721,536
0x18ffa7ef,2,1785268661860458001,1785268661862523090,2065
0x18fe50a7,2,1785268661863130707,1785268661864648116,1517
0x18ff9528,2,1785268661867004628,1785268661868648337,1643
0x18ffefa7,2,1785268661868477249,1785268661870775289,2298
0x0,0,1785268661868648674,1785268661870775289,2126
0x18fd50a7,2,1785268661868920561,1785268661870775289,1854
0x18ff28a7,2,1785268661869292966,1785268661870775289,1482
0x18ff2895,2,1785268661869865370,1785268661870775289,909
0x18fe2895,2,1785268661870237924,1785268661870775289,537
0x18fe50a7,2,1785268661873710199,1785268661874648511,938
0x18ffefa7,2,1785268661878783280,1785268661880649462,1866
0x1cff50d4,2,1785268661879255666,1785268661880649462,1393
0x18ffa7ef,2,1785268661881328579,1785268661882774674,1446
0x18fff5d4,2,1785268661881600374,1785268661882774674,1174
0x18fe50a7,2,1785268661884073229,1785268661884775479,702
0x18ff9528,2,1785268661887846299,1785268661888774792,928
0x18ffefa7,2,1785268661889418715,1785268661890779930,1361
0x0,0,1785268661889590307,1785268661890779930,1189
0x18fd50a7,2,1785268661889862120,1785268661890779930,917
0x18ff28a7,2,1785268661890235340,1785268661890779930,544
0x18ff2895,2,1785268661891507462,1785268661892775365,1267
0x18fe2895,2,1785268661891778923,1785268661892775365,996
0x1801d08f,2,1785268661893851226,1785268661894774670,923
0x18fe50a7,2,1785268661894723869,1785268661896899641,2175
0x18ffefa7,2,1785268661899796616,1785268661900901139,1104
0x18ffa7ef,2,1785268661902269249,1785268661902900111,630
0x1cffd4f5,2,1785268661903541149,1785268661904901694,1360
0x18ff28ef,2,1785268661903556815,1785268661904901694,1344
0xc7f8f,2,1785268661904429014,1785268661904901694,472
0x18fe50a7,2,1785268661905101547,1785268661906900295,1798
0x18ff9528,2,1785268661909173800,1785268661911022830,1849
0x18ffefa7,2,1785268661910446126,1785268661911022830,576
0x1f2,1,1785268661910618754,1785268661911022830,404
0x18fd50a7,2,1785268661910889975,1785268661913024023,2134
0x18ff28a7,2,1785268661911261361,1785268661913024023,1762
0x18ff2895,2,1785268661912533576,1785268661913024023,490
0x18fe2895,2,1785268661912805593,1785268661915022588,2216
0x18fe50a7,2,1785268661915678594,1785268661917022818,1344
0x18ffefa7,2,1785268661920750545,1785268661923023548,2273
0x30c,1,1785268661922423461,1785268661923023548,600
0x18ffa7ef,2,1785268661923295548,1785268661925023834,1728
0x18fe50a7,2,1785268661925967643,1785268661927151194,1183
0x18ff9528,2,1785268661929739935,1785268661931151489,1411
0xc7ff7,2,1785268661931313555,1785268661933179275,1865
0x1f2,1,1785268661931684757,1785268661933179275,1494
0x18fd50a7,2,1785268661932056477,1785268661933179275,1122
0x18ff28a7,2,1785268661932072365,1785268661933179275,1106
0x18ff2895,2,1785268661933245118,1785268661935152136,1907
0x18fe2895,2,1785268661933616838,1785268661935152136,1535
0x18fe50a7,2,1785268661936489635,1785268661937152533,662
0x18ff28f4,2,1785268661939461987,1785268661941168754,1706
0x10ffd4f4,2,1785268661939833707,1785268661941168754,1335
0x18ffefa7,2,1785268661941706307,1785268661943277003,1570
0x18ffa7ef,2,1785268661944178626,1785268661945277807,1099
0x18fe50a7,2,1785268661946851054,1785268661947277409,426
0x18ffeff4,2,1785268661949823573,1785268661951277500,1453
0x18ff9528,2,1785268661950995918,1785268661953285990,2290
0xc7ff7,2,1785268661952268003,1785268661953285990,1017
0x1f2,1,1785268661952639852,1785268661953285990,646
0x18fd50a7,2,1785268661953012572,1785268661955403887,2391
0x18ff28a7,2,1785268661953027813,1785268661955403887,2376
0x18ff2895,2,1785268661954200862,1785268661955403887,1203
0x18fe2895,2,1785268661954572526,1785268661955403887,831
0xc7f28,2,1785268661957445231,1785268661959402904,1957
0x18ffefa7,2,1785268661962517978,1785268661963403495,885
0x18ffa7ef,2,1785268661964990889,1785268661965404263,413
0x18fe50a7,2,1785268661967663410,1785268661969404317,1740
0x18ff9528,2,1785268661971835922,1785268661973529907,1693
0x10ffd438,2,1785268661972207086,1785268661973529907,1322
0xc7ff7,2,1785268661973079099,1785268661973529907,450
0x1f2,1,1785268661973452597,1785268661975540805,2088
0x18fd50a7,2,1785268661973824354,1785268661975540805,1716
0x18ff28a7,2,1785268661973840521,1785268661975540805,1700
0x18ff2895,2,1785268661975013254,1785268661975540805,527
0xc7f14,2,1785268661975485696,1785268661977529351,2043
0xc7f28,2,1785268661978258272,1785268661979529211,1270
0x10fff4d4,2,1785268661982830818,1785268661983529524,698
0xc7ff7,2,1785268661983402778,1785268661985532218,2129
0x10ff38d4,2,1785268661984974194,1785268661985532218,558
0x18ffa7ef,2,1785268661985947559,1785268661987654967,1707
0x18fff5d4,2,1785268661987119811,1785268661987654967,535
0x18fe50a7,2,1785268661988691931,1785268661989654920,962
0x18ff9528,2,1785268661992764351,1785268661993655067,890
0x18ffefa7,2,1785268661994036640,1785268661995665612,1628
0x1f2,1,1785268661994409193,1785268661995665612,1256
0x18fd50a7,2,1785268661994781061,1785268661995665612,884
0x18ff28a7,2,1785268661994797117,1785268661995665612,868
0x18ff2895,2,1785268661995970350,1785268661997655621,1685
0x18fe2895,2,1785268661996342459,1785268661997655621,1313
0x1801d08f,2,1785268661998415761,1785268661999682722,1266
0xc7f28,2,1785268661999287164,1785268661999682722,395
0xc7ff7,2,1785268662004359726,1785268662005780877,1421
0x18ffa7ef,2,1785268662006731859,1785268662007780700,1048
0xe7fea,2,1785268662008404183,1785268662009781060,1376
0x18fe50a7,2,1785268662009575972,1785268662011781087,2205
0x18ff9528,2,1785268662013547911,1785268662015797808,2249
0x18ffefa7,2,1785268662014919458,1785268662015797808,878
0x1f2,1,1785268662015291197,1785268662015797808,506
0x18fd50a7,2,1785268662015663380,1785268662017932112,2268
0x18ff28a7,2,1785268662015678898,1785268662017932112,2253
0x18ff2895,2,1785268662016850706,1785268662017932112,1081
0x18fe2895,2,1785268662017222389,1785268662017932112,709
0xc7f28,2,1785268662020095094,1785268662021906611,1811
0xc7ff7,2,1785268662025167804,1785268662025906795,738
0x18ff28d0,2,1785268662026640054,1785268662027907266,1267
0x30c,1,1785268662027011774,1785268662027907266,895
0x18ffa7ef,2,1785268662027683659,1785268662029906516,2222
0x18fe50a7,2,1785268662030456827,1785268662031906895,1450
0x18ff9528,2,1785268662034429211,1785268662036030041,1600
0x18ffefa7,2,1785268662035801480,1785268662038033846,2232
0x1f2,1,1785268662036172904,1785268662038033846,1860
0x18fd50a7,2,1785268662036545402,1785268662038033846,1488
0x18ff28a7,2,1785268662036561828,1785268662038033846,1472
0x18ff2895,2,1785268662037734765,1785268662040029614,2294
0xc7f14,2,1785268662038206707,1785268662040029614,1822
0x18fe50a7,2,1785268662040978764,1785268662042029474,1050
0x18ffe5f4,2,1785268662044251133,1785268662046029917,1778
0x18ff28f4,2,1785268662044266707,1785268662046029917,1763
0x18ffefa7,2,1785268662046139566,1785268662048029314,1889
0x18ffa7ef,2,1785268662048511959,1785268662050157822,1645
0x18fe50a7,2,1785268662051284368,1785268662052157961,873
0x18ffeff4,2,1785268662054296702,1785268662056158867,1862
0x18ff9528,2,1785268662055398269,1785268662056158867,760
0x18ffefa7,2,1785268662056460800,1785268662058182931,1722
0x1f2,1,1785268662057112352,1785268662058182931,1070
0x18fd50a7,2,1785268662057464627,1785268662058182931,718
0x18ff28a7,2,1785268662057556905,1785268662058182931,626
0x18ff2895,2,1785268662058970618,1785268662060159124,1188
0x18fe2895,2,1785268662059091729,1785268662060159124,1067
0x18fe50a7,2,1785268662061914249,1785268662064283363,2369
0x18ffefa7,2,1785268662066966607,1785268662068285232,1318
0x18ffa7ef,2,1785268662069418370,1785268662070284074,865
0x18fe50a7,2,1785268662072130224,1785268662074284647,2154
0x18ff9528,2,1785268662076172755,1785268662078295571,2122
0x18ffefa7,2,1785268662077544951,1785268662078295571,750
0x1f2,1,1785268662077907226,1785268662078295571,388
0x18fd50a7,2,1785268662078260243,1785268662080410227,2149
0x18ff28a7,2,1785268662078351668,1785268662080410227,2058
0x18ff2895,2,1785268662079493846,1785268662080410227,916
0xc7f14,2,1785268662079955714,1785268662080410227,454
0x18fe50a7,2,1785268662082708623,1785268662084410263,1701
0x18ffefa7,2,1785268662087770500,1785268662088410465,639
0x18fff5d4,2,1785268662088273349,1785268662090410252,2136
0xc7fd3,2,1785268662090376984,1785268662092410168,2033
0x18fe50a7,2,1785268662093028968,1785268662094410010,1381
0x18ff9528,2,1785268662097100796,1785268662098536656,1435
0x18ffefa7,2,1785268662098166308,1785268662100547831,2381
0x1f2,1,1785268662098821600,1785268662100547831,1726
0x18fd50a7,2,1785268662099171802,1785268662100547831,1376
0x18ff28a7,2,1785268662099264005,1785268662100547831,1283
0x18ff2895,2,1785268662100406979,1785268662102536543,2129
0xc7f14,2,1785268662100869180,1785268662102536543,1667
0x1801d08f,2,1785268662102892687,1785268662104536237,1643
0x18fe50a7,2,1785268662103694941,1785268662104536237,841
0x18ffefa7,2,1785268662108749281,1785268662110535966,1786
0x18ffa7ef,2,1785268662111302969,1785268662112660474,1357
0x18ff28ef,2,1785268662112278334,1785268662114679094,2400
0x18ff1eef,2,1785268662113637566,1785268662114679094,1041
0x1cffd4f5,2,1785268662113729806,1785268662114679094,949
0x18fe50a7,2,1785268662114133267,1785268662114679094,545
0x18ffd0ef,2,1785268662114565579,1785268662116661954,2096
0x18ff95ef,2,1785268662115637406,1785268662116661954,1024
0x87f9c,2,1785268662116789955,1785268662118662018,1872
0x18ff38ef,2,1785268662117782097,1785268662118662018,879
0x18ff9528,2,1785268662118544796,1785268662120681323,2136
0x18fe38ef,2,1785268662118926405,1785268662120681323,1754
0x18ffefa7,2,1785268662119639030,1785268662120681323,1042
0x1f2,1,1785268662119991454,1785268662120681323,689
0xc7ea8,2,1785268662120424525,1785268662122788202,2363
0x18ff28a7,2,1785268662120986318,1785268662122788202,1801
0x1cfe50ef,2,1785268662121078058,1785268662122788202,1710
0x18ff2895,2,1785268662122172885,1785268662122788202,615
0xc7f14,2,1785268662122324643,1785268662122788202,463
0x18fff4ef,2,1785268662122627234,1785268662124787599,2160
0x18fe50a7,2,1785268662125219904,1785268662126787478,1567
0x18ffefa7,2,1785268662130274521,1785268662130788403,513
0x30c,1,1785268662132026585,1785268662132787652,761
0x18ffa7ef,2,1785268662132799136,1785268662134787272,1988
0x18fe50a7,2,1785268662135511656,1785268662136788650,1276
0x18ff9528,2,1785268662139590724,1785268662140913148,1322
0x18ffefa7,2,1785268662140664866,1785268662142920064,2255
0x1f2,1,1785268662141297177,1785268662142920064,1622
0x18fd50a7,2,1785268662141650027,1785268662142920064,1270
0xc7f94,2,1785268662141802637,1785268662142920064,1117
0x18ff2895,2,1785268662142906149,1785268662144914295,2008
0x18fe2895,2,1785268662143278184,1785268662144914295,1636
0x18fe50a7,2,1785268662146108815,1785268662146912933,804
0x18ff28f4,2,1785268662149129463,1785268662150913451,1783
0x18fe28f4,2,1785268662149489424,1785268662150913451,1424
0x18ffefa7,2,1785268662151306580,1785268662153034755,1728
0x18ffa7ef,2,1785268662153762769,1785268662155034856,1272
0x18fe50a7,2,1785268662156476178,1785268662157036383,560
0x1cff50f4,2,1785268662159492827,1785268662161036382,1543
0x18ffeff4,2,1785268662159852584,1785268662161036382,1183
0x18ff9528,2,1785268662160805726,1785268662163042520,2236
0x18ffefa7,2,1785268662161757906,1785268662163042520,1284
0x1f2,1,1785268662162390939,1785268662163042520,651
0x18fd50a7,2,1785268662162750992,1785268662165057732,2306
0xc7f94,2,1785268662162902806,1785268662165057732,2154
0x18ff2895,2,1785268662163951670,1785268662165057732,1106
0x18fe2895,2,1785268662164312112,1785268662165057732,745
0x18fe50a7,2,1785268662167201391,1785268662169163545,1962
0x18ff38f4,2,1785268662170200114,1785268662171163776,963
0x18ffefa7,2,1785268662172322083,1785268662173165006,842
0x18ffa7ef,2,1785268662174774679,1785268662175164571,389
0x18fe50a7,2,1785268662177486588,1785268662179164588,1678
0x18ff9528,2,1785268662181679193,1785268662183290882,1611
0x10ffd438,2,1785268662182031524,1785268662183290882,1259
0x18ffefa7,2,1785268662182703909,1785268662183290882,586
0x1f2,1,1785268662183336998,1785268662185291631,1954
0x18fd50a7,2,1785268662183687755,1785268662185291631,1603
0xc7f94,2,1785268662183839291,1785268662185291631,1452
0xc7f94,2,1785268662185001988,1785268662187290621,2288
0x18fe2895,2,1785268662185313263,1785268662187290621,1977
0x18fe50a7,2,1785268662188177617,1785268662189290963,1113
0x10ff38d4,2,1785268662192673719,1785268662193290758,617
0x18ffefa7,2,1785268662193391381,1785268662195294915,1903
0x18fff5d4,2,1785268662194807262,1785268662195294915,487
0x18ffa7ef,2,1785268662195900644,1785268662197415238,1514
0xc7f28,2,1785268662198693720,1785268662199415431,721
0x18ff9528,2,1785268662202737510,1785268662203416004,678
0x18ffefa7,2,1785268662203760189,1785268662205441790,1681
0x1f2,1,1785268662204392463,1785268662205441790,1049
0x18fd50a7,2,1785268662204744739,1785268662205441790,697
0xc7f94,2,1785268662204897256,1785268662205441790,544
0x18ff2895,2,1785268662205980046,1785268662207420651,1440
0x18fe2895,2,1785268662206372822,1785268662207420651,1047
0x1801d08f,2,1785268662208465568,1785268662209541251,1075
0x18fe50a7,2,1785268662209286656,1785268662211541241,2254
0x18ffefa7,2,1785268662214368403,1785268662215541907,1173
0x18ffa7ef,2,1785268662216802462,1785268662217542545,740
0x18fe50a7,2,1785268662219516668,1785268662221542821,2026
0x1cffd4f5,2,1785268662219879147,1785268662221542821,1663
0x18ff9528,2,1785268662223782476,1785268662225558412,1775
0x18ffefa7,2,1785268662224734914,1785268662225558412,823
0x1f2,1,1785268662225367855,1785268662227691068,2323
0xc7ea8,2,1785268662225719483,1785268662227691068,1971
0x18ff28a7,2,1785268662225811723,1785268662227691068,1879
0x18ff2895,2,1785268662226975438,1785268662227691068,715
0x18fe2895,2,1785268662227348232,1785268662229668503,2320
0x18fe50a7,2,1785268662230170752,1785268662231667345,1496
0x18ffefa7,2,1785268662235244203,1785268662235667547,423
0x30c,1,1785268662237186728,1785268662237669426,482
0x18ff28d0,2,1785268662237268709,1785268662237669426,400
0x18ffa7ef,2,1785268662237821539,1785268662239677101,1855
0xc7f28,2,1785268662240615004,1785268662241795350,1180
0x18ff9528,2,1785268662244688646,1785268662245794108,1105
0x18ffefa7,2,1785268662245681103,1785268662247799172,2118
0x1f2,1,1785268662246314840,1785268662247799172,1484
0x18fd50a7,2,1785268662246666986,1785268662247799172,1132
0xc7f94,2,1785268662246819374,1785268662247799172,979
0x18ff2895,2,1785268662247932978,1785268662249794662,1861
0x18fe2895,2,1785268662248294772,1785268662249794662,1499
0x18fe50a7,2,1785268662251118163,1785268662251793578,675
0x18ffe5f4,2,1785268662254121367,1785268662255924076,1802
0x18ff28f4,2,1785268662254504050,1785268662255924076,1420
0x10ffd4f4,2,1785268662254876177,1785268662255924076,1047
0x18ffefa7,2,1785268662256409297,1785268662257922529,1513
0x18ffa7ef,2,1785268662258842227,1785268662259918945,1076
0x18fe50a7,2,1785268662261554211,1785268662261919639,365
0x18ffeff4,2,1785268662264646988,1785268662265919323,1272
0x18ff9528,2,1785268662265719519,1785268662268042034,2322
0x18ffefa7,2,1785268662267092270,1785268662268042034,949
0x1f2,1,1785268662267108974,1785268662268042034,933
0x18fd50a7,2,1785268662267481286,1785268662268042034,560
0x18ff28a7,2,1785268662267754025,1785268662270042913,2288
0x18ff2895,2,1785268662269026610,1785268662270042913,1016
0x18fe2895,2,1785268662269298923,1785268662270042913,743
0x18fe50a7,2,1785268662272172110,1785268662274041727,1869
0x18ffefa7,2,1785268662277245042,1785268662278041725,796
0x18ffa7ef,2,1785268662279617898,1785268662280041586,423
0x18fe50a7,2,1785268662282390752,1785268662284042325,1651
0x18ff9528,2,1785268662286664170,1785268662288053435,1389
0x18ffefa7,2,1785268662287536091,1785268662288053435,517
0x1f2,1,1785268662287908830,1785268662290171739,2262
0xc7ea8,2,1785268662288280383,1785268662290171739,1891
0x18ff28a7,2,1785268662288552252,1785268662290171739,1619
0x18ff2895,2,1785268662289825374,1785268662292171210,2345
0x18fe2895,2,1785268662290109390,1785268662292171210,2061
0x18fe50a7,2,1785268662292983725,1785268662294171163,1187
0x18ffefa7,2,1785268662298357563,1785268662300171911,1814
0x10fff4d4,2,1785268662298373378,1785268662300171911,1798
0x18fff5d4,2,1785268662300646753,1785268662302171827,1525
0x18ffa7ef,2,1785268662300818048,1785268662302171827,1353
0x18fe50a7,2,1785268662303292144,1785268662304296317,1004
0x18ff9528,2,1785268662307564878,1785268662308296871,731
0x18ffefa7,2,1785268662308437224,1785268662310316657,1879
0x1f2,1,1785268662309009147,1785268662310316657,1307
0xc7ea8,2,1785268662309381237,1785268662310316657,935
0x18ff28a7,2,1785268662309397718,1785268662310316657,918
0x18ff2895,2,1785268662310571045,1785268662312297203,1726
0x18fe2895,2,1785268662310943024,1785268662312297203,1354
0x1801d08f,2,1785268662313015197,1785268662314297508,1282
0x18fe50a7,2,1785268662313886914,1785268662314297508,410
0x18ffefa7,2,1785268662318960809,1785268662320297052,1336
0x18ffa7ef,2,1785268662321433738,1785268662322422560,988
0x18ff28ef,2,1785268662322407066,1785268662324422809,2015
0xc7f8f,2,1785268662323579744,1785268662324422809,843
0x18fe50a7,2,1785268662324252277,1785268662326423114,2170
0x1cffd4f5,2,1785268662324924662,1785268662326423114,1498
0x18ff9528,2,1785268662328497492,1785268662330423316,1925
0xc7ff7,2,1785268662329769059,1785268662330423316,654
0x1f2,1,1785268662330142149,1785268662332549435,2407
0x18fd50a7,2,1785268662330414221,1785268662332549435,2135
0x18ff28a7,2,1785268662330586294,1785268662332549435,1963
0x18ff2895,2,1785268662331659121,1785268662332549435,890
0x18fe2895,2,1785268662332031489,1785268662332549435,517
0x18fe50a7,2,1785268662334904416,1785268662336548193,1643
0x18ffefa7,2,1785268662339977275,1785268662340548396,571
0x30c,1,1785268662341649635,1785268662342553941,904
0x18ffa7ef,2,1785268662342422686,1785268662344548691,2126
0x18fe50a7,2,1785268662345195577,1785268662346548625,1353
0x18ff9528,2,1785268662349468625,1785268662350549438,1080
0x18ffefa7,2,1785268662350641118,1785268662352683354,2042
0x1f2,1,1785268662350656858,1785268662352683354,2026
0x18fd50a7,2,1785268662351029597,1785268662352683354,1653
0x18ff28a7,2,1785268662351301540,1785268662352683354,1381
0x18ff2895,2,1785268662352474496,1785268662354674603,2200
0x18fe2895,2,1785268662352846864,1785268662354674603,1827
0x18fe50a7,2,1785268662355721569,1785268662356674778,953
0x18ffefa7,2,1785268662360793982,1785268662362674804,1880
0x18ffa7ef,2,1785268662363167450,1785268662364674924,1507
0x18ff28f4,2,1785268662364840032,1785268662366800154,1960
0x18fe50a7,2,1785268662366011692,1785268662366800154,788
0x18ff9528,2,1785268662370384684,1785268662370800227,415
0x18ffefa7,2,1785268662371456381,1785268662372809513,1353
0x0,0,1785268662371472548,1785268662372809513,1336
0x18fd50a7,2,1785268662371844953,1785268662372809513,964
0x18ff28a7,2,1785268662372117044,1785268662372809513,692
0x18ff2895,2,1785268662373290148,1785268662374800484,1510
0xc7f14,2,1785268662373761719,1785268662374800484,1038
0x18ffeff4,2,1785268662375534393,1785268662376800678,1266
0x18fe50a7,2,1785268662376606517,1785268662378800650,2194
0x18ffefa7,2,1785268662381679708,1785268662382925759,1246
0x18ffa7ef,2,1785268662384052009,1785268662384926730,874
0x18fe50a7,2,1785268662386825103,1785268662388926766,2101
0x18ff9528,2,1785268662391398113,1785268662392942894,1544
0x10ffd438,2,1785268662391413631,1785268662392942894,1529
0x18ffefa7,2,1785268662392285755,1785268662392942894,657
0x0,0,1785268662392301866,1785268662392942894,641
0x18fd50a7,2,1785268662392673846,1785268662394960921,2287
0x18ff28a7,2,1785268662392945900,1785268662394960921,2015
0x18ff2895,2,1785268662394119392,1785268662394960921,841
0x18fe2895,2,1785268662394491279,1785268662394960921,469
0x18fe50a7,2,1785268662397363762,1785268662399048067,1684
0x1cff50d4,2,1785268662401736513,1785268662403048788,1312
0x18ffefa7,2,1785268662402508971,1785268662403048788,539
0x10ff38d4,2,1785268662403781371,1785268662405049241,1267
0x18ffa7ef,2,1785268662404953660,1785268662407048583,2094
0x18fff5d4,2,1785268662405925840,1785268662407048583,1122
0x18fe50a7,2,1785268662407799921,1785268662409049073,1249
0x18ff9528,2,1785268662412072655,1785268662413177053,1104
0x18ffefa7,2,1785268662413244907,1785268662415202469,1957
0x0,0,1785268662413261018,1785268662415202469,1941
0x18fd50a7,2,1785268662413633256,1785268662415202469,1569
0x18ff28a7,2,1785268662413905606,1785268662415202469,1296
0x18ff2895,2,1785268662415079081,1785268662417178699,2099
0xc7f14,2,1785268662415550319,1785268662417178699,1628
0x1801d08f,2,1785268662417522955,1785268662419177726,1654
0xc7f28,2,1785268662418499431,1785268662419177726,678
0x18ffefa7,2,1785268662423487752,1785268662425178511,1690
0x18ffa7ef,2,1785268662425966460,1785268662427177557,1211
0x18ffd0ef,2,1785268662426940602,1785268662429303880,2363
0x18ff95ef,2,1785268662428012725,1785268662429303880,1291
0xc7f28,2,1785268662428885812,1785268662429303880,418
0x10ff38ef,2,1785268662429158163,1785268662431302907,2144
0x1cffd4f5,2,1785268662430130916,1785268662431302907,1171
0x18ff9528,2,1785268662433203231,1785268662435305294,2102
0x18ffefa7,2,1785268662434375261,1785268662435305294,930
0x1f2,1,1785268662434391427,1785268662435305294,913
0x18fd50a7,2,1785268662434763481,1785268662435305294,541
0x18ff28a7,2,1785268662435036164,1785268662437305007,2268
0x18ff2895,2,1785268662436508266,1785268662437305007,796
0xc7f14,2,1785268662436524322,1785268662437305007,780
0xc7f28,2,1785268662439496915,1785268662441304098,1807
0x18ffefa7,2,1785268662444469681,1785268662445428133,958
0x30c,1,1785268662446142023,1785268662447428753,1286
0x18ff28d0,2,1785268662446813593,1785268662447428753,615
0x18ffa7ef,2,1785268662447185591,1785268662449430669,2245
0x18fe50a7,2,1785268662449757798,1785268662451429640,1671
0x18ff9528,2,1785268662454229956,1785268662455429305,1199
0x18ffefa7,2,1785268662455201709,1785268662457556165,2354
0x1f2,1,1785268662455572948,1785268662457556165,1983
0x18fd50a7,2,1785268662455945242,1785268662457556165,1610
0x18ff28a7,2,1785268662455961056,1785268662457556165,1595
0x18ff2895,2,1785268662457032865,1785268662457556165,523
0x18fe2895,2,1785268662457404881,1785268662459554229,2149
0x18fe50a7,2,1785268662460277308,1785268662461555479,1278
0x18ffefa7,2,1785268662465349685,1785268662467555097,2205
0x18ffa7ef,2,1785268662467722337,1785268662469555439,1833
0x18ffe5f4,2,1785268662469394068,1785268662471555873,2161
0x18ff28f4,2,1785268662469765880,1785268662471555873,1789
0xc7f28,2,1785268662470738560,1785268662471555873,817
0x18ffefa7,2,1785268662476011935,1785268662477711028,1699
0x1f2,1,1785268662476027880,1785268662477711028,1683
0x18fd50a7,2,1785268662476399878,1785268662477711028,1311
0x18ff28a7,2,1785268662476671746,1785268662477711028,1039
0x18ff9528,2,1785268662477043688,1785268662477711028,667
0x18ff2895,2,1785268662477916017,1785268662479680907,1764
0x18fe2895,2,1785268662478288718,1785268662479680907,1392
0x18ffeff4,2,1785268662480160762,1785268662481681712,1520
0x18fe50a7,2,1785268662481232034,1785268662481681712,449
0x18ffefa7,2,1785268662486305003,1785268662487681423,1376
0x18ffa7ef,2,1785268662488676285,1785268662489681968,1005
0x18fe50a7,2,1785268662491448620,1785268662493681726,2233
0x18ffefa7,2,1785268662496820921,1785268662497807076,986
0x1f2,1,1785268662496836421,1785268662497807076,970
0x18fd50a7,2,1785268662497208511,1785268662497807076,598
0x18ff28a7,2,1785268662497480713,1785268662499807973,2327
0x18ff9528,2,1785268662497852378,1785268662499807973,1955
0x18ff2895,2,1785268662498825316,1785268662499807973,982
0x18fe2895,2,1785268662499096944,1785268662499807973,711
0x18fe50a7,2,1785268662501970001,1785268662503806916,1836
0x18ffefa7,2,1785268662507343357,1785268662507807526,464
0x18fff5d4,2,1785268662507359043,1785268662507807526,448
0xc7fd3,2,1785268662509531622,1785268662511807117,2275
0x18fe50a7,2,1785268662512204013,1785268662513932107,1728
0x18ffefa7,2,1785268662517576777,1785268662519959169,2382
0x1f2,1,1785268662517592981,1785268662519959169,2366
0x18fd50a7,2,1785268662517964516,1785268662519959169,1994
0x18ff28a7,2,1785268662518236958,1785268662519959169,1722
0x18ff9528,2,1785268662518609104,1785268662519959169,1350
0x18ff2895,2,1785268662519781579,1785268662521933122,2151
0x18fe2895,2,1785268662519797745,1785268662521933122,2135
0x1801d08f,2,1785268662521870214,1785268662523933224,2063
0xc7f28,2,1785268662522843134,1785268662523933224,1090
0xc7ff7,2,1785268662527815734,1785268662529933323,2117
0xc7fd3,2,1785268662530389107,1785268662532055405,1666
0x18ff28ef,2,1785268662531260454,1785268662532055405,794
0x18ff1eef,2,1785268662532333040,1785268662534057025,1723
0x18fe50a7,2,1785268662533104202,1785268662534057025,952
0xe7fea,2,1785268662534977172,1785268662536055015,1077
0x18ffefa7,2,1785268662538550280,1785268662540084384,1534
0x1f2,1,1785268662538921630,1785268662540084384,1162
0x18fd50a7,2,1785268662539193147,1785268662540084384,891
0x18ff28a7,2,1785268662539364905,1785268662540084384,719
0x18ff9528,2,1785268662539636700,1785268662540084384,447
0x18ff2895,2,1785268662540508972,1785268662542056170,1547
0x18fe2895,2,1785268662540880488,1785268662542056170,1175
0x18fe50a7,2,1785268662543754323,1785268662544055068,300
0x18ffefa7,2,1785268662548825978,1785268662550189611,1363
0x30c,1,1785268662550498634,1785268662552185157,1686
0x18ffa7ef,2,1785268662551270648,1785268662552185157,914
0x18fe50a7,2,1785268662554043002,1785268662556185841,2142
0x18ffefa7,2,1785268662559415691,1785268662560184932,769
0x1f2,1,1785268662559787189,1785268662560184932,397
0x18fd50a7,2,1785268662560059947,1785268662562312181,2252
0x18ff28a7,2,1785268662560231538,1785268662562312181,2080
0x18ff9528,2,1785268662560503389,1785268662562312181,1808
0x18ff2895,2,1785268662561475049,1785268662562312181,837
0x18fe2895,2,1785268662561747048,1785268662562312181,565
0x18fe50a7,2,1785268662564620123,1785268662566310198,1690
0xc7ff7,2,1785268662569691870,1785268662570310456,618
0x18ffa7ef,2,1785268662572064874,1785268662574310491,2245
0x18ff28f4,2,1785268662574036640,1785268662576311074,2274
0x10ffd4f4,2,1785268662574052029,1785268662576311074,2259
0x18fe50a7,2,1785268662574924079,1785268662576311074,1386
0xc7ff7,2,1785268662580296751,1785268662582438729,2141
0x1f2,1,1785268662580668174,1785268662582438729,1770
0x18fd50a7,2,1785268662580939747,1785268662582438729,1498
0x18ff28a7,2,1785268662581111042,1785268662582438729,1327
0x18ff2895,2,1785268662581683057,1785268662582438729,755
0x18fe2895,2,1785268662582055518,1785268662584436552,2381
0x18ffeff4,2,1785268662584427855,1785268662586436838,2008
0x18fe50a7,2,1785268662585498941,1785268662586436838,937
0xc7ff7,2,1785268662590577059,1785268662592436475,1859
0x18ffa7ef,2,1785268662592949230,1785268662594437188,1487
0x18fe50a7,2,1785268662595721621,1785268662596436548,714
0x10ffd438,2,1785268662600294852,1785268662602591277,2296
0xc7ff7,2,1785268662601166440,1785268662602591277,1424
0x1f2,1,1785268662601547678,1785268662602591277,1043
0x18fd50a7,2,1785268662601820621,1785268662602591277,770
0x18ff28a7,2,1785268662601993027,1785268662602591277,598
0x18ff9528,2,1785268662602266785,1785268662604563082,2296
0xc7f94,2,1785268662603438204,1785268662604563082,1124
0x18fe2895,2,1785268662603609943,1785268662604563082,953
0x18fe50a7,2,1785268662606382853,1785268662608563117,2180
0x18ffefa7,2,1785268662611755265,1785268662612563579,808
0x10fff4d4,2,1785268662611770820,1785268662612563579,792
0x10ff38d4,2,1785268662614043695,1785268662614563198,519
0xc7fd3,2,1785268662614215713,1785268662614563198,347
0x18fff5d4,2,1785268662615887777,1785268662616562744,674
0x18fe50a7,2,1785268662616759642,1785268662618688122,1928
0xc7ff7,2,1785268662622132017,1785268662622688177,556
0x1f2,1,1785268662622503663,1785268662624723222,2219
0x18fd50a7,2,1785268662622774791,1785268662624723222,1948
0x18ff28a7,2,1785268662622946512,1785268662624723222,1776
0x18ff9528,2,1785268662623518582,1785268662624723222,1204
0x18ff2895,2,1785268662623534619,1785268662624723222,1188
0x18fe2895,2,1785268662623906321,1785268662624723222,816
0x1801d08f,2,1785268662626479639,1785268662628689184,2209
0xc7f28,2,1785268662627451466,1785268662628689184,1237
0x18ffefa7,2,1785268662632424029,1785268662634689098,2265
0x18ffa7ef,2,1785268662634897273,1785268662636814847,1917
0x18ff38ef,2,1785268662635868415,1785268662636814847,946
0x18fe38ef,2,1785268662636941261,1785268662638814744,1873
0x18fe50a7,2,1785268662637713126,1785268662638814744,1101
0x1cfe50ef,2,1785268662638087754,1785268662638814744,726
0x18fff4ef,2,1785268662639176173,1785268662640815401,1639
0x1cffd4f5,2,1785268662640248556,1785268662640815401,566
0x18ffefa7,2,1785268662643021631,1785268662644839177,1817
0x1f2,1,1785268662643693498,1785268662644839177,1145
0x18fd50a7,2,1785268662643965552,1785268662644839177,873
0x18ff28a7,2,1785268662644137902,1785268662644839177,701
0x18ff9528,2,1785268662644410234,1785268662644839177,428
0x18ff2895,2,1785268662645382839,1785268662646816612,1433
0x18fe2895,2,1785268662645754356,1785268662646816612,1062
0x18fe50a7,2,1785268662648527283,1785268662648939694,412
0x18ffefa7,2,1785268662653602160,1785268662654940146,1337
0x30c,1,1785268662655276095,1785268662656941710,1665
0x18ffa7ef,2,1785268662656348310,1785268662656941710,593
0x18ff28d0,2,1785268662656364366,1785268662656941710,577
0x18fe50a7,2,1785268662658837258,1785268662660940764,2103
0x18ffefa7,2,1785268662663909728,1785268662664941744,1032
0x1f2,1,1785268662664581687,1785268662664941744,360
0x18fd50a7,2,1785268662664854148,1785268662667065530,2211
0x18ff28a7,2,1785268662665225442,1785268662667065530,1840
0x18ff9528,2,1785268662665242071,1785268662667065530,1823
0x18ff2895,2,1785268662666214954,1785268662667065530,850
0x18fe2895,2,1785268662666587415,1785268662667065530,478
0x18fe50a7,2,1785268662669359436,1785268662670987825,1628
0x18ffefa7,2,1785268662674432423,1785268662675063008,630
0x18ffa7ef,2,1785268662676804150,1785268662679063303,2259
0x18ffe5f4,2,1785268662678476343,1785268662679063303,586
0x18ff28f4,2,1785268662678847897,1785268662681094423,2246
0x18fe28f4,2,1785268662679219358,1785268662681094423,1875
0x10ffd4f4,2,1785268662679591059,1785268662681094423,1503
0x18fe50a7,2,1785268662679663947,1785268662681094423,1430
0x18ffd0f4,2,1785268662682642337,1785268662683063043,420
0x1cff50f4,2,1785268662683015149,1785268662685192606,2177
0x18ffeff4,2,1785268662683387388,1785268662685192606,1805
0x18ff9528,2,1785268662684259790,1785268662685192606,932
0x18ffefa7,2,1785268662685332969,1785268662687234281,1901
0x1f2,1,1785268662685704467,1785268662687234281,1529
0x18fd50a7,2,1785268662685976613,1785268662687234281,1257
0x18ff28a7,2,1785268662686149445,1785268662687234281,1084
0x18ff2895,2,1785268662686621535,1785268662687234281,612
0x18fe2895,2,1785268662686993977,1785268662689192494,2198
0x18fe50a7,2,1785268662690466623,1785268662691192132,725
0x18ff38f4,2,1785268662693438661,1785268662695192853,1754
0x18ffefa7,2,1785268662695611462,1785268662697192935,1581
0xc7fd3,2,1785268662698089021,1785268662699317110,1228
0x18fe50a7,2,1785268662700764357,1785268662701317767,553
0x18ff9528,2,1785268662704438039,1785268662705318580,880
0x18ffefa7,2,1785268662705910789,1785268662707318533,1407
0x1f2,1,1785268662706584174,1785268662707318533,734
0x18fd50a7,2,1785268662706856154,1785268662707318533,462
0x18ff28a7,2,1785268662707028523,1785268662709327301,2298
0x18ff2895,2,1785268662707500687,1785268662709327301,1826
0x18fe2895,2,1785268662707872888,1785268662709327301,1454
0x18fe50a7,2,1785268662711346071,1785268662713442892,2096
0x18ffefa7,2,1785268662716419059,1785268662717444427,1025
0x10fff4d4,2,1785268662716991167,1785268662717444427,453
0xc7fd3,2,1785268662719164987,1785268662721445574,2280
0x18fff5d4,2,1785268662719336319,1785268662721445574,2109
0x18fe50a7,2,1785268662721726416,1785268662723452994,1726
0x18ff9528,2,1785268662725418949,1785268662727446302,2027
0x18ffefa7,2,1785268662726897903,1785268662727446302,548
0x1f2,1,1785268662727572047,1785268662729571205,1999
0x18fd50a7,2,1785268662727844490,1785268662729571205,1726
0x18ff28a7,2,1785268662728017248,1785268662729571205,1553
0x18ff2895,2,1785268662729090334,1785268662729571205,480
0xc7f14,2,1785268662729563239,1785268662731569164,2005
0xc00e8,2,1785268662731636578,1785268662733570920,1934
0x18fe50a7,2,1785268662732408425,1785268662733570920,1162
0x18ffefa7,2,1785268662737481654,1785268662739570464,2088
0x1cffd4f5,2,1785268662739954528,1785268662741595831,1641
0x18ffa7ef,2,1785268662740325730,1785268662741595831,1270
0x1cfed4f5,2,1785268662740341581,1785268662741595831,1254
0xc7f94,2,1785268662741114040,1785268662741595831,481
0x18ff1eef,2,1785268662742187348,1785268662743572234,1384
0xc7f28,2,1785268662742858918,1785268662743572234,713
0x18ff9528,2,1785268662746531896,1785268662747696282,1164
0x18ffefa7,2,1785268662748005202,1785268662749714741,1709
0x1f2,1,1785268662748576976,1785268662749714741,1137
0xc7ea8,2,1785268662748949066,1785268662749714741,765
0x18ff28a7,2,1785268662748965289,1785268662749714741,749
0x18ff2895,2,1785268662750138893,1785268662751695737,1556
0x18fe2895,2,1785268662750510779,1785268662751695737,1184
0x18fe50a7,2,1785268662753383336,1785268662755695730,2312
0x18ffefa7,2,1785268662758457250,1785268662759696019,1238
0x30c,1,1785268662760129536,1785268662761713293,1583
0x18ffa7ef,2,1785268662761001105,1785268662761713293,712
0xc7f28,2,1785268662763674311,1785268662765820748,2146
0x18ff9528,2,1785268662767450714,1785268662769822462,2371
0x18ffefa7,2,1785268662769019316,1785268662769822462,803
0x0,0,1785268662769192148,1785268662769822462,630
0x18fd50a7,2,1785268662769475943,1785268662771836736,2360
0x18ff28a7,2,1785268662769836922,1785268662771836736,1999
0x18ff2895,2,1785268662771309209,1785268662771836736,527
0x18fe2895,2,1785268662771325024,1785268662771836736,511
0x18fe50a7,2,1785268662774198988,1785268662775821581,1622
0x18ff28f4,2,1785268662777171211,1785268662777822799,651
0x18ffefa7,2,1785268662779343902,1785268662779946517,602
0x18ffa7ef,2,1785268662781816424,1785268662783947177,2130
0xc7f28,2,1785268662784489241,1785268662785946784,1457
0x18ffeff4,2,1785268662787461464,1785268662787947039,485
0x18ff9528,2,1785268662788233866,1785268662789947499,1713
0x18ffefa7,2,1785268662789705876,1785268662792070013,2364
0x1f2,1,1785268662789977078,1785268662792070013,2092
0xc7ea8,2,1785268662790449835,1785268662792070013,1620
0x18ff28a7,2,1785268662790721666,1785268662792070013,1348
0x18ff2895,2,1785268662791293552,1785268662792070013,776
0x18fe2895,2,1785268662791673549,1785268662794069639,2396
0x18fe50a7,2,1785268662795137677,1785268662796069357,931
0x18ffefa7,2,1785268662800210350,1785268662802069772,1859
0x18ffa7ef,2,1785268662802691150,1785268662804069509,1378
0x18fe50a7,2,1785268662805363930,1785268662806069746,705
0x18ff9528,2,1785268662809036759,1785268662810070720,1033
0x10ffd438,2,1785268662809408831,1785268662810070720,661
0x18ffefa7,2,1785268662810581917,1785268662812199883,1617
0x1f2,1,1785268662811153821,1785268662812199883,1046
0xc7ea8,2,1785268662811325523,1785268662812199883,874
0x18ff28a7,2,1785268662811597374,1785268662812199883,602
0xc7f94,2,1785268662812170944,1785268662814199083,2028
0xc7f14,2,1785268662812542535,1785268662814199083,1656
0x18fe50a7,2,1785268662816015477,1785268662818199223,2183
0x10ff38d4,2,1785268662820888577,1785268662822199771,1311
0x18ffefa7,2,1785268662821159909,1785268662822199771,1039
0x18fff5d4,2,1785268662822832769,1785268662824199508,1366
0x18ffa7ef,2,1785268662823704708,1785268662824199508,494
0x18fe50a7,2,1785268662826377321,1785268662828324334,1947
0x18ff9528,2,1785268662830150484,1785268662832325548,2175
0x18ffefa7,2,1785268662831722215,1785268662832325548,603
0x0,0,1785268662831894029,1785268662832325548,431
0x18fd50a7,2,1785268662832166842,1785268662834325359,2158
0x18ff28a7,2,1785268662832537803,1785268662834325359,1787
0x18ff2895,2,1785268662834010350,1785268662836325022,2314
0x18fe2895,2,1785268662834025831,1785268662836325022,2299
0x1801d08f,2,1785268662836099133,1785268662838325222,2226
0x18fe50a7,2,1785268662836970739,1785268662838325222,1354
0x18ffefa7,2,1785268662842043968,1785268662844325211,2281
0x18ffa7ef,2,1785268662844516527,1785268662846451207,1934
0x1cffd4f5,2,1785268662844888136,1785268662846451207,1563
0x18ffd0ef,2,1785268662845659835,1785268662846451207,791
0x18ff95ef,2,1785268662846733402,1785268662848451314,1717
0x18fe50a7,2,1785268662847403917,1785268662848451314,1047
0x10ff38ef,2,1785268662847876192,1785268662848451314,575
0x18ff9528,2,1785268662851248745,1785268662852450788,1202
0x18ffefa7,2,1785268662852821088,1785268662854472525,1651
0x1f2,1,1785268662852992883,1785268662854472525,1479
0x18fd50a7,2,1785268662853265307,1785268662854472525,1207
0x18ff28a7,2,1785268662853637416,1785268662854472525,835
0x18ff2895,2,1785268662854810705,1785268662856576336,1765
0xc7f14,2,1785268662855282647,1785268662856576336,1293
0x18fe50a7,2,1785268662858055130,1785268662858576221,521
0x18ffefa7,2,1785268662863128729,1785268662864576821,1448
0x18ff28d0,2,1785268662864201890,1785268662864576821,374
0x30c,1,1785268662865072958,1785268662866576854,1503
0x18ffa7ef,2,1785268662865745362,1785268662866576854,831
0x18fe50a7,2,1785268662868418031,1785268662870576976,2158
0x18ff9528,2,1785268662872190619,1785268662872576806,386
0x18ffefa7,2,1785268662873762462,1785268662874702857,940
0x1f2,1,1785268662873934479,1785268662874702857,768
0x18fd50a7,2,1785268662874206922,1785268662874702857,495
0x18ff28a7,2,1785268662874579031,1785268662876702705,2123
0x18ff2895,2,1785268662875750450,1785268662876702705,952
0x18fe2895,2,1785268662876122558,1785268662876702705,580
0x18fe50a7,2,1785268662878995541,1785268662880702439,1706
0x18ffe5f4,2,1785268662881967338,1785268662882702824,735
0x18ff28f4,2,1785268662882339373,1785268662882702824,363
0x18ffefa7,2,1785268662884212010,1785268662884702690,490
0x18ffa7ef,2,1785268662886684661,1785268662888702868,2018
0x18fe50a7,2,1785268662889357182,1785268662890827901,1470
0x18ffeff4,2,1785268662892330479,1785268662892828619,498
0x18ff9528,2,1785268662893202807,1785268662894827801,1624
0x18ffefa7,2,1785268662894775557,1785268662896830001,2054
0x1f2,1,1785268662894946815,1785268662896830001,1883
0x18fd50a7,2,1785268662895218610,1785268662896830001,1611
0x18ff28a7,2,1785268662895590330,1785268662896830001,1239
0xc7f94,2,1785268662897062673,1785268662898828738,1766
0xc7f14,2,1785268662897077913,1785268662898828738,1750
0x18fe50a7,2,1785268662899950304,1785268662900829049,878
0x18ffefa7,2,1785268662905022865,1785268662906953593,1930
0x18ffa7ef,2,1785268662907495110,1785268662908954700,1459
0x18fe50a7,2,1785268662910167520,1785268662910953993,786
0x18ff9528,2,1785268662914039404,1785268662914954430,915
0x18ffefa7,2,1785268662915512265,1785268662916982185,1469
0x0,0,1785268662915683875,1785268662916982185,1298
0x18fd50a7,2,1785268662915956670,1785268662916982185,1025
0x18ff28a7,2,1785268662916328482,1785268662916982185,653
0x18ff2895,2,1785268662916901460,1785268662919076422,2174
0x18fe2895,2,1785268662917273347,1785268662919076422,1803
0x18fe50a7,2,1785268662920746511,1785268662923076377,2329
0x18ffefa7,2,1785268662925819314,1785268662927076944,1257
0x1cff50d4,2,1785268662926291682,1785268662927076944,785
0x18ffa7ef,2,1785268662928364188,1785268662929077273,713
0x18fff5d4,2,1785268662928636075,1785268662929077273,441
0x18fe50a7,2,1785268662931109004,1785268662933077395,1968
0x18ff9528,2,1785268662934882056,1785268662937108517,2226
0x18ffefa7,2,1785268662936453917,1785268662937108517,654
0x0,0,1785268662936625953,1785268662937108517,482
0x18fd50a7,2,1785268662936898673,1785268662939206328,2307
0x18ff28a7,2,1785268662937270393,1785268662939206328,1935
0x18ff2895,2,1785268662938543126,1785268662939206328,663
0x18fe2895,2,1785268662938827569,1785268662941205917,2378
0x1801d08f,2,1785268662940887482,1785268662943206136,2318
0x18fe50a7,2,1785268662941759162,1785268662943206136,1446
0x18ffefa7,2,1785268662946832743,1785268662947207795,375
0x18ffa7ef,2,1785268662949304487,1785268662951209417,1904
0x1cffd4f5,2,1785268662950577072,1785268662951209417,632
0x18ff28ef,2,1785268662950592554,1785268662951209417,616
0xc7f8f,2,1785268662951464474,1785268662953331931,1867
0x18fe50a7,2,1785268662952136285,1785268662953331931,1195
0x18ff9528,2,1785268662956209483,1785268662957331553,1122
0x18ffefa7,2,1785268662957482123,1785268662959332938,1850
0x1f2,1,1785268662957653233,1785268662959332938,1679
0x18fd50a7,2,1785268662957925565,1785268662959332938,1407
0x18ff28a7,2,1785268662958298063,1785268662959332938,1034
0x18ff2895,2,1785268662959570333,1785268662961332657,1762
0x18fe2895,2,1785268662959841405,1785268662961332657,1491
0x18fe50a7,2,1785268662962714221,1785268662963331764,617
0x18ffefa7,2,1785268662967786191,1785268662969332586,1546
0x30c,1,1785268662969458440,1785268662971457564,1999
0x18ffa7ef,2,1785268662970330138,1785268662971457564,1127
0x18fe50a7,2,1785268662973002344,1785268662973458264,455
0x18ff9528,2,1785268662976774655,1785268662977457719,683
0xc7ff7,2,1785268662978347756,1785268662979459252,1111
0x1f2,1,1785268662978718773,1785268662979459252,740
0x18fd50a7,2,1785268662979091085,1785268662979459252,368
0x18ff28a7,2,1785268662979106844,1785268662979459252,352
0x18ff2895,2,1785268662980279652,1785268662981458878,1179
0x18fe2895,2,1785268662980651280,1785268662981458878,807
0x18fe50a7,2,1785268662983524540,1785268662985583130,2058
0x18ff28f4,2,1785268662986496911,1785268662987583811,1086
0x10ffd4f4,2,1785268662986868464,1785268662987583811,715
0x18ffefa7,2,1785268662988740712,1785268662989583585,842
0x18ffa7ef,2,1785268662991213438,1785268662991583304,369
0x18fe50a7,2,1785268662993885311,1785268662995584000,1698
0x18ffeff4,2,1785268662996858145,1785268662997584181,726
0x18ff9528,2,1785268662998030045,1785268662999708862,1678
0xc7ff7,2,1785268662999316834,1785268663001733766,2416
0x1f2,1,1785268662999675109,1785268663001733766,2058
0x18fd50a7,2,1785268663000047625,1785268663001733766,1686
0x18ff28a7,2,1785268663000063755,1785268663001733766,1670
0x18ff2895,2,1785268663001236341,1785268663001733766,497
0x18fe2895,2,1785268663001608635,1785268663003709392,2100
0xc7f28,2,1785268663004481284,1785268663005709462,1228
0x18ffefa7,2,1785268663009553439,1785268663011709747,2156
0x18ffa7ef,2,1785268663012025979,1785268663013709836,1683
0x18fe50a7,2,1785268663014698167,1785268663015834887,1136
0x18ff9528,2,1785268663018871456,1785268663019835547,964
0x10ffd438,2,1785268663019242880,1785268663019835547,592
0xc7ff7,2,1785268663020115745,1785268663021838469,1722
0x1f2,1,1785268663020487335,1785268663021838469,1351
0x18fd50a7,2,1785268663020860000,1785268663021838469,978
0x18ff28a7,2,1785268663020876129,1785268663021838469,962
0x18ff2895,2,1785268663022048956,1785268663023836298,1787
0xc7f14,2,1785268663022520897,1785268663023836298,1315
0xc7f28,2,1785268663025293158,1785268663025835646,542
0x10fff4d4,2,1785268663029865964,1785268663031961320,2095
0xc7ff7,2,1785268663030438442,1785268663031961320,1522
0x10ff38d4,2,1785268663032010933,1785268663033961150,1950
0x18ffa7ef,2,1785268663032983112,1785268663033961150,978
0x18fff5d4,2,1785268663034156179,1785268663035960850,1804
0x18fe50a7,2,1785268663035728429,1785268663037967475,2239
0x18ff9528,2,1785268663039800775,1785268663041964801,2164
0x18ffefa7,2,1785268663041072785,1785268663041964801,892
0x1f2,1,1785268663041444802,1785268663041964801,519
0x18fd50a7,2,1785268663041817336,1785268663043980446,2163
0x18ff28a7,2,1785268663041832836,1785268663043980446,2147
0x18ff2895,2,1785268663043005903,1785268663043980446,974
0x18fe2895,2,1785268663043377753,1785268663043980446,602
0x1801d08f,2,1785268663045450315,1785268663046083367,633
0xc7f28,2,1785268663046323643,1785268663048083197,1759
0xc7ff7,2,1785268663051396371,1785268663052083523,687
0x18ffa7ef,2,1785268663053768598,1785268663056084312,2315
0xe7fea,2,1785268663055440773,1785268663056084312,643
0x18fe50a7,2,1785268663056612858,1785268663058086345,1473
0x18ff9528,2,1785268663060585297,1785268663062084263,1498
0x18ffefa7,2,1785268663061957252,1785268663064213870,2256
0x1f2,1,1785268663062329194,1785268663064213870,1884
0x18fd50a7,2,1785268663062700470,1785268663064213870,1513
0x18ff28a7,2,1785268663062716321,1785268663064213870,1497
0x18ff2895,2,1785268663063888425,1785268663066213515,2325
0x18fe2895,2,1785268663064259645,1785268663066213515,1953
0xc7f28,2,1785268663067132461,1785268663068213381,1080
0xc7ff7,2,1785268663072204968,1785268663074213796,2008
0x18ff28d0,2,1785268663073676441,1785268663074213796,537
0x30c,1,1785268663074049475,1785268663076223996,2174
0x18ffa7ef,2,1785268663074721879,1785268663076223996,1502
0x18fe50a7,2,1785268663077494917,1785268663078338307,843
0x18ff9528,2,1785268663081467579,1785268663082338725,871
0x18ffefa7,2,1785268663082840293,1785268663084350073,1509
0x1f2,1,1785268663083211901,1785268663084350073,1138
0x18fd50a7,2,1785268663083583807,1785268663084350073,766
0x18ff28a7,2,1785268663083599825,1785268663084350073,750
0x18ff2895,2,1785268663084781725,1785268663086339255,1557
0xc7f14,2,1785268663085253648,1785268663086339255,1085
0x18fe50a7,2,1785268663088028150,1785268663090338858,2310
0x18ffe5f4,2,1785268663091299390,1785268663092464558,1165
0x18ff28f4,2,1785268663091314667,1785268663092464558,1149
0x18ffefa7,2,1785268663093209063,1785268663094464406,1255
0x18ffa7ef,2,1785268663095590919,1785268663096464254,873
0x18fe50a7,2,1785268663098365588,1785268663100464746,2099
0x18ffeff4,2,1785268663101379125,1785268663102464909,1085
0x18ff9528,2,1785268663102482230,1785268663104467239,1985
0x18ffefa7,2,1785268663103544445,1785268663104467239,922
0x1f2,1,1785268663104197256,1785268663106620198,2422
0x18fd50a7,2,1785268663104551939,1785268663106620198,2068
0x18ff28a7,2,1785268663104641439,1785268663106620198,1978
0x18ff2895,2,1785268663106054041,1785268663106620198,566
0x18fe2895,2,1785268663106177818,1785268663106620198,442
0x18fe50a7,2,1785268663108999727,1785268663110590190,1590
0x18ffefa7,2,1785268663114052215,1785268663114512553,460
0x18ffa7ef,2,1785268663116505960,1785268663118590212,2084
0x18fe50a7,2,1785268663119218869,1785268663120590690,1371
0x18ff9528,2,1785268663123261141,1785268663124715830,1454
0x18ffefa7,2,1785268663124633485,1785268663126731252,2097
0x1f2,1,1785268663124995223,1785268663126731252,1736
0x18fd50a7,2,1785268663125347518,1785268663126731252,1383
0x18ff28a7,2,1785268663125439999,1785268663126731252,1291
0x18ff2895,2,1785268663126583066,1785268663128716267,2133
0xc7f14,2,1785268663127044878,1785268663128716267,1671
0x18fe50a7,2,1785268663129797398,1785268663130716467,919
0x18ffefa7,2,1785268663134850757,1785268663136717141,1866
0x18fff5d4,2,1785268663135352772,1785268663136717141,1364
0xc7fd3,2,1785268663137455963,1785268663138717045,1261
0x18fe50a7,2,1785268663140088651,1785268663140842522,753
0x18ff9528,2,1785268663144151515,1785268663144842626,691
0x18ffefa7,2,1785268663145213953,1785268663146843492,1629
0x1f2,1,1785268663145866227,1785268663146843492,977
0x18fd50a7,2,1785268663146219336,1785268663146843492,624
0x18ff28a7,2,1785268663146311058,1785268663146843492,532
0x18ff2895,2,1785268663147454236,1785268663148843081,1388
0xc7f14,2,1785268663147916270,1785268663148843081,926
0x1801d08f,2,1785268663149938740,1785268663150842281,903
0x18fe50a7,2,1785268663150741457,1785268663152842703,2101
0x18ffefa7,2,1785268663155793667,1785268663156967825,1174
0x18ffa7ef,2,1785268663158346282,1785268663158967821,621
0x18ff28ef,2,1785268663159317850,1785268663160968984,1651
0x18ff1eef,2,1785268663160679304,1785268663162985036,2305
0x1cffd4f5,2,1785268663160770267,1785268663162985036,2214
0x18fe50a7,2,1785268663161171746,1785268663162985036,1813
0x18ffd0ef,2,1785268663161603762,1785268663162985036,1381
0x18ff95ef,2,1785268663162683052,1785268663164969199,2286
0x87f9c,2,1785268663163836934,1785268663164969199,1132
0x18ff38ef,2,1785268663164830835,1785268663167090306,2259
0x18ff9528,2,1785268663165592830,1785268663167090306,1497
0x18fe38ef,2,1785268663165974939,1785268663167090306,1115
0x18ffefa7,2,1785268663166699564,1785268663169110024,2410
0x1f2,1,1785268663167040192,1785268663169110024,2069
0xc7ea8,2,1785268663167472115,1785268663169110024,1637
0x18ff28a7,2,1785268663168034612,1785268663169110024,1075
0x1cfe50ef,2,1785268663168126556,1785268663169110024,983
0x18ff2895,2,1785268663169219253,1785268663171090947,1871
0xc7f14,2,1785268663169370937,1785268663171090947,1720
0x18fff4ef,2,1785268663169673213,1785268663171090947,1417
0x18fe50a7,2,1785268663172266457,1785268663173014110,747
0x18ffefa7,2,1785268663177319408,1785268663179090209,1770
0x30c,1,1785268663179073156,1785268663181091909,2018
0x18ffa7ef,2,1785268663179845337,1785268663181091909,1246
0x18fe50a7,2,1785268663182558839,1785268663183218757,659
0x18ff9528,2,1785268663186631740,1785268663187219472,587
0x18ffefa7,2,1785268663187714919,1785268663189221449,1506
0x1f2,1,1785268663188349156,1785268663189221449,872
0x18fd50a7,2,1785268663188701635,1785268663189221449,519
0xc7f94,2,1785268663188880505,1785268663191220186,2339
0x18ff2895,2,1785268663189957035,1785268663191220186,1263
0x18fe2895,2,1785268663190329366,1785268663191220186,890
0x18fe50a7,2,1785268663193152831,1785268663195219957,2067
0x18ff28f4,2,1785268663196174572,1785268663197344916,1170
0x18fe28f4,2,1785268663196534421,1785268663197344916,810
0x18ffefa7,2,1785268663198352262,1785268663199345116,992
0x18ffa7ef,2,1785268663200808340,1785268663201345964,537
0x18fe50a7,2,1785268663203521546,1785268663205345752,1824
0x1cff50f4,2,1785268663206539231,1785268663207345952,806
0x18ffeff4,2,1785268663206898877,1785268663207345952,447
0x18ff9528,2,1785268663207851946,1785268663209346393,1494
0x18ffefa7,2,1785268663208804607,1785268663209346393,541
0x1f2,1,1785268663209437973,1785268663211471222,2033
0x18fd50a7,2,1785268663209798082,1785268663211471222,1673
0xc7f94,2,1785268663209950878,1785268663211471222,1520
0x18ff2895,2,1785268663211000149,1785268663211471222,471
0x18fe2895,2,1785268663211360517,1785268663213471089,2110
0x18fe50a7,2,1785268663214249241,1785268663215470993,1221
0x18ff38f4,2,1785268663217247630,1785268663219393263,2145
0x18ffefa7,2,1785268663219370691,1785268663221471500,2100
0x18ffa7ef,2,1785268663221823732,1785268663223471292,1647
0x18fe50a7,2,1785268663224536419,1785268663225596399,1059
0x18ff9528,2,1785268663228729320,1785268663229597262,867
0x10ffd438,2,1785268663229081170,1785268663229597262,516
0x18ffefa7,2,1785268663229754128,1785268663231606314,1852
0x1f2,1,1785268663230386791,1785268663231606314,1219
0x18fd50a7,2,1785268663230739104,1785268663231606314,867
0xc7f94,2,1785268663230891140,1785268663231606314,715
0xc7f94,2,1785268663232053800,1785268663233597384,1543
0x18fe2895,2,1785268663232365576,1785268663233597384,1231
0x18fe50a7,2,1785268663235188744,1785268663235597343,408
0x10ff38d4,2,1785268663239632254,1785268663241732073,2099
0x18ffefa7,2,1785268663240334491,1785268663241732073,1397
0x18fff5d4,2,1785268663241747334,1785268663243723810,1976
0x18ffa7ef,2,1785268663242839975,1785268663243723810,883
0xc7f28,2,1785268663245633255,1785268663247722987,2089
0x18ff9528,2,1785268663249725934,1785268663251724461,1998
0x18ffefa7,2,1785268663250755483,1785268663251724461,968
0x1f2,1,1785268663251397794,1785268663253749661,2351
0x18fd50a7,2,1785268663251742551,1785268663253749661,2007
0xc7f94,2,1785268663251894513,1785268663253749661,1855
0x18ff2895,2,1785268663252977692,1785268663253749661,771
0x18fe2895,2,1785268663253369838,1785268663253749661,379
0x1801d08f,2,1785268663255463825,1785268663257849839,2386
0x18fe50a7,2,1785268663256266024,1785268663257849839,1583
0x18ffefa7,2,1785268663261339456,1785268663261848664,509
0x18ffa7ef,2,1785268663263772571,1785268663265849101,2076
0x18fe50a7,2,1785268663266486407,1785268663267849357,1362
0x1cffd4f5,2,1785268663266847719,1785268663267849357,1001
0x18ff9528,2,1785268663270750900,1785268663271849331,1098
0x18ffefa7,2,1785268663271703468,1785268663273873512,2170
0x1f2,1,1785268663272335168,1785268663273873512,1538
0xc7ea8,2,1785268663272687518,1785268663273873512,1185
0x18ff28a7,2,1785268663272779887,1785268663273873512,1093
0x18ff2895,2,1785268663273942677,1785268663275975193,2032
0x18fe2895,2,1785268663274315748,1785268663275975193,1659
0x18fe50a7,2,1785268663277138250,1785268663277975189,836
0x18ffefa7,2,1785268663282212293,1785268663283974956,1762
0x30c,1,1785268663284155245,1785268663285976137,1820
0x18ff28d0,2,1785268663284237189,1785268663285976137,1738
0x18ffa7ef,2,1785268663284789667,1785268663285976137,1186
0xc7f28,2,1785268663287582817,1785268663287975282,392
0x18ff9528,2,1785268663291656329,1785268663292097274,440
0x18ffefa7,2,1785268663292650434,1785268663294097955,1447
0x1f2,1,1785268663293281616,1785268663294097955,816
0x18fd50a7,2,1785268663293634206,1785268663294097955,463
0xc7f94,2,1785268663293787464,1785268663296098118,2310
0x18ff2895,2,1785268663294900106,1785268663296098118,1198
0x18fe2895,2,1785268663295263067,1785268663296098118,835
0x18fe50a7,2,1785268663298088846,1785268663300097314,2008
0x18ffe5f4,2,1785268663301110031,1785268663302097940,987
0x18ff28f4,2,1785268663301492659,1785268663302097940,605
0x10ffd4f4,2,1785268663301865971,1785268663304226325,2360
0x18ffefa7,2,1785268663303398814,1785268663304226325,827
0x18ffa7ef,2,1785268663305838521,1785268663308226466,2387
0x18fe50a7,2,1785268663308553042,1785268663310226203,1673
0x18ffeff4,2,1785268663311646079,1785268663312226329,580
0x18ff9528,2,1785268663312718961,1785268663314226658,1507
0x18ffefa7,2,1785268663314096934,1785268663316264673,2167
0x1f2,1,1785268663314113860,1785268663316264673,2150
0x18fd50a7,2,1785268663314486932,1785268663316264673,1777
0x18ff28a7,2,1785268663314759541,1785268663316264673,1505
0x18ff2895,2,1785268663316032645,1785268663318352002,2319
0x18fe2895,2,1785268663316304051,1785268663318352002,2047
0x18fe50a7,2,1785268663319177256,1785268663320352313,1175
0x18ffefa7,2,1785268663324250410,1785268663326352172,2101
0x18ffa7ef,2,1785268663326624007,1785268663328352428,1728
0x18fe50a7,2,1785268663329396490,1785268663330352517,956
0x18ff9528,2,1785268663333669261,1785268663334353046,683
0x18ffefa7,2,1785268663334542552,1785268663336483190,1940
0x1f2,1,1785268663334914327,1785268663336483190,1568
0xc7ea8,2,1785268663335286677,1785268663336483190,1196
0x18ff28a7,2,1785268663335559342,1785268663336483190,923
0x18ff2895,2,1785268663336832279,1785268663338478205,1645
0x18fe2895,2,1785268663337103759,1785268663338478205,1374
0x18fe50a7,2,1785268663339977315,1785268663340477942,500
0x18ffefa7,2,1785268663345350042,1785268663346484116,1134
0x10fff4d4,2,1785268663345366061,1785268663346484116,1118
0x18fff5d4,2,1785268663347639343,1785268663348479186,839
0x18ffa7ef,2,1785268663347810712,1785268663348479186,668
0x18fe50a7,2,1785268663350284253,1785268663352603586,2319
0x18ff9528,2,1785268663354557116,1785268663356605152,2048
0x18ffefa7,2,1785268663355429315,1785268663356605152,1175
0x1f2,1,1785268663356001700,1785268663356605152,603
0xc7ea8,2,1785268663356374772,1785268663358605667,2230
0x18ff28a7,2,1785268663356390864,1785268663358605667,2214
0x18ff2895,2,1785268663357563580,1785268663358605667,1042
0x18fe2895,2,1785268663357935707,1785268663358605667,669
0x1801d08f,2,1785268663360009250,1785268663360526145,516
0x18fe50a7,2,1785268663360881874,1785268663362604548,1722
0x18ffefa7,2,1785268663365955307,1785268663366604300,648
0x18ffa7ef,2,1785268663368428273,1785268663370731015,2302
0x18ff28ef,2,1785268663369400360,1785268663370731015,1330
0xc7f8f,2,1785268663370573501,1785268663372730622,2157
0x18fe50a7,2,1785268663371245238,1785268663372730622,1485
0x1cffd4f5,2,1785268663371917697,1785268663372730622,812
0x18ff9528,2,1785268663375490731,1785268663376730281,1239
0xc7ff7,2,1785268663376763038,1785268663378741425,1978
0x1f2,1,1785268663377134480,1785268663378741425,1606
0x18fd50a7,2,1785268663377407015,1785268663378741425,1334
0x18ff28a7,2,1785268663377578700,1785268663378741425,1162
0x18ff2895,2,1785268663378652156,1785268663380730551,2078
0x18fe2895,2,1785268663379023450,1785268663380730551,1707
0x18fe50a7,2,1785268663381895933,1785268663382855158,959
0x18ffefa7,2,1785268663386969180,1785268663388856740,1887
0x30c,1,1785268663388641540,1785268663390856143,2214
0x18ffa7ef,2,1785268663389413517,1785268663390856143,1442
0x18fe50a7,2,1785268663392186871,1785268663392856732,669
0x18ff9528,2,1785268663396460197,1785268663396856595,396
0x18ffefa7,2,1785268663397632653,1785268663398894313,1261
0x1f2,1,1785268663397648560,1785268663398894313,1245
0x18fd50a7,2,1785268663398020835,1785268663398894313,873
0x18ff28a7,2,1785268663398294352,1785268663398894313,599
0x18ff2895,2,1785268663399467067,1785268663400981809,1514
0x18fe2895,2,1785268663399838473,1785268663400981809,1143
0x18fe50a7,2,1785268663402711603,1785268663404982524,2270
0x18ffefa7,2,1785268663407784647,1785268663408982016,1197
0x18ffa7ef,2,1785268663410157281,1785268663410981605,824
0x18ff28f4,2,1785268663411829419,1785268663412982972,1153
0x18fe50a7,2,1785268663413001930,1785268663415022968,2021
0x18ff9528,2,1785268663417374774,1785268663419104812,1730
0x18ffefa7,2,1785268663418447175,1785268663419104812,657
0x0,0,1785268663418463527,1785268663419104812,641
0x18fd50a7,2,1785268663418867228,1785268663421105642,2238
0x18ff28a7,2,1785268663419144967,1785268663421105642,1960
0x18ff2895,2,1785268663420318719,1785268663421105642,786
0xc7f14,2,1785268663420791754,1785268663423104675,2312
0x18ffeff4,2,1785268663422564835,1785268663423104675,539
0x18fe50a7,2,1785268663423637885,1785268663425104949,1467
0x18ffefa7,2,1785268663428710798,1785268663429104923,394
0x18ffa7ef,2,1785268663431083636,1785268663433233378,2149
0x18fe50a7,2,1785268663433856378,1785268663435233356,1376
0x18ff9528,2,1785268663438429981,1785268663439233941,803
0x10ffd438,2,1785268663438445999,1785268663439233941,787
0x18ffefa7,2,1785268663439319179,1785268663441235659,1916
0x0,0,1785268663439335382,1785268663441235659,1900
0x18fd50a7,2,1785268663439707510,1785268663441235659,1528
0x18ff28a7,2,1785268663439979879,1785268663441235659,1255
0x18ff2895,2,1785268663441152946,1785268663443234082,2081
0x18fe2895,2,1785268663441525240,1785268663443234082,1708
0x18fe50a7,2,1785268663444398111,1785268663445234170,836
0x1cff50d4,2,1785268663448771326,1785268663449359126,587
0x18ffefa7,2,1785268663449543728,1785268663451359418,1815
0x10ff38d4,2,1785268663450816628,1785268663451359418,542
0x18ffa7ef,2,1785268663451990788,1785268663453360285,1369
0x18fff5d4,2,1785268663452961689,1785268663453360285,398
0x18fe50a7,2,1785268663454835141,1785268663455281614,446
0x18ff9528,2,1785268663459107578,1785268663461486121,2378
0x18ffefa7,2,1785268663460279312,1785268663461486121,1206
0x0,0,1785268663460296145,1785268663461486121,1189
0x18fd50a7,2,1785268663460667976,1785268663461486121,818
0x18ff28a7,2,1785268663460939956,1785268663461486121,546
0x18ff2895,2,1785268663462113208,1785268663463485636,1372
0xc7f14,2,1785268663462585298,1785268663463485636,900
0x1801d08f,2,1785268663464557841,1785268663465485688,927
0xc7f28,2,1785268663465530798,1785268663467484925,1954
0x18ffefa7,2,1785268663470503843,1785268663471485380,981
0x18ffa7ef,2,1785268663472976272,1785268663473486191,509
0x18ffd0ef,2,1785268663473948988,1785268663475485854,1536
0x18ff95ef,2,1785268663475021408,1785268663475485854,464
0xc7f28,2,1785268663475893977,1785268663477611276,1717
0x10ff38ef,2,1785268663476165623,1785268663477611276,1445
0x1cffd4f5,2,1785268663477137821,1785268663477611276,473
0x18ff9528,2,1785268663480211395,1785268663481611805,1400
0x18ffefa7,2,1785268663481384055,1785268663483612098,2228
0x1f2,1,1785268663481400018,1785268663483612098,2212
0x18fd50a7,2,1785268663481772238,1785268663483612098,1839
0x18ff28a7,2,1785268663482044217,1785268663483612098,1567
0x18ff2895,2,1785268663483517283,1785268663485611724,2094
0xc7f14,2,1785268663483532857,1785268663485611724,2078
0xc7f28,2,1785268663486505765,1785268663487610942,1105
0x18ffefa7,2,1785268663491478401,1785268663493613264,2134
0x30c,1,1785268663493149965,1785268663493613264,463
0x18ff28d0,2,1785268663493822739,1785268663495736686,1913
0x18ffa7ef,2,1785268663494194626,1785268663495736686,1542
0x18fe50a7,2,1785268663496767258,1785268663497737201,969
0x18ff9528,2,1785268663501240602,1785268663501657045,416
0x18ffefa7,2,1785268663502213577,1785268663503737801,1524
0x1f2,1,1785268663502584816,1785268663503737801,1152
0x18fd50a7,2,1785268663502956980,1785268663503737801,780
0x18ff28a7,2,1785268663502972924,1785268663503737801,764
0x18ff2895,2,1785268663504045714,1785268663505737686,1691
0x18fe2895,2,1785268663504420027,1785268663505737686,1317
0x18fe50a7,2,1785268663507289954,1785268663507861663,571
0x18ffefa7,2,1785268663512362220,1785268663513862689,1500
0x18ffa7ef,2,1785268663514734594,1785268663515862815,1128
0x18ffe5f4,2,1785268663516408047,1785268663517863237,1455
0x18ff28f4,2,1785268663516779489,1785268663517863237,1083
0xc7f28,2,1785268663517751613,1785268663519862900,2111
0x18ffefa7,2,1785268663523023878,1785268663523989059,965
0x1f2,1,1785268663523039433,1785268663523989059,949
0x18fd50a7,2,1785268663523410968,1785268663523989059,578
0x18ff28a7,2,1785268663523683151,1785268663525999796,2316
0x18ff9528,2,1785268663524054390,1785268663525999796,1945
0x18ff2895,2,1785268663524926644,1785268663525999796,1073
0x18fe2895,2,1785268663525299086,1785268663525999796,700
0x18ffeff4,2,1785268663527172334,1785268663527988477,816
0x18fe50a7,2,1785268663528245105,1785268663529988418,1743
0x18ffefa7,2,1785268663533318241,1785268663533989781,671
0x18ffa7ef,2,1785268663535690968,1785268663537994755,2303
0x18fe50a7,2,1785268663538463451,1785268663540034380,1570
0x18ffefa7,2,1785268663543836141,1785268663546131332,2295
0x1f2,1,1785268663543851974,1785268663546131332,2279
0x18fd50a7,2,1785268663544224564,1785268663546131332,1906
0x18ff28a7,2,1785268663544496822,1785268663546131332,1634
0x18ff9528,2,1785268663544868857,1785268663546131332,1262
0x18ff2895,2,1785268663545841351,1785268663548111476,2270
0x18fe2895,2,1785268663546113757,1785268663548111476,1997
0x18fe50a7,2,1785268663548986239,1785268663550111399,1125
0x18ffefa7,2,1785268663554358948,1785268663556113406,1754
0x18fff5d4,2,1785268663554374355,1785268663556113406,1739
0xc7fd3,2,1785268663556546990,1785268663558112309,1565
0x18fe50a7,2,1785268663559219178,1785268663560240305,1021
0x18ffefa7,2,1785268663564591923,1785268663566252646,1660
0x1f2,1,1785268663564607664,1785268663566252646,1644
0x18fd50a7,2,1785268663564979606,1785268663566252646,1273
0x18ff28a7,2,1785268663565251363,1785268663566252646,1001
0x18ff9528,2,1785268663565623546,1785268663566252646,629
0x18ff2895,2,1785268663566796836,1785268663568241031,1444
0x18fe2895,2,1785268663566812521,1785268663568241031,1428
0x1801d08f,2,1785268663568885119,1785268663570242731,1357
0xc7f28,2,1785268663569857058,1785268663570242731,385
0xc7ff7,2,1785268663574830658,1785268663576242016,1411
0xc7fd3,2,1785268663577402864,1785268663578366567,963
0x18ff28ef,2,1785268663578275563,1785268663580366804,2091
0x18ff1eef,2,1785268663579347815,1785268663580366804,1018
0x18fe50a7,2,1785268663580120996,1785268663582366467,2245
0xe7fea,2,1785268663582008114,1785268663584288779,2280
0x18ffefa7,2,1785268663585566222,1785268663586367089,800
0x1f2,1,1785268663585937924,1785268663586367089,429
0x18fd50a7,2,1785268663586210978,1785268663588493845,2282
0x18ff28a7,2,1785268663586382792,1785268663588493845,2111
0x18ff9528,2,1785268663586654549,1785268663588493845,1839
0x18ff2895,2,1785268663587527136,1785268663588493845,966
0x18fe2895,2,1785268663587899134,1785268663588493845,594
0x18fe50a7,2,1785268663590772395,1785268663592491856,1719
0x18ffefa7,2,1785268663595845420,1785268663596492644,647
0x30c,1,1785268663597517910,1785268663598492585,974
0x18ffa7ef,2,1785268663598290405,1785268663600492452,2202
0x18fe50a7,2,1785268663601062629,1785268663602492559,1429
0x18ffefa7,2,1785268663606435652,1785268663608640473,2204
0x1f2,1,1785268663606806779,1785268663608640473,1833
0x18fd50a7,2,1785268663607077963,1785268663608640473,1562
0x18ff28a7,2,1785268663607249258,1785268663608640473,1391
0x18ff9528,2,1785268663607519849,1785268663608640473,1120
0x18ff2895,2,1785268663608492084,1785268663610619062,2126
0x18fe2895,2,1785268663608762527,1785268663610619062,1856
0x18fe50a7,2,1785268663611637417,1785268663612618318,980
0xc7ff7,2,1785268663616710886,1785268663618619047,1908
0x18ffa7ef,2,1785268663619083483,1785268663620618617,1535
0x18ff28f4,2,1785268663621056008,1785268663622619669,1563
0x10ffd4f4,2,1785268663621071804,1785268663622619669,1547
0x18fe50a7,2,1785268663621944188,1785268663622619669,675
0xc7ff7,2,1785268663627317822,1785268663628756787,1438
0x1f2,1,1785268663627689209,1785268663628756787,1067
0x18fd50a7,2,1785268663627961485,1785268663628756787,795
0x18ff28a7,2,1785268663628133466,1785268663628756787,623
0x18ff2895,2,1785268663628706203,1785268663630744450,2038
0x18fe2895,2,1785268663629078256,1785268663630744450,1666
0x18ffeff4,2,1785268663631451464,1785268663632668965,1217
0x18fe50a7,2,1785268663632524458,1785268663634745165,2220
0xc7ff7,2,1785268663637596964,1785268663638744917,1147
0x18ffa7ef,2,1785268663639969524,1785268663640789820,820
0x18fe50a7,2,1785268663642742026,1785268663644869794,2127
0x10ffd438,2,1785268663647314905,1785268663648871972,1557
0xc7ff7,2,1785268663648186622,1785268663648871972,685
0x1f2,1,1785268663648558916,1785268663650885264,2326
0x18fd50a7,2,1785268663648830507,1785268663650885264,2054
0x18ff28a7,2,1785268663649003321,1785268663650885264,1881
0x18ff9528,2,1785268663649275801,1785268663650885264,1609
0xc7f94,2,1785268663650448646,1785268663650885264,436
0x18fe2895,2,1785268663650620811,1785268663652871520,2250
0x18fe50a7,2,1785268663653392887,1785268663654870460,1477
0x18ffefa7,2,1785268663658765855,1785268663660996726,2230
0x10fff4d4,2,1785268663658781651,1785268663660996726,2215
0x10ff38d4,2,1785268663661054211,1785268663662996408,1942
0xc7fd3,2,1785268663661225618,1785268663662996408,1770
0x18fff5d4,2,1785268663662898663,1785268663664997293,2098
0x18fe50a7,2,1785268663663770084,1785268663664997293,1227
0xc7ff7,2,1785268663669142514,1785268663671043300,1900
0x1f2,1,1785268663669514290,1785268663671043300,1529
0x18fd50a7,2,1785268663669786622,1785268663671043300,1256
0x18ff28a7,2,1785268663669958954,1785268663671043300,1084
0x18ff9528,2,1785268663670531950,1785268663671043300,511
0x18ff2895,2,1785268663670547654,1785268663671043300,495
0x18fe2895,2,1785268663670920226,1785268663672997259,2077
0x1801d08f,2,1785268663673491396,1785268663675118367,1626
0xc7f28,2,1785268663674466575,1785268663675118367,651
0x18ffefa7,2,1785268663679439971,1785268663681119726,1679
0x18ffa7ef,2,1785268663681912789,1785268663683118611,1205
0x18ff38ef,2,1785268663682885598,1785268663685120385,2234
0x18fe38ef,2,1785268663683957647,1785268663685120385,1162
0x18fe50a7,2,1785268663684729957,1785268663685120385,390
0x1cfe50ef,2,1785268663685102640,1785268663687119566,2016
0x18fff4ef,2,1785268663686175319,1785268663687119566,944
0x1cffd4f5,2,1785268663687247942,1785268663689119822,1871
0x18ffefa7,2,1785268663690020018,1785268663691247818,1227
0x1f2,1,1785268663690692384,1785268663691247818,555
0x18fd50a7,2,1785268663690964827,1785268663693260388,2295
0x18ff28a7,2,1785268663691136567,1785268663693260388,2123
0x18ff9528,2,1785268663691408269,1785268663693260388,1852
0x18ff2895,2,1785268663692380485,1785268663693260388,879
0x18fe2895,2,1785268663692752502,1785268663693260388,507
0x18fe50a7,2,1785268663695525652,1785268663697248714,1723
0x18ffefa7,2,1785268663700598417,1785268663701248558,650
0x30c,1,1785268663702271500,1785268663703248388,976
0x18ffa7ef,2,1785268663703343641,1785268663705249476,1905
0x18ff28d0,2,1785268663703359623,1785268663705249476,1889
0x18fe50a7,2,1785268663705832386,1785268663707373343,1540
0x18ffefa7,2,1785268663710905540,1785268663711373817,468
0x1f2,1,1785268663711576888,1785268663713376072,1799
0x18fd50a7,2,1785268663711848812,1785268663713376072,1527
0x18ff28a7,2,1785268663712220643,1785268663713376072,1155
0x18ff9528,2,1785268663712237273,1785268663713376072,1138
0x18ff2895,2,1785268663713210286,1785268663715374291,2164
0x18fe2895,2,1785268663713582024,1785268663715374291,1792
0x18fe50a7,2,1785268663716355081,1785268663717374620,1019
0x18ffefa7,2,1785268663721427625,1785268663723508591,2080
0x18ffa7ef,2,1785268663723817481,1785268663725501107,1683
0x18ffe5f4,2,1785268663725495989,1785268663727501697,2005
0x18ff28f4,2,1785268663725869339,1785268663727501697,1632
0x18fe28f4,2,1785268663726242596,1785268663727501697,1259
0x10ffd4f4,2,1785268663726614964,1785268663727501697,886
0x18fe50a7,2,1785268663726695741,1785268663727501697,805
0x18ffd0f4,2,1785268663729672908,1785268663731500933,1828
0x1cff50f4,2,1785268663730046295,1785268663731500933,1454
0x18ffeff4,2,1785268663730419904,1785268663731500933,1081
0x18ff9528,2,1785268663731292621,1785268663733528486,2235
0x18ffefa7,2,1785268663732364874,1785268663733528486,1163
0x1f2,1,1785268663732736760,1785268663733528486,791
0x18fd50a7,2,1785268663733009222,1785268663733528486,519
0x18ff28a7,2,1785268663733213350,1785268663735625206,2411
0x18ff2895,2,1785268663733654551,1785268663735625206,1970
0x18fe2895,2,1785268663734026827,1785268663735625206,1598
0x18fe50a7,2,1785268663737500176,1785268663739625498,2125
0x18ff38f4,2,1785268663740472899,1785268663741548588,1075
0x18ffefa7,2,1785268663742645219,1785268663743625233,980
0xc7fd3,2,1785268663745117834,1785268663745627842,510
0x18fe50a7,2,1785268663747790855,1785268663749750893,1960
0x18ff9528,2,1785268663751463296,1785268663753751184,2287
0x18ffefa7,2,1785268663752934953,1785268663753751184,816
0x1f2,1,1785268663753607894,1785268663755764145,2156
0x18fd50a7,2,1785268663753879707,1785268663755764145,1884
0x18ff28a7,2,1785268663754051317,1785268663755764145,1712
0x18ff2895,2,1785268663754523814,1785268663755764145,1240
0x18fe2895,2,1785268663754895775,1785268663755764145,868
0x18fe50a7,2,1785268663758369735,1785268663759752140,1382
0x18ffefa7,2,1785268663763442168,1785268663765752225,2310
0x10fff4d4,2,1785268663764013849,1785268663765752225,1738
0xc7fd3,2,1785268663766187484,1785268663767877056,1689
0x18fff5d4,2,1785268663766359224,1785268663767877056,1517
0x18fe50a7,2,1785268663768731821,1785268663769876850,1145
0x18ff9528,2,1785268663772404651,1785268663773877549,1472
0x18ffefa7,2,1785268663773876938,1785268663775878935,2001
0x1f2,1,1785268663774548878,1785268663775878935,1330
0x18fd50a7,2,1785268663774821062,1785268663775878935,1057
0x18ff28a7,2,1785268663774993005,1785268663775878935,885
0x18ff2895,2,1785268663776065888,1785268663777877840,1811
0xc7f14,2,1785268663776538663,1785268663777877840,1339
0xc00e8,2,1785268663778610687,1785268663779878320,1267
0x18fe50a7,2,1785268663779382775,1785268663779878320,495
0x18ffefa7,2,1785268663784455763,1785268663786002683,1546
0x1cffd4f5,2,1785268663786928748,1785268663788003921,1075
0x18ffa7ef,2,1785268663787300302,1785268663788003921,703
0x1cfed4f5,2,1785268663787316283,1785268663788003921,687
0xc7f94,2,1785268663788088630,1785268663790003363,1914
0x18ff1eef,2,1785268663789160383,1785268663790003363,842
0xc7f28,2,1785268663789833046,1785268663791921120,2088
0x18ff9528,2,1785268663793505338,1785268663794003173,497
0x18ffefa7,2,1785268663794977866,1785268663796003967,1026
0x1f2,1,1785268663795548955,1785268663796003967,455
0xc7ea8,2,1785268663795921805,1785268663798126335,2204
0x18ff28a7,2,1785268663795938027,1785268663798126335,2188
0x18ff2895,2,1785268663797110631,1785268663798126335,1015
0x18fe2895,2,1785268663797482629,1785268663798126335,643
0x18fe50a7,2,1785268663800355149,1785268663802125459,1770
0x18ffefa7,2,1785268663805428063,1785268663806126010,697
0x30c,1,1785268663807108182,1785268663808051008,942
0x18ffa7ef,2,1785268663807981751,1785268663810125857,2144
0xc7f28,2,1785268663810654920,1785268663812125744,1470
0x18ff9528,2,1785268663814427323,1785268663816254720,1827
0x18ffefa7,2,1785268663816000017,1785268663818256625,2256
0x0,0,1785268663816171535,1785268663818256625,2085
0x18fd50a7,2,1785268663816443903,1785268663818256625,1812
0x18ff28a7,2,1785268663816816364,1785268663818256625,1440
0x18ff2895,2,1785268663818290318,1785268663820254845,1964
0x18fe2895,2,1785268663818306485,1785268663820254845,1948
0x18fe50a7,2,1785268663821179745,1785268663822254824,1075
0x18ff28f4,2,1785268663824152264,1785268663826255208,2102
0x18ffefa7,2,1785268663826325529,1785268663828255095,1929
0x18ffa7ef,2,1785268663828797810,1785268663830380500,1582
0xc7f28,2,1785268663831470220,1785268663832380460,910
0x18ffeff4,2,1785268663834442813,1785268663836381122,1938
0x18ff9528,2,1785268663835214957,1785268663836381122,1166
0x18ffefa7,2,1785268663836688059,1785268663838382731,1694
0x1f2,1,1785268663836959965,1785268663838382731,1422
0xc7ea8,2,1785268663837431647,1785268663838382731,951
0x18ff28a7,2,1785268663837703553,1785268663838382731,679
0x18ff2895,2,1785268663838275938,1785268663840381636,2105
0x18fe2895,2,1785268663838646973,1785268663840381636,1734
0x18fe50a7,2,1785268663842120360,1785268663844506371,2386
0x18ffefa7,2,1785268663847192699,1785268663848428256,1235
0x18ffa7ef,2,1785268663849665277,1785268663850506290,841
0x18fe50a7,2,1785268663852338391,1785268663854420711,2082
0x18ff9528,2,1785268663856010202,1785268663856506524,496
0x10ffd438,2,1785268663856382033,1785268663858523817,2141
0x18ffefa7,2,1785268663857553563,1785268663858523817,970
0x1f2,1,1785268663858125819,1785268663858523817,397
0xc7ea8,2,1785268663858298558,1785268663860634648,2336
0x18ff28a7,2,1785268663858569686,1785268663860634648,2064
0xc7f94,2,1785268663859142479,1785268663860634648,1492
0xc7f14,2,1785268663859514032,1785268663860634648,1120
0x18fe50a7,2,1785268663862986400,1785268663864631995,1645
0x10ff38d4,2,1785268663867859038,1785268663868633083,774
0x18ffefa7,2,1785268663868130295,1785268663868633083,502
0x18fff5d4,2,1785268663869802507,1785268663870632858,830
0x18ffa7ef,2,1785268663870674632,1785268663872632763,1958
0x18fe50a7,2,1785268663873346208,1785268663874635206,1288
0x18ff9528,2,1785268663877118760,1785268663878758423,1639
0x18ffefa7,2,1785268663878691232,1785268663880764643,2073
0x0,0,1785268663878862712,1785268663880764643,1901
0x18fd50a7,2,1785268663879134896,1785268663880764643,1629
0x18ff28a7,2,1785268663879506893,1785268663880764643,1257
0x18ff2895,2,1785268663880979533,1785268663882758992,1779
0x18fe2895,2,1785268663880995088,1785268663882758992,1763
0x1801d08f,2,1785268663883069168,1785268663884759490,1690
0x18fe50a7,2,1785268663883941237,1785268663884759490,818
0x18ffefa7,2,1785268663889013836,1785268663890758816,1744
0x18ffa7ef,2,1785268663891486228,1785268663892884147,1397
0x1cffd4f5,2,1785268663891858300,1785268663892884147,1025
0x18ffd0ef,2,1785268663892630796,1785268663894885163,2254
0x18ff95ef,2,1785268663893702437,1785268663894885163,1182
0x18fe50a7,2,1785268663894375081,1785268663894885163,510
0x10ff38ef,2,1785268663894847023,1785268663896885031,2038
0x18ff9528,2,1785268663898219336,1785268663898884287,664
0x18ffefa7,2,1785268663899791141,1785268663900885489,1094
0x1f2,1,1785268663899962677,1785268663900885489,922
0x18fd50a7,2,1785268663900234324,1785268663900885489,651
0x18ff28a7,2,1785268663900606951,1785268663902895560,2288
0x18ff2895,2,1785268663901778518,1785268663902895560,1117
0xc7f14,2,1785268663902250423,1785268663902895560,645
0x18fe50a7,2,1785268663905022888,1785268663906927833,1904
0x18ffefa7,2,1785268663910106394,1785268663911010069,903
0x18ff28d0,2,1785268663911179795,1785268663913010363,1830
0x30c,1,1785268663912051401,1785268663913010363,958
0x18ffa7ef,2,1785268663912724286,1785268663914932120,2207
0x18fe50a7,2,1785268663915397269,1785268663917010340,1613
0x18ff9528,2,1785268663919169710,1785268663921132131,1962
0x18ffefa7,2,1785268663920741496,1785268663923133443,2391
0x1f2,1,1785268663920912903,1785268663923133443,2220
0x18fd50a7,2,1785268663921184660,1785268663923133443,1948
0x18ff28a7,2,1785268663921556732,1785268663923133443,1576
0x18ff2895,2,1785268663922750355,1785268663925132941,2382
0x18fe2895,2,1785268663923101834,1785268663925132941,2031
0x18fe50a7,2,1785268663925974465,1785268663927054198,1079
0x18ffe5f4,2,1785268663928946965,1785268663931133249,2186
0x18ff28f4,2,1785268663929318371,1785268663931133249,1814
0x18ffefa7,2,1785268663931191767,1785268663933133006,1941
0x18ffa7ef,2,1785268663933663807,1785268663935133040,1469
0x18fe50a7,2,1785268663936336180,1785268663937261575,925
0x18ffeff4,2,1785268663939308625,1785268663941262107,1953
0x18ff9528,2,1785268663940180842,1785268663941262107,1081
0x18ffefa7,2,1785268663941753814,1785268663943262882,1509
0x1f2,1,1785268663941924980,1785268663943262882,1337
0x18fd50a7,2,1785268663942197256,1785268663943262882,1065
0x18ff28a7,2,1785268663942568994,1785268663943262882,693
0xc7f94,2,1785268663944041152,1785268663945262602,1221
0xc7f14,2,1785268663944056856,1785268663945262602,1205
0x18fe50a7,2,1785268663946930524,1785268663947261766,331
0x18ffefa7,2,1785268663952003197,1785268663953307500,1304
0x18ffa7ef,2,1785268663954475867,1785268663955387294,911
0x18fe50a7,2,1785268663957148592,1785268663959302067,2153
0x18ff9528,2,1785268663961021327,1785268663961387694,366
0x18ffefa7,2,1785268663962494170,1785268663963388543,894
0x0,0,1785268663962665540,1785268663963388543,723
0x18fd50a7,2,1785268663962937871,1785268663963388543,450
0x18ff28a7,2,1785268663963310184,1785268663965514244,2204
0x18ff2895,2,1785268663963882273,1785268663965514244,1631
0x18fe2895,2,1785268663964254530,1785268663965514244,1259
0x18fe50a7,2,1785268663967727102,1785268663969435351,1708
0x18ffefa7,2,1785268663972799312,1785268663973513494,714
0x1cff50d4,2,1785268663973271217,1785268663975429788,2158
0x18ffa7ef,2,1785268663975343297,1785268663977514082,2170
0x18fff5d4,2,1785268663975614295,1785268663977514082,1899
0x18fe50a7,2,1785268663978091354,1785268663979514172,1422
0x18ff9528,2,1785268663981872702,1785268663983639111,1766
0x18ffefa7,2,1785268663983445785,1785268663985640461,2194
0x0,0,1785268663983617876,1785268663985640461,2022
0x18fd50a7,2,1785268663983889838,1785268663985640461,1750
0x18ff28a7,2,1785268663984262002,1785268663985640461,1378
0x18ff2895,2,1785268663985534643,1785268663987639977,2105
0x18fe2895,2,1785268663985806363,1785268663987639977,1833
0x1801d08f,2,1785268663987879517,1785268663989640289,1760
0x18fe50a7,2,1785268663988751586,1785268663989640289,888
0x18ffefa7,2,1785268663993824204,1785268663995639986,1815
0x18ffa7ef,2,1785268663996297504,1785268663997678835,1381
0x1cffd4f5,2,1785268663997569366,1785268663999765907,2196
0x18ff28ef,2,1785268663997584848,1785268663999765907,2181
0xc7f8f,2,1785268663998457213,1785268663999765907,1308
0x18fe50a7,2,1785268663999129320,1785268663999765907,636
0x18ff9528,2,1785268664003201777,1785268664003765143,563
0x18ffefa7,2,1785268664004473843,1785268664005766603,1292
0x1f2,1,1785268664004644953,1785268664005766603,1121
0x18fd50a7,2,1785268664004916655,1785268664005766603,849
0x18ff28a7,2,1785268664005288801,1785268664005766603,477
0x18ff2895,2,1785268664006562108,1785268664007765953,1203
0x18fe2895,2,1785268664006833310,1785268664007765953,932
0x18fe50a7,2,1785268664009706052,1785268664011765670,2059
0x18ffefa7,2,1785268664014779133,1785268664015891110,1111
0x30c,1,1785268664016452123,1785268664017891329,1439
0x18ffa7ef,2,1785268664017324340,1785268664017891329,566
0x18fe50a7,2,1785268664019996842,1785268664021809473,1812
0x18ff9528,2,1785268664023768986,1785268664025891672,2122
0xc7ff7,2,1785268664025340384,1785268664025891672,551
0x1f2,1,1785268664025712863,1785268664027911243,2198
0x18fd50a7,2,1785268664026090861,1785268664027911243,1820
0x18ff28a7,2,1785268664026108120,1785268664027911243,1803
0x18ff2895,2,1785268664027282168,1785268664027911243,629
0x18fe2895,2,1785268664027655555,1785268664029926556,2271
0x18fe50a7,2,1785268664030530575,1785268664032016498,1485
0x18ff28f4,2,1785268664033503686,1785268664033932606,428
0x10ffd4f4,2,1785268664033876388,1785268664036016993,2140
0x18ffefa7,2,1785268664035749099,1785268664037938842,2189
0x18ffa7ef,2,1785268664038221695,1785268664040017470,1795
0x18fe50a7,2,1785268664040892383,1785268664042017226,1124
0x18ffeff4,2,1785268664043866939,1785268664046139351,2272
0x18ff9528,2,1785268664045039598,1785268664046139351,1099
0xc7ff7,2,1785268664046312535,1785268664048140682,1828
0x1f2,1,1785268664046683033,1785268664048140682,1457
0x18fd50a7,2,1785268664047053957,1785268664048140682,1086
0x18ff28a7,2,1785268664047069734,1785268664048140682,1070
0x18ff2895,2,1785268664048241209,1785268664050140383,1899
0x18fe2895,2,1785268664048611558,1785268664050140383,1528
0xc7f28,2,1785268664051485041,1785268664052139677,654
0x18ffefa7,2,1785268664056557899,1785268664058139966,1582
0x18ffa7ef,2,1785268664059030088,1785268664060139705,1109
0x18fe50a7,2,1785268664061701776,1785268664062185461,483
0x18ff9528,2,1785268664065878158,1785268664068285436,2407
0x10ffd438,2,1785268664066249081,1785268664068285436,2036
0xc7ff7,2,1785268664067120521,1785268664068285436,1164
0x1f2,1,1785268664067491981,1785268664068285436,793
0x18fd50a7,2,1785268664067863164,1785268664068285436,422
0x18ff28a7,2,1785268664067903683,1785268664070269952,2366
0x18ff2895,2,1785268664069050861,1785268664070269952,1219
0xc7f14,2,1785268664069522080,1785268664070269952,747
0xc7f28,2,1785268664072295786,1785268664074269502,1973
0x10fff4d4,2,1785268664076869073,1785268664078269831,1400
0xc7ff7,2,1785268664077439884,1785268664078269831,829
0x10ff38d4,2,1785268664079013597,1785268664080394014,1380
0x18ffa7ef,2,1785268664079998573,1785268664082396752,2398
0x18fff5d4,2,1785268664081157973,1785268664082396752,1238
0x18fe50a7,2,1785268664082730945,1785268664084394712,1663
0x18ff9528,2,1785268664086810624,1785268664088395152,1584
0x18ffefa7,2,1785268664088084024,1785268664090429446,2345
0x1f2,1,1785268664088455688,1785268664090429446,1973
0x18fd50a7,2,1785268664088827501,1785268664090429446,1601
0x18ff28a7,2,1785268664088843353,1785268664090429446,1586
0x18ff2895,2,1785268664090015679,1785268664090429446,413
0x18fe2895,2,1785268664090388380,1785268664092520221,2131
0x1801d08f,2,1785268664092478812,1785268664094521071,2042
0xc7f28,2,1785268664093355825,1785268664094521071,1165
0xc7ff7,2,1785268664098432295,1785268664100520749,2088
0x18ffa7ef,2,1785268664100805262,1785268664102439098,1633
0xe7fea,2,1785268664102479418,1785268664104521133,2041
0x18fe50a7,2,1785268664103651819,1785268664104521133,869
0x18ff9528,2,1785268664107626110,1785268664108564220,938
0x18ffefa7,2,1785268664109004898,1785268664110646996,1642
0x1f2,1,1785268664109377618,1785268664110646996,1269
0x18fd50a7,2,1785268664109749060,1785268664110646996,897
0x18ff28a7,2,1785268664109765282,1785268664110646996,881
0x18ff2895,2,1785268664110939478,1785268664112646734,1707
0x18fe2895,2,1785268664111311995,1785268664112646734,1334
0xc7f28,2,1785268664114185644,1785268664114646454,460
0xc7ff7,2,1785268664119279132,1785268664120646928,1367
0x18ff28d0,2,1785268664120772401,1785268664122656778,1884
0x30c,1,1785268664121151158,1785268664122656778,1505
0x18ffa7ef,2,1785268664121824968,1785268664122656778,831
0x18fe50a7,2,1785268664124599137,1785268664126687791,2088
0x18ff9528,2,1785268664128574002,1785268664130773157,2199
0x18ffefa7,2,1785268664129947438,1785268664130773157,825
0x1f2,1,1785268664130320787,1785268664130773157,452
0x18fd50a7,2,1785268664130692544,1785268664132774543,2081
0x18ff28a7,2,1785268664130708322,1785268664132774543,2066
0x18ff2895,2,1785268664131879945,1785268664132774543,894
0xc7f14,2,1785268664132351368,1785268664132774543,423
0x18fe50a7,2,1785268664135125833,1785268664136773186,1647
0x18ffe5f4,2,1785268664138399183,1785268664138773499,374
0x18ff28f4,2,1785268664138414868,1785268664138773499,358
0x18ffefa7,2,1785268664140287375,1785268664140809663,522
0x18ffa7ef,2,1785268664142660583,1785268664144815529,2154
0x18fe50a7,2,1785268664145434104,1785268664146898193,1464
0x18ffeff4,2,1785268664148447030,1785268664148821320,374
0x18ff9528,2,1785268664149549486,1785268664150898262,1348
0x18ffefa7,2,1785268664150612128,1785268664152914223,2302
0x1f2,1,1785268664151264346,1785268664152914223,1649
0x18fd50a7,2,1785268664151616677,1785268664152914223,1297
0x18ff28a7,2,1785268664151708732,1785268664152914223,1205
0x18ff2895,2,1785268664153121817,1785268664155023757,1901
0x18fe2895,2,1785268664153243705,1785268664155023757,1780
0x18fe50a7,2,1785268664156066725,1785268664156940162,873
0x18ffefa7,2,1785268664161120139,1785268664162932007,1811
0x18ffa7ef,2,1785268664163573161,1785268664165024282,1451
0x18fe50a7,2,1785268664166286626,1785268664167024261,737
0x18ff9528,2,1785268664170329657,1785268664171024719,695
0x18ffefa7,2,1785268664171701167,1785268664173147291,1446
0x1f2,1,1785268664172062647,1785268664173147291,1084
0x18fd50a7,2,1785268664172414237,1785268664173147291,733
0x18ff28a7,2,1785268664172505459,1785268664173147291,641
0x18ff2895,2,1785268664173647471,1785268664175148640,1501
0xc7f14,2,1785268664174112690,1785268664175148640,1035
0x18fe50a7,2,1785268664176866340,1785268664179062284,2195
0x18ffefa7,2,1785268664181919495,1785268664183147371,1227
0x18fff5d4,2,1785268664182421510,1785268664183147371,725
0xc7fd3,2,1785268664184523886,1785268664185148036,624
0x18fe50a7,2,1785268664187162778,1785268664189195012,2032
0x18ff9528,2,1785268664191235013,1785268664193276563,2041
0x18ffefa7,2,1785268664192297525,1785268664193276563,979
0x1f2,1,1785268664192952484,1785268664195277375,2324
0x18fd50a7,2,1785268664193305648,1785268664195277375,1971
0x18ff28a7,2,1785268664193397648,1785268664195277375,1879
0x18ff2895,2,1785268664194541270,1785268664195277375,736
0xc7f14,2,1785268664195003064,1785268664197198114,2195
0x1801d08f,2,1785268664197024459,1785268664199277315,2252
0x18fe50a7,2,1785268664197825825,1785268664199277315,1451
0x18ffefa7,2,1785268664202879998,1785268664203401551,521
0x18ffa7ef,2,1785268664205432205,1785268664207402435,1970
0x18ff28ef,2,1785268664206405310,1785268664207402435,997
0x18ff1eef,2,1785268664207768487,1785268664209403729,1635
0x1cffd4f5,2,1785268664207859875,1785268664209403729,1543
0x18fe50a7,2,1785268664208262391,1785268664209403729,1141
0x18ffd0ef,2,1785268664208694537,1785268664209403729,709
0x18ff95ef,2,1785268664209767604,1785268664211402411,1634
0x87f9c,2,1785268664210920060,1785268664211402411,482
0x18ff38ef,2,1785268664211911906,1785268664213405020,1493
0x18ff9528,2,1785268664212672902,1785268664213405020,732
0x18fe38ef,2,1785268664213054733,1785268664213405020,350
0x18ffefa7,2,1785268664213766932,1785268664215528018,1761
0x1f2,1,1785268664214113152,1785268664215528018,1414
0xc7ea8,2,1785268664214546002,1785268664215528018,982
0x18ff28a7,2,1785268664215119091,1785268664217528960,2409
0x1cfe50ef,2,1785268664215201294,1785268664217528960,2327
0x18ff2895,2,1785268664216293954,1785268664217528960,1235
0xc7f14,2,1785268664216446231,1785268664217528960,1082
0x18fff4ef,2,1785268664216748507,1785268664217528960,780
0x18fe50a7,2,1785268664219341917,1785268664221445585,2103
0x18ffefa7,2,1785268664224393905,1785268664225527728,1133
0x30c,1,1785268664226111117,1785268664227528707,1417
0x18ffa7ef,2,1785268664226884001,1785268664227528707,644
0x18fe50a7,2,1785268664229596929,1785268664231528184,1931
0x18ff9528,2,1785268664233669275,1785268664235654012,1984
0x18ffefa7,2,1785268664234742083,1785268664235654012,911
0x1f2,1,1785268664235375357,1785268664237654861,2279
0x18fd50a7,2,1785268664235726670,1785268664237654861,1928
0xc7f94,2,1785268664235879373,1785268664237654861,1775
0x18ff2895,2,1785268664236981607,1785268664237654861,673
0x18fe2895,2,1785268664237354123,1785268664239661803,2307
0x18fe50a7,2,1785268664240177458,1785268664241573542,1396
0x18ff28f4,2,1785268664243199310,1785268664243659428,460
0x18fe28f4,2,1785268664243560234,1785268664245693518,2133
0x18ffefa7,2,1785268664245377056,1785268664247783257,2406
0x18ffa7ef,2,1785268664247833930,1785268664249702532,1868
0x18fe50a7,2,1785268664250546803,1785268664251689456,1142
0x1cff50f4,2,1785268664253563266,1785268664255781006,2217
0x18ffeff4,2,1785268664253923838,1785268664255781006,1857
0x18ff9528,2,1785268664254876258,1785268664255781006,904
0x18ffefa7,2,1785268664255828789,1785268664257809300,1980
0x1f2,1,1785268664256460175,1785268664257809300,1349
0x18fd50a7,2,1785268664256819487,1785268664257809300,989
0xc7f94,2,1785268664256970801,1785268664257809300,838
0x18ff2895,2,1785268664258019258,1785268664259905057,1885
0x18fe2895,2,1785268664258379830,1785268664259905057,1525
0x18fe50a7,2,1785268664261268460,1785268664261905480,637
0x18ff38f4,2,1785268664264267239,1785268664265905124,1637
0x18ffefa7,2,1785268664266389467,1785268664267905251,1515
0x18ffa7ef,2,1785268664268841192,1785268664269905452,1064
0x18fe50a7,2,1785268664271553954,1785268664271905394,351
0x18ff9528,2,1785268664275747354,1785268664278032294,2284
0x10ffd438,2,1785268664276099297,1785268664278032294,1932
0x18ffefa7,2,1785268664276770311,1785268664278032294,1261
0x1f2,1,1785268664277401770,1785268664278032294,630
0x18fd50a7,2,1785268664277753120,1785268664280032273,2279
0xc7f94,2,1785268664277903619,1785268664280032273,2128
0xc7f94,2,1785268664279067168,1785268664280032273,965
0x18fe2895,2,1785268664279379703,1785268664280032273,652
0x18fe50a7,2,1785268664282202630,1785268664283939028,1736
0x10ff38d4,2,1785268664286646270,1785268664288031912,1385
0x18ffefa7,2,1785268664287348451,1785268664288031912,683
0x18fff5d4,2,1785268664288760980,1785268664290031798,1270
0x18ffa7ef,2,1785268664289853436,1785268664292153203,2299
0xc7f28,2,1785268664292646271,1785268664294072868,1426
0x18ff9528,2,1785268664296689154,1785268664298153844,1464
0x18ffefa7,2,1785268664297712389,1785268664298153844,441
0x1f2,1,1785268664298346589,1785268664300154249,1807
0x18fd50a7,2,1785268664298697457,1785268664300154249,1456
0xc7f94,2,1785268664298848363,1785268664300154249,1305
0x18ff2895,2,1785268664299931005,1785268664302154450,2223
0x18fe2895,2,1785268664300321669,1785268664302154450,1832
0x1801d08f,2,1785268664302414638,1785268664304154392,1739
0x18fe50a7,2,1785268664303215670,1785268664304154392,938
0x18ffefa7,2,1785268664308288677,1785268664310282515,1993
0x18ffa7ef,2,1785268664310722125,1785268664312282846,1560
0x18fe50a7,2,1785268664313433386,1785268664314283399,850
0x1cffd4f5,2,1785268664313794292,1785268664314283399,489
0x18ff9528,2,1785268664317702194,1785268664318283394,581
0x18ffefa7,2,1785268664318657244,1785268664320298910,1641
0x1f2,1,1785268664319289592,1785268664320298910,1009
0xc7ea8,2,1785268664319640923,1785268664320298910,657
0x18ff28a7,2,1785268664319732552,1785268664320298910,566
0x18ff2895,2,1785268664320894804,1785268664322408759,1513
0x18fe2895,2,1785268664321266098,1785268664322408759,1142
0x18fe50a7,2,1785268664324090248,1785268664326408699,2318
0x18ffefa7,2,1785268664329164125,1785268664330318898,1154
0x30c,1,1785268664331106483,1785268664332409488,1303
0x18ff28d0,2,1785268664331187964,1785268664332409488,1221
0x18ffa7ef,2,1785268664331739369,1785268664332409488,670
0xc7f28,2,1785268664334532815,1785268664336409298,1876
0x18ff9528,2,1785268664338605420,1785268664340535071,1929
0x18ffefa7,2,1785268664339596766,1785268664340535071,938
0x1f2,1,1785268664340229021,1785268664342540920,2311
0x18fd50a7,2,1785268664340579963,1785268664342540920,1960
0xc7f94,2,1785268664340731574,1785268664342540920,1809
0x18ff2895,2,1785268664341843159,1785268664342540920,697
0x18fe2895,2,1785268664342206787,1785268664344535103,2328
0x18fe50a7,2,1785268664345030085,1785268664346456897,1426
0x18ffe5f4,2,1785268664348032974,1785268664348534747,501
0x18ff28f4,2,1785268664348414805,1785268664350535522,2120
0x10ffd4f4,2,1785268664348785340,1785268664350535522,1750
0x18ffefa7,2,1785268664350319516,1785268664352660704,2341
0x18ffa7ef,2,1785268664352752482,1785268664354574665,1822
0x18fe50a7,2,1785268664355465836,1785268664356659996,1194
0x18ffeff4,2,1785268664358557466,1785268664360660880,2103
0x18ff9528,2,1785268664359629071,1785268664360660880,1031
0x18ffefa7,2,1785268664361001025,1785268664362663692,1662
0x1f2,1,1785268664361017099,1785268664362663692,1646
0x18fd50a7,2,1785268664361388375,1785268664362663692,1275
0x18ff28a7,2,1785268664361659281,1785268664362663692,1004
0x18ff2895,2,1785268664362932310,1785268664364661005,1728
0x18fe2895,2,1785268664363204605,1785268664364661005,1456
0x18fe50a7,2,1785268664366077013,1785268664366785058,708
0x18ffefa7,2,1785268664371149871,1785268664372787458,1637
0x18ffa7ef,2,1785268664373522024,1785268664374698030,1176
0x18fe50a7,2,1785268664376294840,1785268664376786657,491
0x18ff9528,2,1785268664380569092,1785268664382798168,2229
0x18ffefa7,2,1785268664381441643,1785268664382798168,1356
0x1f2,1,1785268664381814066,1785268664382798168,984
0xc7ea8,2,1785268664382186805,1785268664382798168,611
0x18ff28a7,2,1785268664382471729,1785268664384913573,2441
0x18ff2895,2,1785268664383730092,1785268664384913573,1183
0x18fe2895,2,1785268664384001720,1785268664384913573,911
0x18fe50a7,2,1785268664386875425,1785268664388828735,1953
0x18ffefa7,2,1785268664392248633,1785268664392912730,664
0x10fff4d4,2,1785268664392265151,1785268664392912730,647
0x18fff5d4,2,1785268664394540119,1785268664394912098,371
0x18ffa7ef,2,1785268664394711377,1785268664396913336,2201
0x18fe50a7,2,1785268664397183992,1785268664398912204,1728
0x18ff9528,2,1785268664401456466,1785268664403038385,1581
0x18ffefa7,2,1785268664402329220,1785268664403038385,709
0x1f2,1,1785268664402903050,1785268664405040290,2137
0xc7ea8,2,1785268664403274696,1785268664405040290,1765
0x18ff28a7,2,1785268664403291029,1785268664405040290,1749
0x18ff2895,2,1785268664404463319,1785268664405040290,576
0x18fe2895,2,1785268664404835557,1785268664407037935,2202
0x1801d08f,2,1785268664406908322,1785268664409038989,2130
0x18fe50a7,2,1785268664407779521,1785268664409038989,1259
0x18ffefa7,2,1785268664412855472,1785268664415038222,2182
0x18ffa7ef,2,1785268664415329068,1785268664417160886,1831
0x18ff28ef,2,1785268664416300358,1785268664417160886,860
0xc7f8f,2,1785268664417472573,1785268664419160662,1688
0x18fe50a7,2,1785268664418112903,1785268664419160662,1047
0x1cffd4f5,2,1785268664418787084,1785268664421161289,2374
0x18ff9528,2,1785268664422376414,1785268664423075972,699
0xc7ff7,2,1785268664423655369,1785268664425161636,1506
0x1f2,1,1785268664424027812,1785268664425161636,1133
0x18fd50a7,2,1785268664424299810,1785268664425161636,861
0x18ff28a7,2,1785268664424472105,1785268664425161636,689
0x18ff2895,2,1785268664425544414,1785268664427161078,1616
0x18fe2895,2,1785268664425915726,1785268664427161078,1245
0x18fe50a7,2,1785268664428790690,1785268664429204372,413
0x18ffefa7,2,1785268664433864549,1785268664435289698,1425
0x30c,1,1785268664435538427,1785268664437290880,1752
0x18ffa7ef,2,1785268664436310978,1785268664437290880,979
0x18fe50a7,2,1785268664439084258,1785268664441212154,2127
0x18ff9528,2,1785268664443357677,1785268664445305593,1947
0x18ffefa7,2,1785268664444530206,1785268664445305593,775
0x1f2,1,1785268664444546429,1785268664445305593,759
0x18fd50a7,2,1785268664444919260,1785268664445305593,386
0x18ff28a7,2,1785268664445191684,1785268664447416109,2224
0x18ff2895,2,1785268664446364140,1785268664447416109,1051
0x18fe2895,2,1785268664446735101,1785268664447416109,681
0x18fe50a7,2,1785268664449607046,1785268664451337567,1730
0x18ffefa7,2,1785268664454680719,1785268664455415525,734
0x18ffa7ef,2,1785268664457053872,1785268664459416298,2362
0x18ff28f4,2,1785268664458726436,1785268664459416298,689
0x18fe50a7,2,1785268664459899706,1785268664461418018,1518
0x18ff9528,2,1785268664464272143,1785268664465416791,1144
0x18ffefa7,2,1785268664465344266,1785268664467542400,2198
0x0,0,1785268664465360599,1785268664467542400,2181
0x18fd50a7,2,1785268664465732838,1785268664467542400,1809
0x18ff28a7,2,1785268664466004021,1785268664467542400,1538
0x18ff2895,2,1785268664467178162,1785268664469542508,2364
0xc7f14,2,1785268664467650234,1785268664469542508,1892
0x18ffeff4,2,1785268664469422982,1785268664471541839,2118
0x18fe50a7,2,1785268664470495161,1785268664471541839,1046
0x18ffefa7,2,1785268664475569038,1785268664477543054,1974
0x18ffa7ef,2,1785268664477942079,1785268664479542015,1599
0x18fe50a7,2,1785268664480715340,1785268664481667457,952
0x18ff9528,2,1785268664485288590,1785268664487688153,2399
0x10ffd438,2,1785268664485304683,1785268664487688153,2383
0x18ffefa7,2,1785268664486177622,1785268664487688153,1510
0x0,0,1785268664486193918,1785268664487688153,1494
0x18fd50a7,2,1785268664486564786,1785268664487688153,1123
0x18ff28a7,2,1785268664486836396,1785268664487688153,851
0x18ff2895,2,1785268664488008537,1785268664489669632,1661
0x18fe2895,2,1785268664488379794,1785268664489669632,1289
0x18fe50a7,2,1785268664491269517,1785268664491667834,398
0x1cff50d4,2,1785268664495643713,1785268664497669012,2025
0x18ffefa7,2,1785268664496416801,1785268664497669012,1252
0x10ff38d4,2,1785268664497689960,1785268664499793435,2103
0x18ffa7ef,2,1785268664498862231,1785268664499793435,931
0x18fff5d4,2,1785268664499834243,1785268664501793340,1959
0x18fe50a7,2,1785268664501705750,1785268664503708856,2003
0x18ff9528,2,1785268664505978206,1785268664507794666,1816
0x18ffefa7,2,1785268664507150940,1785268664507794666,643
0x0,0,1785268664507167403,1785268664507794666,627
0x18fd50a7,2,1785268664507539456,1785268664509794701,2255
0x18ff28a7,2,1785268664507810862,1785268664509794701,1983
0x18ff2895,2,1785268664508982003,1785268664509794701,812
0xc7f14,2,1785268664509461481,1785268664511794476,2332
0x1801d08f,2,1785268664511428099,1785268664511794476,366
0xc7f28,2,1785268664512401501,1785268664513835548,1434
0x18ffefa7,2,1785268664517374045,1785268664517841654,467
0x18ffa7ef,2,1785268664519846234,1785268664521919871,2073
0x18ffd0ef,2,1785268664520817635,1785268664521919871,1102
0x18ff95ef,2,1785268664521889610,1785268664523920295,2030
0xc7f28,2,1785268664522762086,1785268664523920295,1158
0x10ff38ef,2,1785268664523034029,1785268664523920295,886
0x1cffd4f5,2,1785268664524006653,1785268664525919978,1913
0x18ff9528,2,1785268664527079357,1785268664527919716,840
0x18ffefa7,2,1785268664528251238,1785268664530046287,1795
0x1f2,1,1785268664528267127,1785268664530046287,1779
0x18fd50a7,2,1785268664528638903,1785268664530046287,1407
0x18ff28a7,2,1785268664528910012,1785268664530046287,1136
0x18ff2895,2,1785268664530383151,1785268664532045618,1662
0xc7f14,2,1785268664530399374,1785268664532045618,1646
0xc7f28,2,1785268664533371282,1785268664534046190,674
0x18ffefa7,2,1785268664538345011,1785268664539971701,1626
0x30c,1,1785268664540016834,1785268664542046903,2030
0x18ff28d0,2,1785268664540688163,1785268664542046903,1358
0x18ffa7ef,2,1785268664541059402,1785268664542046903,987
0x18fe50a7,2,1785268664543633127,1785268664544168011,534
0x18ff9528,2,1785268664548105341,1785268664550168874,2063
0x18ffefa7,2,1785268664549076539,1785268664550168874,1092
0x1f2,1,1785268664549447425,1785268664550168874,721
0x18fd50a7,2,1785268664549819719,1785268664552169279,2349
0x18ff28a7,2,1785268664549835145,1785268664552169279,2334
0x18ff2895,2,1785268664550908602,1785268664552169279,1260
0x18fe2895,2,1785268664551280803,1785268664552169279,888
0x18fe50a7,2,1785268664554154212,1785268664556093775,1939
0x18ffefa7,2,1785268664559227570,1785268664560168233,940
0x18ffa7ef,2,1785268664561600408,1785268664562168675,568
0x18ffe5f4,2,1785268664563273379,1785268664564297098,1023
0x18ff28f4,2,1785268664563644525,1785268664564297098,652
0xc7f28,2,1785268664564616315,1785268664566297151,1680
0x18ffefa7,2,1785268664569889969,1785268664570297554,407
0x1f2,1,1785268664569907654,1785268664570297554,389
0x18fd50a7,2,1785268664570279355,1785268664572298348,2018
0x18ff28a7,2,1785268664570550613,1785268664572298348,1747
0x18ff9528,2,1785268664570922592,1785268664572298348,1375
0x18ff2895,2,1785268664571794457,1785268664572298348,503
0x18fe2895,2,1785268664572165770,1785268664574297697,2131
0x18ffeff4,2,1785268664574037407,1785268664576423232,2385
0x18fe50a7,2,1785268664575111233,1785268664576423232,1311
0x18ffefa7,2,1785268664580184870,1785268664582423169,2238
0x18ffa7ef,2,1785268664582558263,1785268664584341129,1782
0x18fe50a7,2,1785268664585330561,1785268664586328794,998
0x18ffefa7,2,1785268664590703936,1785268664592428898,1724
0x1f2,1,1785268664590719936,1785268664592428898,1708
0x18fd50a7,2,1785268664591092396,1785268664592428898,1336
0x18ff28a7,2,1785268664591364154,1785268664592428898,1064
0x18ff9528,2,1785268664591736429,1785268664592428898,692
0x18ff2895,2,1785268664592709035,1785268664594425395,1716
0x18fe2895,2,1785268664592980218,1785268664594425395,1445
0x18fe50a7,2,1785268664595853238,1785268664596548967,695
0x18ffefa7,2,1785268664601227039,1785268664602549756,1322
0x18fff5d4,2,1785268664601243372,1785268664602549756,1306
0xc7fd3,2,1785268664603416766,1785268664604456994,1040
0x18fe50a7,2,1785268664606096195,1785268664606549177,452
0x18ffefa7,2,1785268664611472125,1785268664612556947,1084
0x1f2,1,1785268664611488532,1785268664612556947,1068
0x18fd50a7,2,1785268664611859993,1785268664612556947,696
0x18ff28a7,2,1785268664612131732,1785268664612556947,425
0x18ff9528,2,1785268664612503489,1785268664614675889,2172
0x18ff2895,2,1785268664613674593,1785268664614675889,1001
0x18fe2895,2,1785268664613690908,1785268664614675889,984
0x1801d08f,2,1785268664615764488,1785268664616674868,910
0xc7f28,2,1785268664616737779,1785268664618589292,1851
0xc7ff7,2,1785268664621710230,1785268664622595917,885
0xc7fd3,2,1785268664624282511,1785268664624675248,392
0x18ff28ef,2,1785268664625154394,1785268664626800597,1646
0x18ff1eef,2,1785268664626227518,1785268664626800597,573
0x18fe50a7,2,1785268664627000717,1785268664628800909,1800
0xe7fea,2,1785268664628872687,1785268664630712592,1839
0x18ffefa7,2,1785268664632444962,1785268664634817143,2372
0x1f2,1,1785268664632815941,1785268664634817143,2001
0x18fd50a7,2,1785268664633087161,1785268664634817143,1729
0x18ff28a7,2,1785268664633258234,1785268664634817143,1558
0x18ff9528,2,1785268664633529751,1785268664634817143,1287
0x18ff2895,2,1785268664634403079,1785268664634817143,414
0x18fe2895,2,1785268664634775929,1785268664636801252,2025
0x18fe50a7,2,1785268664637647560,1785268664638801120,1153
0x18ffefa7,2,1785268664642719807,1785268664644927297,2207
0x30c,1,1785268664644391408,1785268664644927297,535
0x18ffa7ef,2,1785268664645164385,1785268664646926628,1762
0x18fe50a7,2,1785268664647936442,1785268664648841422,904
0x18ffefa7,2,1785268664653309651,1785268664654943100,1633
0x1f2,1,1785268664653681871,1785268664654943100,1261
0x18fd50a7,2,1785268664653953424,1785268664654943100,989
0x18ff28a7,2,1785268664654125923,1785268664654943100,817
0x18ff9528,2,1785268664654396700,1785268664654943100,546
0x18ff2895,2,1785268664655368564,1785268664656928338,1559
0x18fe2895,2,1785268664655639377,1785268664656928338,1288
0x18fe50a7,2,1785268664658512730,1785268664658966225,453
0xc7ff7,2,1785268664663585329,1785268664664961162,1375
0x18ffa7ef,2,1785268664665956963,1785268664667052604,1095
0x18ff28f4,2,1785268664667929877,1785268664669053583,1123
0x10ffd4f4,2,1785268664667946099,1785268664669053583,1107
0x18fe50a7,2,1785268664668818631,1785268664670974636,2156
0xc7ff7,2,1785268664674191728,1785268664675053520,861
0x1f2,1,1785268664674563985,1785268664675053520,489
0x18fd50a7,2,1785268664674836484,1785268664677176407,2339
0x18ff28a7,2,1785268664675007890,1785268664677176407,2168
0x18ff2895,2,1785268664675580572,1785268664677176407,1595
0x18fe2895,2,1785268664675952532,1785268664677176407,1223
0x18ffeff4,2,1785268664678325444,1785268664679091941,766
0x18fe50a7,2,1785268664679396456,1785268664681083124,1686
0xc7ff7,2,1785268664684469222,1785268664685089027,619
0x18ffa7ef,2,1785268664686842096,1785268664689175503,2333
0x18fe50a7,2,1785268664689613339,1785268664691175538,1562
0x10ffd438,2,1785268664694187034,1785268664695304959,1117
0xc7ff7,2,1785268664695058695,1785268664697307197,2248
0x1f2,1,1785268664695429600,1785268664697307197,1877
0x18fd50a7,2,1785268664695700636,1785268664697307197,1606
0x18ff28a7,2,1785268664695871412,1785268664697307197,1435
0x18ff9528,2,1785268664696142337,1785268664697307197,1164
0xc7f94,2,1785268664697314700,1785268664699304584,1989
0x18fe2895,2,1785268664697485421,1785268664699304584,1819
0x18fe50a7,2,1785268664700261164,1785268664701209970,948
0x18ffefa7,2,1785268664705634261,1785268664707305759,1671
0x10fff4d4,2,1785268664705650446,1785268664707305759,1655
0x10ff38d4,2,1785268664707923840,1785268664709430553,1506
0xc7fd3,2,1785268664708096172,1785268664709430553,1334
0x18fff5d4,2,1785268664709768773,1785268664711430421,1661
0x18fe50a7,2,1785268664710647453,1785268664711430421,782
0xc7ff7,2,1785268664716021235,1785268664717432858,1411
0x1f2,1,1785268664716393640,1785268664717432858,1039
0x18fd50a7,2,1785268664716665379,1785268664717432858,767
0x18ff28a7,2,1785268664716837064,1785268664717432858,595
0x18ff9528,2,1785268664717410042,1785268664719431467,2021
0x18ff2895,2,1785268664717425764,1785268664719431467,2005
0x18fe2895,2,1785268664717797632,1785268664719431467,1633
0x1801d08f,2,1785268664720370227,1785268664721431113,1060
0xc7f28,2,1785268664721342870,1785268664723442368,2099
0x18ffefa7,2,1785268664726330784,1785268664727475378,1144
0x18ffa7ef,2,1785268664728809973,1785268664729556466,746
0x18ff38ef,2,1785268664729783930,1785268664731556536,1772
0x18fe38ef,2,1785268664730857738,1785268664731556536,698
0x18fe50a7,2,1785268664731629752,1785268664733558347,1928
0x1cfe50ef,2,1785268664732000435,1785268664733558347,1557
0x18fff4ef,2,1785268664733072058,1785268664733558347,486
0x1cffd4f5,2,1785268664734116089,1785268664735556194,1440
0x18ffefa7,2,1785268664736889350,1785268664737557875,668
0x1f2,1,1785268664737562253,1785268664739685334,2123
0x18fd50a7,2,1785268664737834196,1785268664739685334,1851
0x18ff28a7,2,1785268664738006177,1785268664739685334,1679
0x18ff9528,2,1785268664738278323,1785268664739685334,1407
0x18ff2895,2,1785268664739250854,1785268664739685334,434
0x18fe2895,2,1785268664739621537,1785268664741682607,2061
0x18fe50a7,2,1785268664742395224,1785268664743604566,1209
0x18ffefa7,2,1785268664747468527,1785268664749682275,2213
0x30c,1,1785268664749139980,1785268664749682275,542
0x18ffa7ef,2,1785268664750214399,1785268664751682734,1468
0x18ff28d0,2,1785268664750230844,1785268664751682734,1451
0x18fe50a7,2,1785268664752703903,1785268664753729378,1025
0x18ffefa7,2,1785268664757776965,1785268664759809365,2032
0x1f2,1,1785268664758449942,1785268664759809365,1359
0x18fd50a7,2,1785268664758722015,1785268664759809365,1087
0x18ff28a7,2,1785268664759093623,1785268664759809365,715
0x18ff9528,2,1785268664759109957,1785268664759809365,699
0x18ff2895,2,1785268664760082710,1785268664761808305,1725
0x18fe2895,2,1785268664760455208,1785268664761808305,1353
0x18fe50a7,2,1785268664763227876,1785268664763711690,483
0x18ffefa7,2,1785268664768301142,1785268664769807899,1506
0x18ffa7ef,2,1785268664770674109,1785268664771839283,1165
0x18ffe5f4,2,1785268664772345673,1785268664773934982,1589
0x18ff28f4,2,1785268664772715930,1785268664773934982,1219
0x18fe28f4,2,1785268664773087095,1785268664773934982,847
0x10ffd4f4,2,1785268664773458240,1785268664773934982,476
0x18fe50a7,2,1785268664773537147,1785268664775845627,2308
0x18ffd0f4,2,1785268664776513666,1785268664777934326,1420
0x1cff50f4,2,1785268664776886164,1785268664777934326,1048
0x18ffeff4,2,1785268664777259366,1785268664777934326,674
0x18ff9528,2,1785268664778132212,1785268664779934229,1802
0x18ffefa7,2,1785268664779203632,1785268664779934229,730
0x1f2,1,1785268664779597277,1785268664781978521,2381
0x18fd50a7,2,1785268664779847461,1785268664781978521,2131
0x18ff28a7,2,1785268664780018460,1785268664781978521,1960
0x18ff2895,2,1785268664780489494,1785268664781978521,1489
0x18fe2895,2,1785268664780860548,1785268664781978521,1117
0x18fe50a7,2,1785268664784334527,1785268664786059401,1724
0x18ff38f4,2,1785268664787307935,1785268664787970915,662
0x18ffefa7,2,1785268664789479477,1785268664789959411,479
0xc7fd3,2,1785268664791953221,1785268664793967514,2014
0x18fe50a7,2,1785268664794626465,1785268664796059657,1433
0x18ff9528,2,1785268664798299313,1785268664800060464,1761
0x18ffefa7,2,1785268664799772026,1785268664802189718,2417
0x1f2,1,1785268664800444244,1785268664802189718,1745
0x18fd50a7,2,1785268664800716057,1785268664802189718,1473
0x18ff28a7,2,1785268664800887575,1785268664802189718,1302
0x18ff2895,2,1785268664801359479,1785268664802189718,830
0x18fe2895,2,1785268664801731496,1785268664802189718,458
0x18fe50a7,2,1785268664805204475,1785268664806085117,880
0x18ffefa7,2,1785268664810278907,1785268664812183882,1904
0x10fff4d4,2,1785268664810851496,1785268664812183882,1332
0xc7fd3,2,1785268664813023965,1785268664814183452,1159
0x18fff5d4,2,1785268664813194982,1785268664814183452,988
0x18fe50a7,2,1785268664815568931,1785268664816182170,613
0x18ff9528,2,1785268664819242075,1785268664820216068,973
0x18ffefa7,2,1785268664820713918,1785268664822313286,1599
0x1f2,1,1785268664821384877,1785268664822313286,928
0x18fd50a7,2,1785268664821656172,1785268664822313286,657
0x18ff28a7,2,1785268664821827078,1785268664822313286,486
0x18ff2895,2,1785268664822901350,1785268664824311856,1410
0xc7f14,2,1785268664823373736,1785268664824311856,938
0xc00e8,2,1785268664825446556,1785268664826230926,784
0x18fe50a7,2,1785268664826218718,1785268664828311847,2093
0x18ffefa7,2,1785268664831291762,1785268664832312376,1020
0x1cffd4f5,2,1785268664833764377,1785268664834357297,592
0x18ffa7ef,2,1785268664834136578,1785268664836438423,2301
0x1cfed4f5,2,1785268664834152115,1785268664836438423,2286
0xc7f94,2,1785268664834923925,1785268664836438423,1514
0x18ff1eef,2,1785268664835995363,1785268664836438423,443
0xc7f28,2,1785268664836667341,1785268664838437178,1769
0x18ff9528,2,1785268664840340911,1785268664842437947,2097
0x18ffefa7,2,1785268664841813254,1785268664842437947,624
0x1f2,1,1785268664842386713,1785268664844439220,2052
0xc7ea8,2,1785268664842757026,1785268664844439220,1682
0x18ff28a7,2,1785268664842773063,1785268664844439220,1666
0x18ff2895,2,1785268664843944574,1785268664844439220,494
0x18fe2895,2,1785268664844316035,1785268664846481012,2164
0x18fe50a7,2,1785268664847189592,1785268664848470564,1280
0x18ffefa7,2,1785268664852262413,1785268664854563365,2300
0x30c,1,1785268664853933514,1785268664854563365,629
0x18ffa7ef,2,1785268664854807083,1785268664856470972,1663
0xc7f28,2,1785268664857479456,1785268664858563542,1084
0x18ff9528,2,1785268664861252007,1785268664862609200,1357
0x18ffefa7,2,1785268664862825312,1785268664864689825,1864
0x0,0,1785268664862997848,1785268664864689825,1691
0x18fd50a7,2,1785268664863270328,1785268664864689825,1419
0x18ff28a7,2,1785268664863642622,1785268664864689825,1047
0x18ff2895,2,1785268664865115595,1785268664866689802,1574
0x18fe2895,2,1785268664865131373,1785268664866689802,1558
0x18fe50a7,2,1785268664868003892,1785268664868594613,590
0x18ff28f4,2,1785268664870976763,1785268664872599012,1622
0x18ffefa7,2,1785268664873149954,1785268664874689230,1539
0x18ffa7ef,2,1785268664875622587,1785268664876720114,1097
0xc7f28,2,1785268664878295386,1785268664878814665,519
0x18ffeff4,2,1785268664881267868,1785268664882815083,1547
0x18ff9528,2,1785268664882039845,1785268664882815083,775
0x18ffefa7,2,1785268664883512910,1785268664884816708,1303
0x1f2,1,1785268664883783519,1785268664884816708,1033
0xc7ea8,2,1785268664884255109,1785268664884816708,561
0x18ff28a7,2,1785268664884527311,1785268664886815611,2288
0x18ff2895,2,1785268664885097845,1785268664886815611,1717
0x18fe2895,2,1785268664885469305,1785268664886815611,1346
0x18fe50a7,2,1785268664888942655,1785268664890815547,1872
0x18ffefa7,2,1785268664894017143,1785268664894858390,841
0x18ffa7ef,2,1785268664896490035,1785268664896847071,357
0x18fe50a7,2,1785268664899163352,1785268664900853081,1689
0x18ff9528,2,1785268664902836089,1785268664904941813,2105
0x10ffd438,2,1785268664903208569,1785268664904941813,1733
0x18ffefa7,2,1785268664904381080,1785268664904941813,560
0x1f2,1,1785268664904954058,1785268664906963142,2009
0xc7ea8,2,1785268664905125835,1785268664906963142,1837
0x18ff28a7,2,1785268664905398037,1785268664906963142,1565
0xc7f94,2,1785268664905971071,1785268664906963142,992
0xc7f14,2,1785268664906344161,1785268664906963142,618
0x18fe50a7,2,1785268664909815640,1785268664911066374,1250
0x10ff38d4,2,1785268664914690981,1785268664917068546,2377
0x18ffefa7,2,1785268664914962276,1785268664917068546,2106
0x18fff5d4,2,1785268664916633617,1785268664917068546,434
0x18ffa7ef,2,1785268664917505149,1785268664918986875,1481
0x18fe50a7,2,1785268664920178596,1785268664920977056,798
0x18ff9528,2,1785268664923951851,1785268664925067085,1115
0x18ffefa7,2,1785268664925523675,1785268664927190321,1666
0x0,0,1785268664925694507,1785268664927190321,1495
0x18fd50a7,2,1785268664925966487,1785268664927190321,1223
0x18ff28a7,2,1785268664926340040,1785268664927190321,850
0x18ff2895,2,1785268664927812828,1785268664929190002,1377
0x18fe2895,2,1785268664927828791,1785268664929190002,1361
0x1801d08f,2,1785268664929901815,1785268664931189386,1287
0x18fe50a7,2,1785268664930774680,1785268664931189386,414
0x18ffefa7,2,1785268664935848187,1785268664937095170,1246
0x18ffa7ef,2,1785268664938320894,1785268664939190017,869
0x1cffd4f5,2,1785268664938692243,1785268664939190017,497
0x18ffd0ef,2,1785268664939464091,1785268664941190532,1726
0x18ff95ef,2,1785268664940535288,1785268664941190532,655
0x18fe50a7,2,1785268664941207191,1785268664943233935,2026
0x10ff38ef,2,1785268664941677633,1785268664943233935,1556
0x18ff9528,2,1785268664945051353,1785268664947318963,2267
0x18ffefa7,2,1785268664946624066,1785268664947318963,694
0x1f2,1,1785268664946794843,1785268664947318963,524
0x18fd50a7,2,1785268664947067174,1785268664949320070,2252
0x18ff28a7,2,1785268664947437635,1785268664949320070,1882
0x18ff2895,2,1785268664948609110,1785268664949320070,710
0xc7f14,2,1785268664949080755,1785268664951235899,2155
0x18fe50a7,2,1785268664951853997,1785268664953318654,1464
0x18ffefa7,2,1785268664956926782,1785268664957320219,393
0x18ff28d0,2,1785268664957998275,1785268664959444437,1446
0x30c,1,1785268664958871270,1785268664959444437,573
0x18ffa7ef,2,1785268664959544710,1785268664961444470,1899
0x18fe50a7,2,1785268664962217194,1785268664963358132,1140
0x18ff9528,2,1785268664965988579,1785268664967364624,1376
0x18ffefa7,2,1785268664967562088,1785268664969445786,1883
0x1f2,1,1785268664967733976,1785268664969445786,1711
0x18fd50a7,2,1785268664968006252,1785268664969445786,1439
0x18ff28a7,2,1785268664968378787,1785268664969445786,1066
0x18ff2895,2,1785268664969551298,1785268664971444967,1893
0x18fe2895,2,1785268664969922685,1785268664971444967,1522
0x18fe50a7,2,1785268664972796038,1785268664973569721,773
0x18ffe5f4,2,1785268664975769057,1785268664977571565,1802
0x18ff28f4,2,1785268664976140573,1785268664977571565,1430
0x18ffefa7,2,1785268664978013340,1785268664979479746,1466
0x18ffa7ef,2,1785268664980485547,1785268664981468353,982
0x18fe50a7,2,1785268664983159142,1785268664983486200,327
0x18ffeff4,2,1785268664986131754,1785268664987571043,1439
0x18ff9528,2,1785268664987002971,1785268664987571043,568
0x18ffefa7,2,1785268664988574831,1785268664989696354,1121
0x1f2,1,1785268664988745441,1785268664989696354,950
0x18fd50a7,2,1785268664989016977,1785268664989696354,679
0x18ff28a7,2,1785268664989388771,1785268664991696775,2308
0xc7f94,2,1785268664990861188,1785268664991696775,835
0xc7f14,2,1785268664990877762,1785268664991696775,819
0x18fe50a7,2,1785268664993750430,1785268664995599785,1849
0x18ffefa7,2,1785268664998824103,1785268664999605943,781
0x18ffa7ef,2,1785268665001296736,1785268665001696161,399
0x18fe50a7,2,1785268665003969942,1785268665005821782,1851
0x18ff9528,2,1785268665007843030,1785268665009821996,1978
0x18ffefa7,2,1785268665009315280,1785268665009821996,506
0x0,0,1785268665009487650,1785268665011823306,2335
0x18fd50a7,2,1785268665009758815,1785268665011823306,2064
0x18ff28a7,2,1785268665010131516,1785268665011823306,1691
0x18ff2895,2,1785268665010702457,1785268665011823306,1120
0x18fe2895,2,1785268665011073751,1785268665011823306,749
0x18fe50a7,2,1785268665014547860,1785268665015725872,1178
0x18ffefa7,2,1785268665019620829,1785268665021822970,2202
0x1cff50d4,2,1785268665020091419,1785268665021822970,1731
0x18ffa7ef,2,1785268665022164721,1785268665023947558,1782
0x18fff5d4,2,1785268665022436701,1785268665023947558,1510
0x18fe50a7,2,1785268665024909168,1785268665025849443,940
0x18ff9528,2,1785268665028681960,1785268665029857897,1175
0x18ffefa7,2,1785268665030254524,1785268665031948874,1694
0x0,0,1785268665030426542,1785268665031948874,1522
0x18fd50a7,2,1785268665030698114,1785268665031948874,1250
0x18ff28a7,2,1785268665031070631,1785268665031948874,878
0x18ff2895,2,1785268665032343197,1785268665033948833,1605
0x18fe2895,2,1785268665032614899,1785268665033948833,1333
0x1801d08f,2,1785268665034687572,1785268665035948551,1260
0x18fe50a7,2,1785268665035558400,1785268665035948551,390
0x18ffefa7,2,1785268665040631332,1785268665042078538,1447
0x18ffa7ef,2,1785268665043104243,1785268665043988089,883
0x1cffd4f5,2,1785268665044375865,1785268665046074325,1698
0x18ff28ef,2,1785268665044391402,1785268665046074325,1682
0xc7f8f,2,1785268665045262471,1785268665046074325,811
0x18fe50a7,2,1785268665045934337,1785268665047975081,2040
0x18ff9528,2,1785268665050006887,1785268665052076109,2069
0x18ffefa7,2,1785268665051279916,1785268665052076109,796
0x1f2,1,1785268665051450508,1785268665052076109,625
0x18fd50a7,2,1785268665051722654,1785268665052076109,353
0x18ff28a7,2,1785268665052093578,1785268665054196530,2102
0x18ff2895,2,1785268665053364422,1785268665054196530,832
0x18fe2895,2,1785268665053635143,1785268665054196530,561
0x18fe50a7,2,1785268665056509736,1785268665058101466,1591
0x18ffefa7,2,1785268665061582743,1785268665062107421,524
0x30c,1,1785268665063255918,1785268665064196064,940
0x18ffa7ef,2,1785268665064129061,1785268665066196764,2067
0x18fe50a7,2,1785268665066801100,1785268665068212871,1411
0x18ff9528,2,1785268665070574170,1785268665072324806,1750
0xc7ff7,2,1785268665072146716,1785268665074326932,2180
0x1f2,1,1785268665072518343,1785268665074326932,1808
0x18fd50a7,2,1785268665072890008,1785268665074326932,1436
0x18ff28a7,2,1785268665072906286,1785268665074326932,1420
0x18ff2895,2,1785268665074079038,1785268665076249520,2170
0x18fe2895,2,1785268665074450850,1785268665076249520,1798
0x18fe50a7,2,1785268665077322000,1785268665078239164,917
0x18ff28f4,2,1785268665080294834,1785268665082326118,2031
0x10ffd4f4,2,1785268665080666905,1785268665082326118,1659
0x18ffefa7,2,1785268665082539820,1785268665084368595,1828
0x18ffa7ef,2,1785268665085018675,1785268665086356961,1338
0x18fe50a7,2,1785268665087692474,1785268665088372624,680
0x18ffeff4,2,1785268665090665178,1785268665092369856,1704
0x18ff9528,2,1785268665091837190,1785268665092369856,532
0xc7ff7,2,1785268665093129201,1785268665094452574,1323
0x1f2,1,1785268665093508550,1785268665094452574,944
0x18fd50a7,2,1785268665093883437,1785268665094452574,569
0x18ff28a7,2,1785268665093900289,1785268665094452574,552
0x18ff2895,2,1785268665095073800,1785268665096576439,1502
0x18fe2895,2,1785268665095444501,1785268665096576439,1131
0xc7f28,2,1785268665098319262,1785268665100486987,2167
0x18ffefa7,2,1785268665103392676,1785268665104493663,1100
0x18ffa7ef,2,1785268665105864235,1785268665106484622,620
0x18fe50a7,2,1785268665108538089,1785268665110487724,1949
0x18ff9528,2,1785268665112718916,1785268665114578956,1860
0x10ffd438,2,1785268665113090858,1785268665114578956,1488
0xc7ff7,2,1785268665113962908,1785268665114578956,616
0x1f2,1,1785268665114336776,1785268665116703693,2366
0x18fd50a7,2,1785268665114708941,1785268665116703693,1994
0x18ff28a7,2,1785268665114725107,1785268665116703693,1978
0x18ff2895,2,1785268665115897656,1785268665116703693,806
0xc7f14,2,1785268665116370264,1785268665118702781,2332
0xc7f28,2,1785268665119142673,1785268665120614721,1472
0x10fff4d4,2,1785268665123715460,1785268665124703268,987
0xc7ff7,2,1785268665124287864,1785268665124703268,415
0x10ff38d4,2,1785268665125860799,1785268665126703634,842
0x18ffa7ef,2,1785268665126834034,1785268665128703685,1869
0x18fff5d4,2,1785268665128005249,1785268665128703685,698
0x18fe50a7,2,1785268665129577073,1785268665130742237,1165
0x18ff9528,2,1785268665133650567,1785268665134746506,1095
0x18ffefa7,2,1785268665134923856,1785268665136830427,1906
0x1f2,1,1785268665135293965,1785268665136830427,1536
0x18fd50a7,2,1785268665135664907,1785268665136830427,1165
0x18ff28a7,2,1785268665135680833,1785268665136830427,1149
0x18ff2895,2,1785268665136853085,1785268665138829201,1976
0x18fe2895,2,1785268665137223860,1785268665138829201,1605
0x1801d08f,2,1785268665139298237,1785268665140829993,1531
0xc7f28,2,1785268665140170769,1785268665140829993,659
0xc7ff7,2,1785268665145243719,1785268665146862202,1618
0x18ffa7ef,2,1785268665147616964,1785268665148954827,1337
0xe7fea,2,1785268665149289695,1785268665150954841,1665
0x18fe50a7,2,1785268665150462132,1785268665150954841,492
0x18ff9528,2,1785268665154435479,1785268665154862666,427
0x18ffefa7,2,1785268665155808063,1785268665156956421,1148
0x1f2,1,1785268665156180061,1785268665156956421,776
0x18fd50a7,2,1785268665156552281,1785268665156956421,404
0x18ff28a7,2,1785268665156568373,1785268665156956421,388
0x18ff2895,2,1785268665157740922,1785268665158955287,1214
0x18fe2895,2,1785268665158113123,1785268665158955287,842
0xc7f28,2,1785268665160984291,1785268665163080371,2096
0xc7ff7,2,1785268665166057575,1785268665166986400,928
0x18ff28d0,2,1785268665167530381,1785268665169081747,1551
0x30c,1,1785268665167901398,1785268665169081747,1180
0x18ffa7ef,2,1785268665168572412,1785268665169081747,509
0x18fe50a7,2,1785268665171345877,1785268665172988850,1642
0x18ff9528,2,1785268665175318464,1785268665177081897,1763
0x18ffefa7,2,1785268665176689511,1785268665177081897,392
0x1f2,1,1785268665177060879,1785268665179203892,2143
0x18fd50a7,2,1785268665177431840,1785268665179203892,1772
0x18ff28a7,2,1785268665177448025,1785268665179203892,1755
0x18ff2895,2,1785268665178621463,1785268665179203892,582
0xc7f14,2,1785268665179094737,1785268665181108184,2013
0x18fe50a7,2,1785268665181867202,1785268665183097976,1230
0x18ffe5f4,2,1785268665185139831,1785268665187123116,1983
0x18ff28f4,2,1785268665185155849,1785268665187123116,1967
0x18ffefa7,2,1785268665187029467,1785268665189110815,2081
0x18ffa7ef,2,1785268665189415231,1785268665191203922,1788
0x18fe50a7,2,1785268665192187381,1785268665193234992,1047
0x18ffeff4,2,1785268665195202566,1785268665197332538,2129
0x18ff9528,2,1785268665196305597,1785268665197332538,1026
0x18ffefa7,2,1785268665197368812,1785268665199333534,1964
0x1f2,1,1785268665198021086,1785268665199333534,1312
0x18fd50a7,2,1785268665198373806,1785268665199333534,959
0x18ff28a7,2,1785268665198465139,1785268665199333534,868
0x18ff2895,2,1785268665199877371,1785268665201256974,1379
0x18fe2895,2,1785268665199998741,1785268665201256974,1258
0x18fe50a7,2,1785268665202823039,1785268665203246229,423
0x18ffefa7,2,1785268665207876064,1785268665209332735,1456
0x18ffa7ef,2,1785268665210331068,1785268665211372249,1041
0x18fe50a7,2,1785268665213050644,1785268665215378463,2327
0x18ff9528,2,1785268665217094008,1785268665219459621,2365
0x18ffefa7,2,1785268665218467518,1785268665219459621,992
0x1f2,1,1785268665218831164,1785268665219459621,628
0x18fd50a7,2,1785268665219183959,1785268665221461061,2277
0x18ff28a7,2,1785268665219275754,1785268665221461061,2185
0x18ff2895,2,1785268665220418118,1785268665221461061,1042
0xc7f14,2,1785268665220880004,1785268665221461061,581
0x18fe50a7,2,1785268665223633358,1785268665225459886,1826
0x18ffefa7,2,1785268665228685790,1785268665229584192,898
0x18fff5d4,2,1785268665229187361,1785268665231500002,2312
0xc7fd3,2,1785268665231290126,1785268665233489035,2198
0x18fe50a7,2,1785268665233922684,1785268665235504401,1581
0x18ff9528,2,1785268665237985623,1785268665239593115,1607
0x18ffefa7,2,1785268665239048246,1785268665239593115,544
0x1f2,1,1785268665239701927,1785268665241591666,1889
0x18fd50a7,2,1785268665240053703,1785268665241591666,1537
0x18ff28a7,2,1785268665240145832,1785268665241591666,1445
0x18ff2895,2,1785268665241288788,1785268665243710402,2421
0xc7f14,2,1785268665241751045,1785268665243710402,1959
0x1801d08f,2,1785268665243775236,1785268665245630898,1855
0x18fe50a7,2,1785268665244575379,1785268665245630898,1055
0x18ffefa7,2,1785268665249628775,1785268665251625070,1996
0x18ffa7ef,2,1785268665252181500,1785268665253633603,1452
0x18ff28ef,2,1785268665253152050,1785268665253633603,481
0x18ff1eef,2,1785268665254515727,1785268665255711210,1195
0x1cffd4f5,2,1785268665254607930,1785268665255711210,1103
0x18fe50a7,2,1785268665255009835,1785268665255711210,701
0x18ffd0ef,2,1785268665255443129,1785268665257754279,2311
0x18ff95ef,2,1785268665256516178,1785268665257754279,1238
0x87f9c,2,1785268665257669430,1785268665259836108,2166
0x18ff38ef,2,1785268665258662406,1785268665259836108,1173
0x18ff9528,2,1785268665259427882,1785268665261838604,2410
0x18fe38ef,2,1785268665259805306,1785268665261838604,2033
0x18ffefa7,2,1785268665260516654,1785268665261838604,1321
0x1f2,1,1785268665260867948,1785268665261838604,970
0xc7ea8,2,1785268665261298945,1785268665261838604,539
0x18ff28a7,2,1785268665261861127,1785268665263837396,1976
0x1cfe50ef,2,1785268665261951589,1785268665263837396,1885
0x18ff2895,2,1785268665263045046,1785268665263837396,792
0xc7f14,2,1785268665263197100,1785268665263837396,640
0x18fff4ef,2,1785268665263499710,1785268665265748614,2248
0x18fe50a7,2,1785268665266099601,1785268665267836498,1736
0x18ffefa7,2,1785268665271153256,1785268665271961434,808
0x30c,1,1785268665272905394,1785268665273875856,970
0x18ffa7ef,2,1785268665273677889,1785268665275863278,2185
0x18fe50a7,2,1785268665276390447,1785268665277881884,1491
0x18ff9528,2,1785268665280461941,1785268665281962653,1500
0x18ffefa7,2,1785268665281533175,1785268665281962653,429
0x1f2,1,1785268665282166282,1785268665284088112,1921
0x18fd50a7,2,1785268665282518132,1785268665284088112,1569
0xc7f94,2,1785268665282670520,1785268665284088112,1417
0x18ff2895,2,1785268665283774143,1785268665286087682,2313
0x18fe2895,2,1785268665284145493,1785268665286087682,1942
0x18fe50a7,2,1785268665286968846,1785268665287987103,1018
0x18ff28f4,2,1785268665289988365,1785268665292088021,2099
0x18fe28f4,2,1785268665290349418,1785268665292088021,1738
0x18ffefa7,2,1785268665292166481,1785268665294001628,1835
0x18ffa7ef,2,1785268665294623318,1785268665296087882,1464
0x18fe50a7,2,1785268665297334765,1785268665298122360,787
0x1cff50f4,2,1785268665300352876,1785268665302210258,1857
0x18ffeff4,2,1785268665300713670,1785268665302210258,1496
0x18ff9528,2,1785268665301666183,1785268665302210258,544
0x18ffefa7,2,1785268665302620400,1785268665304210902,1590
0x1f2,1,1785268665303250896,1785268665304210902,960
0x18fd50a7,2,1785268665303610708,1785268665304210902,600
0xc7f94,2,1785268665303762041,1785268665304210902,448
0x18ff2895,2,1785268665304810331,1785268665306133842,1323
0x18fe2895,2,1785268665305168977,1785268665306133842,964
0x18fe50a7,2,1785268665308058256,1785268665310210297,2152
0x18ff38f4,2,1785268665311057515,1785268665312210200,1152
0x18ffefa7,2,1785268665313185391,1785268665314262010,1076
0x18ffa7ef,2,1785268665315638432,1785268665316250302,611
0x18fe50a7,2,1785268665318351712,1785268665320254738,1903
0x18ff9528,2,1785268665322545465,1785268665324340155,1794
0x10ffd438,2,1785268665322896962,1785268665324340155,1443
0x18ffefa7,2,1785268665323568440,1785268665324340155,771
0x1f2,1,1785268665324200306,1785268665326346947,2146
0x18fd50a7,2,1785268665324551082,1785268665326346947,1795
0xc7f94,2,1785268665324702581,1785268665326346947,1644
0xc7f94,2,1785268665325864241,1785268665326346947,482
0x18fe2895,2,1785268665326177609,1785268665328362073,2184
0x18fe50a7,2,1785268665329000611,1785268665330380402,1379
0x10ff38d4,2,1785268665333443380,1785268665334384911,941
0x18ffefa7,2,1785268665334113450,1785268665336465185,2351
0x18fff5d4,2,1785268665335526238,1785268665336465185,938
0x18ffa7ef,2,1785268665336619269,1785268665338381144,1761
0xc7f28,2,1785268665339411104,1785268665340465232,1054
0x18ff9528,2,1785268665343454135,1785268665344495427,1041
0x18ffefa7,2,1785268665344476906,1785268665346593219,2116
0x1f2,1,1785268665345108310,1785268665346593219,1484
0x18fd50a7,2,1785268665345460845,1785268665346593219,1132
0xc7f94,2,1785268665345613048,1785268665346593219,980
0x18ff2895,2,1785268665346695763,1785268665348591251,1895
0x18fe2895,2,1785268665347086465,1785268665348591251,1504
0x1801d08f,2,1785268665349178952,1785268665350591155,1412
0x18fe50a7,2,1785268665349980743,1785268665350591155,610
0x18ffefa7,2,1785268665355055435,1785268665356591123,1535
0x18ffa7ef,2,1785268665357486883,1785268665358591174,1104
0x18fe50a7,2,1785268665360200274,1785268665360638392,438
0x1cffd4f5,2,1785268665360562420,1785268665362628370,2065
0x18ff9528,2,1785268665364464730,1785268665366717453,2252
0x18ffefa7,2,1785268665365415947,1785268665366717453,1301
0x1f2,1,1785268665366047369,1785268665366717453,670
0xc7ea8,2,1785268665366400681,1785268665368718116,2317
0x18ff28a7,2,1785268665366493366,1785268665368718116,2224
0x18ff2895,2,1785268665367655359,1785268665368718116,1062
0x18fe2895,2,1785268665368027486,1785268665368718116,690
0x18fe50a7,2,1785268665370850636,1785268665372637533,1786
0x18ffefa7,2,1785268665375923550,1785268665376759673,836
0x30c,1,1785268665377865631,1785268665378842853,977
0x18ff28d0,2,1785268665377947130,1785268665378842853,895
0x18ffa7ef,2,1785268665378500294,1785268665380754812,2254
0xc7f28,2,1785268665381291314,1785268665382744086,1452
0x18ff9528,2,1785268665385364271,1785268665386843095,1478
0x18ffefa7,2,1785268665386357228,1785268665386843095,485
0x1f2,1,1785268665386988335,1785268665388844573,1856
0x18fd50a7,2,1785268665387339018,1785268665388844573,1505
0xc7f94,2,1785268665387490536,1785268665388844573,1354
0x18ff2895,2,1785268665388602733,1785268665390887976,2285
0x18fe2895,2,1785268665388963286,1785268665390887976,1924
0x18fe50a7,2,1785268665391786862,1785268665392878582,1091
0x18ffe5f4,2,1785268665394790121,1785268665396969296,2179
0x18ff28f4,2,1785268665395170860,1785268665396969296,1798
0x10ffd4f4,2,1785268665395541672,1785268665396969296,1427
0x18ffefa7,2,1785268665397073348,1785268665398882255,1808
0x18ffa7ef,2,1785268665399506741,1785268665400967973,1461
0x18fe50a7,2,1785268665402219484,1785268665402968598,749
0x18ffeff4,2,1785268665405310928,1785268665407094496,1783
0x18ff9528,2,1785268665406384255,1785268665407094496,710
0x18ffefa7,2,1785268665407757099,1785268665409096159,1339
0x1f2,1,1785268665407773302,1785268665409096159,1322
0x18fd50a7,2,1785268665408145170,1785268665409096159,950
0x18ff28a7,2,1785268665408417650,1785268665409096159,678
0x18ff2895,2,1785268665409690161,1785268665411094580,1404
0x18fe2895,2,1785268665409962363,1785268665411094580,1132
0x18fe50a7,2,1785268665412835086,1785268665415002257,2167
0x18ffefa7,2,1785268665417908630,1785268665419094526,1185
0x18ffa7ef,2,1785268665420285912,1785268665421111041,825
0x18fe50a7,2,1785268665423074654,1785268665425115476,2040
0x18ff9528,2,1785268665427354258,1785268665429217468,1863
0x18ffefa7,2,1785268665428227568,1785268665429217468,989
0x1f2,1,1785268665428599510,1785268665429217468,617
0xc7ea8,2,1785268665428971489,1785268665431218241,2246
0x18ff28a7,2,1785268665429242432,1785268665431218241,1975
0x18ff2895,2,1785268665430517443,1785268665431218241,700
0x18fe2895,2,1785268665430790515,1785268665431218241,427
0x18fe50a7,2,1785268665433664053,1785268665435217029,1552
0x18ffefa7,2,1785268665439037651,1785268665441218794,2181
0x10fff4d4,2,1785268665439053447,1785268665441218794,2165
0x18fff5d4,2,1785268665441326433,1785268665443263808,1937
0x18ffa7ef,2,1785268665441498191,1785268665443263808,1765
0x18fe50a7,2,1785268665443971787,1785268665445253730,1281
0x18ff9528,2,1785268665448245262,1785268665449258128,1012
0x18ffefa7,2,1785268665449118293,1785268665451346994,2228
0x1f2,1,1785268665449690586,1785268665451346994,1656
0xc7ea8,2,1785268665450063103,1785268665451346994,1283
0x18ff28a7,2,1785268665450079825,1785268665451346994,1267
0x18ff2895,2,1785268665451253244,1785268665453349731,2096
0x18fe2895,2,1785268665451625019,1785268665453349731,1724
0x1801d08f,2,1785268665453697007,1785268665455471763,1774
0x18fe50a7,2,1785268665454570446,1785268665455471763,901
0x18ffefa7,2,1785268665459643674,1785268665461372843,1729
0x18ffa7ef,2,1785268665462113511,1785268665463390524,1277
0x18ff28ef,2,1785268665463089746,1785268665465473131,2383
0xc7f8f,2,1785268665464259128,1785268665465473131,1214
0x18fe50a7,2,1785268665464931605,1785268665465473131,541
0x1cffd4f5,2,1785268665465604953,1785268665467472756,1867
0x18ff9528,2,1785268665469177654,1785268665471473840,2296
0xc7ff7,2,1785268665470451146,1785268665471473840,1022
0x1f2,1,1785268665470823811,1785268665471473840,650
0x18fd50a7,2,1785268665471095790,1785268665471473840,378
0x18ff28a7,2,1785268665471268123,1785268665473598873,2330
0x18ff2895,2,1785268665472340283,1785268665473598873,1258
0x18fe2895,2,1785268665472711855,1785268665473598873,887
0x18fe50a7,2,1785268665475584875,1785268665477503957,1919
0x18ffefa7,2,1785268665480657529,1785268665481510411,852
0x30c,1,1785268665482330760,1785268665483518574,1187
0x18ffa7ef,2,1785268665483101811,1785268665483518574,416
0x18fe50a7,2,1785268665485874312,1785268665487598787,1724
0x18ff9528,2,1785268665490148564,1785268665491643852,1495
0x18ffefa7,2,1785268665491320280,1785268665493725348,2405
0x1f2,1,1785268665491336113,1785268665493725348,2389
0x18fd50a7,2,1785268665491707111,1785268665493725348,2018
0x18ff28a7,2,1785268665491978146,1785268665493725348,1747
0x18ff2895,2,1785268665493149639,1785268665493725348,575
0x18fe2895,2,1785268665493521581,1785268665495641770,2120
0x18fe50a7,2,1785268665496395601,1785268665497631914,1236
0x18ffefa7,2,1785268665501468959,1785268665503724512,2255
0x18ffa7ef,2,1785268665503843074,1785268665505724563,1881
0x18ff28f4,2,1785268665505515953,1785268665507849892,2333
0x18fe50a7,2,1785268665506688613,1785268665507849892,1161
0x18ff9528,2,1785268665511062142,1785268665511745772,683
0x18ffefa7,2,1785268665512136617,1785268665513851860,1715
0x0,0,1785268665512152209,1785268665513851860,1699
0x18fd50a7,2,1785268665512525207,1785268665513851860,1326
0x18ff28a7,2,1785268665512797243,1785268665513851860,1054
0x18ff2895,2,1785268665513977384,1785268665515850652,1873
0xc7f14,2,1785268665514450455,1785268665515850652,1400
0x18ffeff4,2,1785268665516222555,1785268665517975703,1753
0x18fe50a7,2,1785268665517293604,1785268665517975703,682
0x18ffefa7,2,1785268665522367870,1785268665523881431,1513
0x18ffa7ef,2,1785268665524739633,1785268665525871112,1131
0x18fe50a7,2,1785268665527513376,1785268665527887775,374
0x18ff9528,2,1785268665532086385,1785268665533991928,1905
0x10ffd438,2,1785268665532102256,1785268665533991928,1889
0x18ffefa7,2,1785268665532973306,1785268665533991928,1018
0x0,0,1785268665532990010,1785268665533991928,1001
0x18fd50a7,2,1785268665533361730,1785268665533991928,630
0x18ff28a7,2,1785268665533647080,1785268665536101961,2454
0x18ff2895,2,1785268665534806832,1785268665536101961,1295
0x18fe2895,2,1785268665535179182,1785268665536101961,922
0x18fe50a7,2,1785268665538052312,1785268665540026027,1973
0x1cff50d4,2,1785268665542425230,1785268665544022203,1596
0x18ffefa7,2,1785268665543197189,1785268665544022203,825
0x10ff38d4,2,1785268665544469848,1785268665546024754,1554
0x18ffa7ef,2,1785268665545641322,1785268665546024754,383
0x18fff5d4,2,1785268665546614094,1785268665548013509,1399
0x18fe50a7,2,1785268665548485305,1785268665550101857,1616
0x18ff9528,2,1785268665552758853,1785268665554119496,1360
0x18ffefa7,2,1785268665553931494,1785268665556225492,2293
0x0,0,1785268665553947624,1785268665556225492,2277
0x18fd50a7,2,1785268665554320177,1785268665556225492,1905
0x18ff28a7,2,1785268665554591139,1785268665556225492,1634
0x18ff2895,2,1785268665555762594,1785268665556225492,462
0xc7f14,2,1785268665556234481,1785268665558118729,1884
0x1801d08f,2,1785268665558207839,1785268665560224317,2016
0xc7f28,2,1785268665559180370,1785268665560224317,1043
0x18ffefa7,2,1785268665564153470,1785268665566150526,1997
0x18ffa7ef,2,1785268665566626992,1785268665568225003,1598
0x18ffd0ef,2,1785268665567599060,1785268665568225003,625
0x18ff95ef,2,1785268665568671739,1785268665570353795,1682
0xc7f28,2,1785268665569543252,1785268665570353795,810
0x10ff38ef,2,1785268665569815825,1785268665570353795,537
0x1cffd4f5,2,1785268665570789115,1785268665572260235,1471
0x18ff9528,2,1785268665573860356,1785268665574243435,383
0x18ffefa7,2,1785268665575033386,1785268665576354726,1321
0x1f2,1,1785268665575049941,1785268665576354726,1304
0x18fd50a7,2,1785268665575422124,1785268665576354726,932
0x18ff28a7,2,1785268665575694382,1785268665576354726,660
0x18ff2895,2,1785268665577167076,1785268665578354574,1187
0xc7f14,2,1785268665577182928,1785268665578354574,1171
0xc7f28,2,1785268665580156225,1785268665582366102,2209
0x18ffefa7,2,1785268665585129565,1785268665586399242,1269
0x30c,1,1785268665586802481,1785268665588479608,1677
0x18ff28d0,2,1785268665587472940,1785268665588479608,1006
0x18ffa7ef,2,1785268665587844160,1785268665588479608,635
0x18fe50a7,2,1785268665590417200,1785268665592373081,1955
0x18ff9528,2,1785268665594890099,1785268665596479850,1589
0x18ffefa7,2,1785268665595861371,1785268665596479850,618
0x1f2,1,1785268665596232924,1785268665598493012,2260
0x18fd50a7,2,1785268665596603663,1785268665598493012,1889
0x18ff28a7,2,1785268665596619589,1785268665598493012,1873
0x18ff2895,2,1785268665597690916,1785268665598493012,802
0x18fe2895,2,1785268665598061950,1785268665598493012,431
0x18fe50a7,2,1785268665600935600,1785268665602500208,1564
0x18ffefa7,2,1785268665606008680,1785268665606504773,496
0x18ffa7ef,2,1785268665608381851,1785268665610605783,2223
0x18ffe5f4,2,1785268665610054100,1785268665610605783,551
0x18ff28f4,2,1785268665610427524,1785268665612605649,2178
0xc7f28,2,1785268665611398444,1785268665612605649,1207
0x18ffefa7,2,1785268665616672727,1785268665618641525,1968
0x1f2,1,1785268665616688634,1785268665618641525,1952
0x18fd50a7,2,1785268665617060891,1785268665618641525,1580
0x18ff28a7,2,1785268665617333408,1785268665618641525,1308
0x18ff9528,2,1785268665617705795,1785268665618641525,935
0x18ff2895,2,1785268665618579012,1785268665620644891,2065
0x18fe2895,2,1785268665618950084,1785268665620644891,1694
0x18ffeff4,2,1785268665620822369,1785268665622653498,1831
0x18fe50a7,2,1785268665621893140,1785268665622653498,760
0x18ffefa7,2,1785268665626967461,1785268665628645781,1678
0x18ffa7ef,2,1785268665629339391,1785268665630635518,1296
0x18fe50a7,2,1785268665632112689,1785268665632651680,538
0x18ffefa7,2,1785268665637486213,1785268665638858593,1372
0x1f2,1,1785268665637501953,1785268665638858593,1356
0x18fd50a7,2,1785268665637873395,1785268665638858593,985
0x18ff28a7,2,1785268665638113246,1785268665638858593,745
0x18ff9528,2,1785268665638486484,1785268665640857866,2371
0x18ff2895,2,1785268665639458552,1785268665640857866,1399
0x18fe2895,2,1785268665639730792,1785268665640857866,1127
0x18fe50a7,2,1785268665642603774,1785268665644767487,2163
0x18ffefa7,2,1785268665647977353,1785268665648857571,880
0x18fff5d4,2,1785268665647993557,1785268665648857571,864
0xc7fd3,2,1785268665650166692,1785268665650779771,613
0x18fe50a7,2,1785268665652837916,1785268665654857540,2019
0x18ffefa7,2,1785268665658211273,1785268665658982975,771
0x1f2,1,1785268665658227254,1785268665658982975,755
0x18fd50a7,2,1785268665658599067,1785268665660985601,2386
0x18ff28a7,2,1785268665658869732,1785268665660985601,2115
0x18ff9528,2,1785268665659241303,1785268665660985601,1744
0x18ff2895,2,1785268665660412722,1785268665660985601,572
0x18fe2895,2,1785268665660429093,1785268665660985601,556
0x1801d08f,2,1785268665662503284,1785268665662890689,387
0xc7f28,2,1785268665663476389,1785268665664881222,1404
0xc7ff7,2,1785268665668448896,1785268665668983232,534
0xc7fd3,2,1785268665671022621,1785268665673025464,2002
0x18ff28ef,2,1785268665671895135,1785268665673025464,1130
0x18ff1eef,2,1785268665672968702,1785268665675108645,2139
0x18fe50a7,2,1785268665673740123,1785268665675108645,1368
0xe7fea,2,1785268665675613797,1785268665677021381,1407
0x18ffefa7,2,1785268665679186702,1785268665681110780,1924
0x1f2,1,1785268665679559329,1785268665681110780,1551
0x18fd50a7,2,1785268665679831550,1785268665681110780,1279
0x18ff28a7,2,1785268665680003882,1785268665681110780,1106
0x18ff9528,2,1785268665680275806,1785268665681110780,834
0x18ff2895,2,1785268665681148727,1785268665683109387,1960
0x18fe2895,2,1785268665681520095,1785268665683109387,1589
0x18fe50a7,2,1785268665684393281,1785268665685110105,716
0x18ffefa7,2,1785268665689466251,1785268665691122147,1655
0x30c,1,1785268665691139296,1785268665693231865,2092
0x18ffa7ef,2,1785268665691910403,1785268665693231865,1321
0x18fe50a7,2,1785268665694684090,1785268665695120120,436
0x18ffefa7,2,1785268665700057779,1785268665701234422,1176
0x1f2,1,1785268665700428425,1785268665701234422,805
0x18fd50a7,2,1785268665700699183,1785268665701234422,535
0x18ff28a7,2,1785268665700883052,1785268665703233362,2350
0x18ff9528,2,1785268665701141254,1785268665703233362,2092
0x18ff2895,2,1785268665702112952,1785268665703233362,1120
0x18fe2895,2,1785268665702385376,1785268665703233362,847
0x18fe50a7,2,1785268665705258026,1785268665707255002,1996
0xc7ff7,2,1785268665710330958,1785268665711266493,935
0x18ffa7ef,2,1785268665712702796,1785268665713251618,548
0x18ff28f4,2,1785268665714680080,1785268665715361114,681
0x10ffd4f4,2,1785268665714695913,1785268665715361114,665
0x18fe50a7,2,1785268665715567797,1785268665717281406,1713
0xc7ff7,2,1785268665720940913,1785268665721361434,420
0x1f2,1,1785268665721343947,1785268665723497225,2153
0x18fd50a7,2,1785268665721621631,1785268665723497225,1875
0x18ff28a7,2,1785268665721794056,1785268665723497225,1703
0x18ff2895,2,1785268665722415996,1785268665723497225,1081
0x18fe2895,2,1785268665722792939,1785268665723497225,704
0x18ffeff4,2,1785268665725166369,1785268665727404582,2238
0x18fe50a7,2,1785268665726240899,1785268665727404582,1163
0xc7ff7,2,1785268665731314924,1785268665733398285,2083
0x18ffa7ef,2,1785268665733686595,1785268665735384982,1698
0x18fe50a7,2,1785268665736460523,1785268665737487697,1027
0x10ffd438,2,1785268665741035754,1785268665741523166,487
0xc7ff7,2,1785268665741907008,1785268665743614214,1707
0x1f2,1,1785268665742280321,1785268665743614214,1333
0x18fd50a7,2,1785268665742552745,1785268665743614214,1061
0x18ff28a7,2,1785268665742724985,1785268665743614214,889
0x18ff9528,2,1785268665742997520,1785268665743614214,616
0xc7f94,2,1785268665744170273,1785268665745614448,1444
0x18fe2895,2,1785268665744341734,1785268665745614448,1272
0x18fe50a7,2,1785268665747114496,1785268665747528720,414
0x18ffefa7,2,1785268665752488445,1785268665753613330,1124
0x10fff4d4,2,1785268665752504556,1785268665753613330,1108
0x10ff38d4,2,1785268665754778320,1785268665755738249,959
0xc7fd3,2,1785268665754949448,1785268665755738249,788
0x18fff5d4,2,1785268665756621068,1785268665757652576,1031
0x18fe50a7,2,1785268665757493229,1785268665759642384,2149
0xc7ff7,2,1785268665762866938,1785268665763739074,872
0x1f2,1,1785268665763237972,1785268665763739074,501
0x18fd50a7,2,1785268665763509878,1785268665765740771,2230
0x18ff28a7,2,1785268665763680247,1785268665765740771,2060
0x18ff9528,2,1785268665764252096,1785268665765740771,1488
0x18ff2895,2,1785268665764268188,1785268665765740771,1472
0x18fe2895,2,1785268665764639538,1785268665765740771,1101
0x1801d08f,2,1785268665767214152,1785268665767738635,524
0xc7f28,2,1785268665768187054,1785268665769765647,1578
0x18ffefa7,2,1785268665773159838,1785268665773772226,612
0x18ffa7ef,2,1785268665775633694,1785268665777865231,2231
0x18ff38ef,2,1785268665776606003,1785268665777865231,1259
0x18fe38ef,2,1785268665777679070,1785268665779865484,2186
0x18fe50a7,2,1785268665778451047,1785268665779865484,1414
0x1cfe50ef,2,1785268665778822119,1785268665779865484,1043
0x18fff4ef,2,1785268665779893890,1785268665781864885,1970
0x1cffd4f5,2,1785268665780964958,1785268665781864885,899
0x18ffefa7,2,1785268665783738460,1785268665785992075,2253
0x1f2,1,1785268665784411252,1785268665785992075,1580
0x18fd50a7,2,1785268665784683250,1785268665785992075,1308
0x18ff28a7,2,1785268665784856027,1785268665785992075,1136
0x18ff9528,2,1785268665785128396,1785268665785992075,863
0x18ff2895,2,1785268665786107760,1785268665787990661,1882
0x18fe2895,2,1785268665786478721,1785268665787990661,1511
0x18fe50a7,2,1785268665789250519,1785268665789881285,630
0x18ffefa7,2,1785268665794324396,1785268665795904339,1579
0x30c,1,1785268665795996145,1785268665797991499,1995
0x18ffa7ef,2,1785268665797067509,1785268665797991499,923
0x18ff28d0,2,1785268665797083787,1785268665797991499,907
0x18fe50a7,2,1785268665799557605,1785268665799990770,433
0x18ffefa7,2,1785268665804631741,1785268665806116861,1485
0x1f2,1,1785268665805302867,1785268665806116861,813
0x18fd50a7,2,1785268665805574106,1785268665806116861,542
0x18ff28a7,2,1785268665805946548,1785268665808117521,2170
0x18ff9528,2,1785268665805962381,1785268665808117521,2155
0x18ff2895,2,1785268665806935764,1785268665808117521,1181
0x18fe2895,2,1785268665807308503,1785268665808117521,809
0x18fe50a7,2,1785268665810080930,1785268665812032638,1951
0x18ffefa7,2,1785268665815154770,1785268665816034699,879
0x18ffa7ef,2,1785268665817526182,1785268665818116692,590
0x18ffe5f4,2,1785268665819198561,1785268665820148093,949
0x18ff28f4,2,1785268665819569799,1785268665820148093,578
0x18fe28f4,2,1785268665819941445,1785268665822239308,2297
0x10ffd4f4,2,1785268665820312646,1785268665822239308,1926
0x18fe50a7,2,1785268665820388202,1785268665822239308,1851
0x18ffd0f4,2,1785268665823365924,1785268665824152524,786
0x1cff50f4,2,1785268665823739533,1785268665824152524,412
0x18ffeff4,2,1785268665824112216,1785268665826162925,2050
0x18ff9528,2,1785268665824984248,1785268665826162925,1178
0x18ffefa7,2,1785268665826057019,1785268665828243270,2186
0x1f2,1,1785268665826429221,1785268665828243270,1814
0x18fd50a7,2,1785268665826700293,1785268665828243270,1542
0x18ff28a7,2,1785268665826873255,1785268665828243270,1370
0x18ff2895,2,1785268665827342660,1785268665828243270,900
0x18fe2895,2,1785268665827713713,1785268665828243270,529
0x18fe50a7,2,1785268665831187488,1785268665832239294,1051
0x18ff38f4,2,1785268665834160933,1785268665836285280,2124
0x18ffefa7,2,1785268665836332902,1785268665838274811,1941
0xc7fd3,2,1785268665838807516,1785268665840259638,1452
0x18fe50a7,2,1785268665841479741,1785268665842281427,801
0x18ff9528,2,1785268665845152460,1785268665846287914,1135
0x18ffefa7,2,1785268665846625636,1785268665848494333,1868
0x1f2,1,1785268665847297854,1785268665848494333,1196
0x18fd50a7,2,1785268665847569852,1785268665848494333,924
0x18ff28a7,2,1785268665847741796,1785268665848494333,752
0x18ff2895,2,1785268665848213941,1785268665850494160,2280
0x18fe2895,2,1785268665848585420,1785268665850494160,1908
0x18fe50a7,2,1785268665852058362,1785268665852387116,328
0x18ffefa7,2,1785268665857131628,1785268665858400245,1268
0x10fff4d4,2,1785268665857703606,1785268665858400245,696
0xc7fd3,2,1785268665859877037,1785268665860408294,531
0x18fff5d4,2,1785268665860048036,1785268665860408294,360
0x18fe50a7,2,1785268665862421652,1785268665864414429,1992
0x18ff9528,2,1785268665866099092,1785268665866517126,418
0x18ffefa7,2,1785268665867570880,1785268665868533212,962
0x1f2,1,1785268665868242783,1785268665870620945,2378
0x18fd50a7,2,1785268665868513485,1785268665870620945,2107
0x18ff28a7,2,1785268665868684669,1785268665870620945,1936
0x18ff2895,2,1785268665869756478,1785268665870620945,864
0xc7f14,2,1785268665870230456,1785268665872511310,2280
0xc00e8,2,1785268665872303055,1785268665874620173,2317
0x18fe50a7,2,1785268665873075032,1785268665874620173,1545
0x18ffefa7,2,1785268665878148631,1785268665878620438,471
0x1cffd4f5,2,1785268665880620579,1785268665882746443,2125
0x18ffa7ef,2,1785268665880992466,1785268665882746443,1753
0x1cfed4f5,2,1785268665881008577,1785268665882746443,1737
0xc7f94,2,1785268665881781183,1785268665882746443,965
0x18ff1eef,2,1785268665882854139,1785268665884746547,1892
0xc7f28,2,1785268665883525061,1785268665884746547,1221
0x18ff9528,2,1785268665887198687,1785268665888657497,1458
0x18ffefa7,2,1785268665888671919,1785268665890746805,2074
0x1f2,1,1785268665889243527,1785268665890746805,1503
0xc7ea8,2,1785268665889615784,1785268665890746805,1131
0x18ff28a7,2,1785268665889632099,1785268665890746805,1114
0x18ff2895,2,1785268665890805314,1785268665892746465,1941
0x18fe2895,2,1785268665891175941,1785268665892746465,1570
0x18fe50a7,2,1785268665894047757,1785268665894756514,708
0x18ffefa7,2,1785268665899122208,1785268665900780013,1657
0x30c,1,1785268665900793994,1785268665902787858,1993
0x18ffa7ef,2,1785268665901665693,1785268665902787858,1122
0xc7f28,2,1785268665904339602,1785268665904775648,436
0x18ff9528,2,1785268665908112432,1785268665908782135,669
0x18ffefa7,2,1785268665909684200,1785268665910872906,1188
0x0,0,1785268665909855569,1785268665910872906,1017
0x18fd50a7,2,1785268665910112012,1785268665910872906,760
0x18ff28a7,2,1785268665910484769,1785268665910872906,388
0x18ff2895,2,1785268665911957334,1785268665912997547,1040
0x18fe2895,2,1785268665911973130,1785268665912997547,1024
0x18fe50a7,2,1785268665914851835,1785268665916899756,2047
0x18ff28f4,2,1785268665917823614,1785268665918886768,1063
0x18ffefa7,2,1785268665919997582,1785268665920903391,905
0x18ffa7ef,2,1785268665922471030,1785268665922919477,448
0xc7f28,2,1785268665925142625,1785268665926998112,1855
0x18ffeff4,2,1785268665928115903,1785268665929031291,915
0x18ff9528,2,1785268665928888714,1785268665931123525,2234
0x18ffefa7,2,1785268665930361538,1785268665931123525,761
0x1f2,1,1785268665930632722,1785268665931123525,490
0xc7ea8,2,1785268665931103941,1785268665933124925,2020
0x18ff28a7,2,1785268665931374587,1785268665933124925,1750
0x18ff2895,2,1785268665931945862,1785268665933124925,1179
0x18fe2895,2,1785268665932317323,1785268665933124925,807
0x18fe50a7,2,1785268665935790968,1785268665937023394,1232
0x18ffefa7,2,1785268665940864382,1785268665943046226,2181
0x18ffa7ef,2,1785268665943337238,1785268665945148090,1810
0x18fe50a7,2,1785268665946009388,1785268665947138324,1128
0x18ff9528,2,1785268665949681533,1785268665951163274,1481
0x10ffd438,2,1785268665950052475,1785268665951163274,1110
0x18ffefa7,2,1785268665951226505,1785268665953247341,2020
0x1f2,1,1785268665951798909,1785268665953247341,1448
0xc7ea8,2,1785268665951970760,1785268665953247341,1276
0x18ff28a7,2,1785268665952242776,1785268665953247341,1004
0xc7f94,2,1785268665952815921,1785268665953247341,431
0xc7f14,2,1785268665953189234,1785268665955161020,1971
0x18fe50a7,2,1785268665956661139,1785268665957245939,584
0x10ff38d4,2,1785268665961534980,1785268665963374845,1839
0x18ffefa7,2,1785268665961807219,1785268665963374845,1567
0x18fff5d4,2,1785268665963481394,1785268665965285190,1803
0x18ffa7ef,2,1785268665964352444,1785268665965285190,932
0x18fe50a7,2,1785268665967025909,1785268665969257807,2231
0x18ff9528,2,1785268665970799887,1785268665971277671,477
0x18ffefa7,2,1785268665972371822,1785268665973375478,1003
0x0,0,1785268665972543080,1785268665973375478,832
0x18fd50a7,2,1785268665972814374,1785268665973375478,561
0x18ff28a7,2,1785268665973186094,1785268665975500601,2314
0x18ff2895,2,1785268665974658974,1785268665975500601,841
0x18fe2895,2,1785268665974675363,1785268665975500601,825
0x1801d08f,2,1785268665976748221,1785268665977406928,658
0x18fe50a7,2,1785268665977620475,1785268665979395866,1775
0x18ffefa7,2,1785268665982692926,1785268665983400242,707
0x18ffa7ef,2,1785268665985165078,1785268665987501414,2336
0x1cffd4f5,2,1785268665985537001,1785268665987501414,1964
0x18ffd0ef,2,1785268665986309552,1785268665987501414,1191
0x18ff95ef,2,1785268665987381416,1785268665989502740,2121
0x18fe50a7,2,1785268665988052079,1785268665989502740,1450
0x10ff38ef,2,1785268665988523372,1785268665989502740,979
0x18ff9528,2,1785268665991896945,1785268665993534264,1637
0x18ffefa7,2,1785268665993469805,1785268665995627202,2157
0x1f2,1,1785268665993641156,1785268665995627202,1986
0x18fd50a7,2,1785268665993913192,1785268665995627202,1714
0x18ff28a7,2,1785268665994285541,1785268665995627202,1341
0x18ff2895,2,1785268665995457812,1785268665997530973,2073
0xc7f14,2,1785268665995929068,1785268665997530973,1601
0x18fe50a7,2,1785268665998702681,1785268665999519856,817
0x18ffefa7,2,1785268666003775521,1785268666005627113,1851
0x18ff28d0,2,1785268666004846515,1785268666005627113,780
0x30c,1,1785268666005718269,1785268666007752051,2033
0x18ffa7ef,2,1785268666006390931,1785268666007752051,1361
0x18fe50a7,2,1785268666009064137,1785268666009643489,579
0x18ff9528,2,1785268666012836726,1785268666013648494,811
0x18ffefa7,2,1785268666014408438,1785268666015753413,1344
0x1f2,1,1785268666014580085,1785268666015753413,1173
0x18fd50a7,2,1785268666014853602,1785268666015753413,899
0x18ff28a7,2,1785268666015222230,1785268666015753413,531
0x18ff2895,2,1785268666016393760,1785268666017674851,1281
0x18fe2895,2,1785268666016765498,1785268666017674851,909
0x18fe50a7,2,1785268666019638962,1785268666021752727,2113
0x18ffe5f4,2,1785268666022612093,1785268666023877961,1265
0x18ff28f4,2,1785268666022983461,1785268666023877961,894
0x18ffefa7,2,1785268666024855190,1785268666025791214,936
0x18ffa7ef,2,1785268666027328638,1785268666027780337,451
0x18fe50a7,2,1785268666030001900,1785268666031783713,1781
0x18ffeff4,2,1785268666032974419,1785268666033800724,826
0x18ff9528,2,1785268666033846154,1785268666035878847,2032
0x18ffefa7,2,1785268666035419108,1785268666035878847,459
0x1f2,1,1785268666035591922,1785268666038005711,2413
0x18fd50a7,2,1785268666035863161,1785268666038005711,2142
0x18ff28a7,2,1785268666036235436,1785268666038005711,1770
0xc7f94,2,1785268666037707964,1785268666040004426,2296
0xc7f14,2,1785268666037723538,1785268666040004426,2280
0x18fe50a7,2,1785268666040596317,1785268666041889198,1292
0x18ffefa7,2,1785268666045670750,1785268666047911697,2240
0x18ffa7ef,2,1785268666048143883,1785268666050004949,1861
0x18fe50a7,2,1785268666050816608,1785268666052030887,1214
0x18ff9528,2,1785268666054689621,1785268666056037763,1348
0x18ffefa7,2,1785268666056160909,1785268666058131256,1970
0x0,0,1785268666056331352,1785268666058131256,1799
0x18fd50a7,2,1785268666056602554,1785268666058131256,1528
0x18ff28a7,2,1785268666056973459,1785268666058131256,1157
0x18ff2895,2,1785268666057545123,1785268666058131256,586
0x18fe2895,2,1785268666057916694,1785268666060033546,2116
0x18fe50a7,2,1785268666061390359,1785268666062049502,659
0x18ffefa7,2,1785268666066463717,1785268666068130593,1666
0x1cff50d4,2,1785268666066936325,1785268666068130593,1194
0x18ffa7ef,2,1785268666069009016,1785268666070156994,1147
0x18fff5d4,2,1785268666069281070,1785268666070156994,875
0x18fe50a7,2,1785268666071753852,1785268666072146913,393
0x18ff9528,2,1785268666075527310,1785268666076153493,626
0x18ffefa7,2,1785268666077099819,1785268666078254727,1154
0x0,0,1785268666077271541,1785268666078254727,983
0x18fd50a7,2,1785268666077543502,1785268666078254727,711
0x18ff28a7,2,1785268666077916222,1785268666080253535,2337
0x18ff2895,2,1785268666079188214,1785268666080253535,1065
0x18fe2895,2,1785268666079459231,1785268666080253535,794
0x1801d08f,2,1785268666081530682,1785268666082252658,721
0x18fe50a7,2,1785268666082403935,1785268666084262855,1858
0x18ffefa7,2,1785268666087485220,1785268666088272157,786
0x18ffa7ef,2,1785268666089958612,1785268666090259132,300
0x1cffd4f5,2,1785268666091233030,1785268666092303403,1070
0x18ff28ef,2,1785268666091249160,1785268666092303403,1054
0xc7f8f,2,1785268666092138543,1785268666094382451,2243
0x18fe50a7,2,1785268666092897335,1785268666094382451,1485
0x18ff9528,2,1785268666096985829,1785268666098401994,1416
0x18ffefa7,2,1785268666098264858,1785268666100508283,2243
0x1f2,1,1785268666098438154,1785268666100508283,2070
0x18fd50a7,2,1785268666098710689,1785268666100508283,1797
0x18ff28a7,2,1785268666099082520,1785268666100508283,1425
0x18ff2895,2,1785268666100356494,1785268666102426295,2069
0x18fe2895,2,1785268666100627863,1785268666102426295,1798
0x18fe50a7,2,1785268666103509956,1785268666104414493,904
0x18ffefa7,2,1785268666108591685,1785268666110407417,1815
0x30c,1,1785268666110268378,1785268666112507966,2239
0x18ffa7ef,2,1785268666111140521,1785268666112507966,1367
0x18fe50a7,2,1785268666113813968,1785268666114548904,734
0x18ff9528,2,1785268666117588390,1785268666118526187,937
0xc7ff7,2,1785268666119163288,1785268666120633828,1470
0x1f2,1,1785268666119535137,1785268666120633828,1098
0x18fd50a7,2,1785268666119906802,1785268666120633828,727
0x18ff28a7,2,1785268666119923154,1785268666120633828,710
0x18ff2895,2,1785268666121096906,1785268666122549803,1452
0x18fe2895,2,1785268666121468126,1785268666122549803,1081
0x18fe50a7,2,1785268666124342942,1785268666126555198,2212
0x18ff28f4,2,1785268666127316720,1785268666128680246,1363
0x10ffd4f4,2,1785268666127687922,1785268666128680246,992
0x18ffefa7,2,1785268666129580743,1785268666130670129,1089
0x18ffa7ef,2,1785268666132064432,1785268666132656659,592
0x18fe50a7,2,1785268666134740842,1785268666136662998,1922
0x18ffeff4,2,1785268666137715194,1785268666138650862,935
0x18ff9528,2,1785268666138892854,1785268666140760114,1867
0xc7ff7,2,1785268666140166791,1785268666140760114,593
0x1f2,1,1785268666140541918,1785268666142885700,2343
0x18fd50a7,2,1785268666140914323,1785268666142885700,1971
0x18ff28a7,2,1785268666140930601,1785268666142885700,1955
0x18ff2895,2,1785268666142109112,1785268666142885700,776
0x18fe2895,2,1785268666142481832,1785268666144780638,2298
0xc7f28,2,1785268666145355889,1785268666146796205,1440
0x18ffefa7,2,1785268666150430692,1785268666150774026,343
0x18ffa7ef,2,1785268666152904510,1785268666154884938,1980
0x18fe50a7,2,1785268666155579587,1785268666156885839,1306
0x18ff9528,2,1785268666159754210,1785268666161010733,1256
0x10ffd438,2,1785268666160126504,1785268666161010733,884
0xc7ff7,2,1785268666161001443,1785268666163011559,2010
0x1f2,1,1785268666161374218,1785268666163011559,1637
0x18fd50a7,2,1785268666161747160,1785268666163011559,1264
0x18ff28a7,2,1785268666161763734,1785268666163011559,1247
0x18ff2895,2,1785268666162938190,1785268666165011683,2073
0xc7f14,2,1785268666163410169,1785268666165011683,1601
0xc7f28,2,1785268666166184986,1785268666166893639,708
0x10fff4d4,2,1785268666170759476,1785268666173011267,2251
0xc7ff7,2,1785268666171331732,1785268666173011267,1679
0x10ff38d4,2,1785268666172906371,1785268666175058650,2152
0x18ffa7ef,2,1785268666173879124,1785268666175058650,1179
0x18fff5d4,2,1785268666175053858,1785268666177136532,2082
0x18fe50a7,2,1785268666176625589,1785268666177136532,510
0x18ff9528,2,1785268666180700065,1785268666181043408,343
0x18ffefa7,2,1785268666181974001,1785268666183137790,1163
0x1f2,1,1785268666182347647,1785268666183137790,790
0x18fd50a7,2,1785268666182719071,1785268666183137790,418
0x18ff28a7,2,1785268666182735386,1785268666183137790,402
0x18ff2895,2,1785268666183909786,1785268666185137579,1227
0x18fe2895,2,1785268666184280839,1785268666185137579,856
0x1801d08f,2,1785268666186354864,1785268666187142888,788
0xc7f28,2,1785268666187703078,1785268666189161807,1458
0xc7ff7,2,1785268666192813473,1785268666193137609,324
0x18ffa7ef,2,1785268666195202459,1785268666197143910,1941
0xe7fea,2,1785268666196892374,1785268666199180663,2288
0x18fe50a7,2,1785268666198056312,1785268666199180663,1124
0x18ff9528,2,1785268666202031343,1785268666203184872,1153
0x18ffefa7,2,1785268666203406113,1785268666205389087,1982
0x1f2,1,1785268666203778092,1785268666205389087,1610
0x18fd50a7,2,1785268666204149164,1785268666205389087,1239
0x18ff28a7,2,1785268666204165553,1785268666205389087,1223
0x18ff2895,2,1785268666205338009,1785268666207295099,1957
0x18fe2895,2,1785268666205708655,1785268666207295099,1586
0xc7f28,2,1785268666208581804,1785268666209280871,699
0xc7ff7,2,1785268666213674106,1785268666215277295,1603
0x18ff28d0,2,1785268666215156542,1785268666217389640,2233
0x30c,1,1785268666215533151,1785268666217389640,1856
0x18ffa7ef,2,1785268666216202739,1785268666217389640,1186
0x18fe50a7,2,1785268666218977186,1785268666219404763,427
0x18ff9528,2,1785268666222951662,1785268666223412843,461
0x18ffefa7,2,1785268666224324653,1785268666225515910,1191
0x1f2,1,1785268666224696207,1785268666225515910,819
0x18fd50a7,2,1785268666225068130,1785268666225515910,447
0x18ff28a7,2,1785268666225084556,1785268666225515910,431
0x18ff2895,2,1785268666226260345,1785268666227514866,1254
0xc7f14,2,1785268666226733176,1785268666227514866,781
0x18fe50a7,2,1785268666229508178,1785268666231415742,1907
0x18ffe5f4,2,1785268666232782695,1785268666233514513,731
0x18ff28f4,2,1785268666232799047,1785268666233514513,715
0x18ffefa7,2,1785268666234673017,1785268666235527451,854
0x18ffa7ef,2,1785268666237046780,1785268666237545944,499
0x18fe50a7,2,1785268666239824356,1785268666241531598,1707
0x18ffeff4,2,1785268666242840838,1785268666243542425,701
0x18ff9528,2,1785268666243945368,1785268666245640714,1695
0x18ffefa7,2,1785268666245008362,1785268666245640714,632
0x1f2,1,1785268666245662728,1785268666247640726,1977
0x18fd50a7,2,1785268666246014578,1785268666247640726,1626
0x18ff28a7,2,1785268666246171503,1785268666247640726,1469
0x18ff2895,2,1785268666247593643,1785268666249766904,2173
0x18fe2895,2,1785268666247715883,1785268666249766904,2051
0x18fe50a7,2,1785268666250541051,1785268666251658361,1117
0x18ffefa7,2,1785268666255602298,1785268666257652119,2049
0x18ffa7ef,2,1785268666258078616,1785268666259669501,1590
0x18fe50a7,2,1785268666260802341,1785268666261685995,883
0x18ff9528,2,1785268666264848168,1785268666265778389,930
0x18ffefa7,2,1785268666266223326,1785268666267892308,1668
0x1f2,1,1785268666266585195,1785268666267892308,1307
0x18fd50a7,2,1785268666266937155,1785268666267892308,955
0x18ff28a7,2,1785268666267029099,1785268666267892308,863
0x18ff2895,2,1785268666268172741,1785268666269803653,1630
0xc7f14,2,1785268666268634664,1785268666269803653,1168
0x18fe50a7,2,1785268666271388351,1785268666271793073,404
0x18ffefa7,2,1785268666276442487,1785268666277806053,1363
0x18fff5d4,2,1785268666276944780,1785268666277806053,861
0xc7fd3,2,1785268666279050656,1785268666279891879,841
0x18fe50a7,2,1785268666281684955,1785268666283914885,2229
0x18ff9528,2,1785268666285750116,1785268666288018353,2268
0x18ffefa7,2,1785268666286812961,1785268666288018353,1205
0x1f2,1,1785268666287464902,1785268666288018353,553
0x18fd50a7,2,1785268666287818622,1785268666290018661,2200
0x18ff28a7,2,1785268666287910084,1785268666290018661,2108
0x18ff2895,2,1785268666289052300,1785268666290018661,966
0xc7f14,2,1785268666289513890,1785268666290018661,504
0x1801d08f,2,1785268666291537785,1785268666291906710,368
0x18fe50a7,2,1785268666292340780,1785268666293923167,1582
0x18ffefa7,2,1785268666297395490,1785268666298017635,622
0x18ffa7ef,2,1785268666299950308,1785268666302143584,2193
0x18ff28ef,2,1785268666300922173,1785268666302143584,1221
0x18ff1eef,2,1785268666302288590,1785268666304144466,1855
0x1cffd4f5,2,1785268666302381442,1785268666304144466,1763
0x18fe50a7,2,1785268666302784254,1785268666304144466,1360
0x18ffd0ef,2,1785268666303187566,1785268666304144466,956
0x18ff95ef,2,1785268666304263671,1785268666306065812,1802
0x87f9c,2,1785268666305417071,1785268666306065812,648
0x18ff38ef,2,1785268666306412751,1785268666308143972,1731
0x18ff9528,2,1785268666307175746,1785268666308143972,968
0x18fe38ef,2,1785268666307558096,1785268666308143972,585
0x18ffefa7,2,1785268666308272480,1785268666310159613,1887
0x1f2,1,1785268666308624885,1785268666310159613,1534
0xc7ea8,2,1785268666309057253,1785268666310159613,1102
0x18ff28a7,2,1785268666309619842,1785268666310159613,539
0x1cfe50ef,2,1785268666309712101,1785268666310159613,447
0x18ff2895,2,1785268666310807002,1785268666312185699,1378
0xc7f14,2,1785268666310958982,1785268666312185699,1226
0x18fff4ef,2,1785268666311262018,1785268666312185699,923
0x18fe50a7,2,1785268666313856039,1785268666316160205,2304
0x18ffefa7,2,1785268666318910934,1785268666320166618,1255
0x30c,1,1785268666320664868,1785268666322175759,1510
0x18ffa7ef,2,1785268666321437030,1785268666322175759,738
0x18fe50a7,2,1785268666324151477,1785268666326181542,2030
0x18ff9528,2,1785268666328225600,1785268666330266547,2040
0x18ffefa7,2,1785268666329297872,1785268666330266547,968
0x1f2,1,1785268666329943460,1785268666332396466,2453
0x18fd50a7,2,1785268666330285273,1785268666332396466,2111
0xc7f94,2,1785268666330437235,1785268666332396466,1959
0x18ff2895,2,1785268666331539803,1785268666332396466,856
0x18fe2895,2,1785268666331911967,1785268666332396466,484
0x18fe50a7,2,1785268666334736265,1785268666336306194,1569
0x18ff28f4,2,1785268666337757747,1785268666338291484,533
0x18fe28f4,2,1785268666338120207,1785268666340302144,2181
0x18ffefa7,2,1785268666339936882,1785268666340302144,365
0x18ffa7ef,2,1785268666342395534,1785268666344311742,1916
0x18fe50a7,2,1785268666345109684,1785268666346412309,1302
0x1cff50f4,2,1785268666348128332,1785268666350521073,2392
0x18ffeff4,2,1785268666348488737,1785268666350521073,2032
0x18ff9528,2,1785268666349441324,1785268666350521073,1079
0x18ffefa7,2,1785268666350395596,1785268666352521882,2126
0x1f2,1,1785268666351027685,1785268666352521882,1494
0x18fd50a7,2,1785268666351388201,1785268666352521882,1133
0xc7f94,2,1785268666351540275,1785268666352521882,981
0x18ff2895,2,1785268666352590842,1785268666354424912,1834
0x18fe2895,2,1785268666352950951,1785268666354424912,1473
0x18fe50a7,2,1785268666355861174,1785268666356438054,576
0x18ff38f4,2,1785268666358870471,1785268666360533374,1662
0x18ffefa7,2,1785268666360997792,1785268666362551997,1554
0x18ffa7ef,2,1785268666363453018,1785268666364539676,1086
0x18fe50a7,2,1785268666366167760,1785268666366527243,359
0x18ff9528,2,1785268666370362235,1785268666372648223,2285
0x10ffd438,2,1785268666370715418,1785268666372648223,1932
0x18ffefa7,2,1785268666371388285,1785268666372648223,1259
0x1f2,1,1785268666372020744,1785268666372648223,627
0x18fd50a7,2,1785268666372375019,1785268666374648439,2273
0xc7f94,2,1785268666372527518,1785268666374648439,2120
0xc7f94,2,1785268666373690141,1785268666374648439,958
0x18fe2895,2,1785268666374002102,1785268666374648439,646
0x18fe50a7,2,1785268666376825881,1785268666378659981,1834
0x10ff38d4,2,1785268666381270632,1785268666382684357,1413
0x18ffefa7,2,1785268666381973184,1785268666382684357,711
0x18fff5d4,2,1785268666383387323,1785268666384671776,1284
0x18ffa7ef,2,1785268666384481243,1785268666386660029,2178
0xc7f28,2,1785268666387275485,1785268666388678504,1403
0x18ff9528,2,1785268666391319146,1785268666392774120,1454
0x18ffefa7,2,1785268666392340288,1785268666392774120,433
0x1f2,1,1785268666392973562,1785268666394899076,1925
0x18fd50a7,2,1785268666393325911,1785268666394899076,1573
0xc7f94,2,1785268666393477244,1785268666394899076,1421
0x18ff2895,2,1785268666394593070,1785268666396899236,2306
0x18fe2895,2,1785268666394991216,1785268666396899236,1908
0x1801d08f,2,1785268666397114722,1785268666398898507,1783
0x18fe50a7,2,1785268666397920513,1785268666398898507,977
0x18ffefa7,2,1785268666402996723,1785268666404899284,1902
0x18ffa7ef,2,1785268666405430987,1785268666406929499,1498
0x18fe50a7,2,1785268666408145803,1785268666408937048,791
0x1cffd4f5,2,1785268666408507412,1785268666408937048,429
0x18ff9528,2,1785268666412413315,1785268666412913961,500
0x18ffefa7,2,1785268666413367920,1785268666415024973,1657
0x1f2,1,1785268666414000509,1785268666415024973,1024
0xc7ea8,2,1785268666414352896,1785268666415024973,672
0x18ff28a7,2,1785268666414444673,1785268666415024973,580
0x18ff2895,2,1785268666415608758,1785268666417024837,1416
0x18fe2895,2,1785268666415983441,1785268666417024837,1041
0x18fe50a7,2,1785268666418805832,1785268666421032694,2226
0x18ffefa7,2,1785268666423879931,1785268666425037069,1157
0x30c,1,1785268666425823104,1785268666427150303,1327
0x18ff28d0,2,1785268666425904215,1785268666427150303,1246
0x18ffa7ef,2,1785268666426458545,1785268666427150303,691
0xc7f28,2,1785268666429253269,1785268666431041568,1788
0x18ff9528,2,1785268666433327503,1785268666435066611,1739
0x18ffefa7,2,1785268666434321109,1785268666435066611,745
0x1f2,1,1785268666434954105,1785268666437151789,2197
0x18fd50a7,2,1785268666435306010,1785268666437151789,1845
0xc7f94,2,1785268666435458009,1785268666437151789,1693
0x18ff2895,2,1785268666436570243,1785268666437151789,581
0x18fe2895,2,1785268666436933630,1785268666439156486,2222
0x18fe50a7,2,1785268666439757631,1785268666441175202,1417
0x18ffe5f4,2,1785268666442761965,1785268666443163047,401
0x18ff28f4,2,1785268666443145259,1785268666445171744,2026
0x10ffd4f4,2,1785268666443517627,1785268666445171744,1654
0x18ffefa7,2,1785268666445051914,1785268666447184589,2132
0x18ffa7ef,2,1785268666447485751,1785268666449272749,1786
0x18fe50a7,2,1785268666450200050,1785268666451274909,1074
0x18ffeff4,2,1785268666453293124,1785268666455306748,2013
0x18ff9528,2,1785268666454366154,1785268666455306748,940
0x18ffefa7,2,1785268666455739757,1785268666457402611,1662
0x1f2,1,1785268666455756090,1785268666457402611,1646
0x18fd50a7,2,1785268666456128551,1785268666457402611,1274
0x18ff28a7,2,1785268666456400401,1785268666457402611,1002
0x18ff2895,2,1785268666457673782,1785268666459304290,1630
0x18fe2895,2,1785268666457945336,1785268666459304290,1358
0x18fe50a7,2,1785268666460819986,1785268666461287728,467
0x18ffefa7,2,1785268666465893714,1785268666467402116,1508
0x18ffa7ef,2,1785268666468267867,1785268666469418683,1150
0x18fe50a7,2,1785268666471041757,1785268666471434806,393
0x18ff9528,2,1785268666475316009,1785268666477528860,2212
0x18ffefa7,2,1785268666476188430,1785268666477528860,1340
0x1f2,1,1785268666476560446,1785268666477528860,968
0xc7ea8,2,1785268666476932833,1785268666477528860,596
0x18ff28a7,2,1785268666477206535,1785268666479529020,2322
0x18ff2895,2,1785268666478479324,1785268666479529020,1049
0x18fe2895,2,1785268666478751155,1785268666479529020,777
0x18fe50a7,2,1785268666481625064,1785268666483527896,1902
0x18ffefa7,2,1785268666486999957,1785268666487573753,573
0x10fff4d4,2,1785268666487016068,1785268666487573753,557
0x18fff5d4,2,1785268666489289555,1785268666491569610,2280
0x18ffa7ef,2,1785268666489461572,1785268666491569610,2108
0x18fe50a7,2,1785268666491935742,1785268666493557345,1621
0x18ff9528,2,1785268666496209013,1785268666497555665,1346
0x18ffefa7,2,1785268666497081785,1785268666497555665,473
0x1f2,1,1785268666497655486,1785268666499654936,1999
0xc7ea8,2,1785268666498027465,1785268666499654936,1627
0x18ff28a7,2,1785268666498043965,1785268666499654936,1610
0x18ff2895,2,1785268666499216939,1785268666499654936,437
0x18fe2895,2,1785268666499590363,1785268666501654059,2063
0x1801d08f,2,1785268666501664591,1785268666503685311,2020
0x18fe50a7,2,1785268666502536956,1785268666503685311,1148
0x18ffefa7,2,1785268666507611851,1785268666509677069,2065
0x18ffa7ef,2,1785268666510087911,1785268666511685452,1597
0x18ff28ef,2,1785268666511067053,1785268666511685452,618
0xc7f8f,2,1785268666512241768,1785268666513693834,1452
0x18fe50a7,2,1785268666512914431,1785268666513693834,779
0x1cffd4f5,2,1785268666513588038,1785268666515779734,2191
0x18ff9528,2,1785268666517162461,1785268666517814691,652
0xc7ff7,2,1785268666518436360,1785268666519906017,1469
0x1f2,1,1785268666518808414,1785268666519906017,1097
0x18fd50a7,2,1785268666519080949,1785268666519906017,825
0x18ff28a7,2,1785268666519252874,1785268666519906017,653
0x18ff2895,2,1785268666520327108,1785268666521811233,1484
0x18fe2895,2,1785268666520698754,1785268666521811233,1112
0x18fe50a7,2,1785268666523573014,1785268666525788442,2215
0x18ffefa7,2,1785268666528646447,1785268666529823392,1176
0x30c,1,1785268666530320752,1785268666531905867,1585
0x18ffa7ef,2,1785268666531092617,1785268666531905867,813
0x18fe50a7,2,1785268666533866675,1785268666535924687,2058
0x18ff9528,2,1785268666538141556,1785268666540036840,1895
0x18ffefa7,2,1785268666539313679,1785268666540036840,723
0x1f2,1,1785268666539330327,1785268666540036840,706
0x18fd50a7,2,1785268666539708602,1785268666542032796,2324
0x18ff28a7,2,1785268666539981564,1785268666542032796,2051
0x18ff2895,2,1785268666541153797,1785268666542032796,878
0x18fe2895,2,1785268666541525554,1785268666542032796,507
0x18fe50a7,2,1785268666544400333,1785268666545931154,1530
0x18ffefa7,2,1785268666549474599,1785268666550032104,557
0x18ffa7ef,2,1785268666551848955,1785268666554075646,2226
0x18ff28f4,2,1785268666553521315,1785268666554075646,554
0x18fe50a7,2,1785268666554695790,1785268666556064510,1368
0x18ff9528,2,1785268666559069874,1785268666560040367,970
0x18ffefa7,2,1785268666560143979,1785268666562158286,2014
0x0,0,1785268666560161201,1785268666562158286,1997
0x18fd50a7,2,1785268666560533791,1785268666562158286,1624
0x18ff28a7,2,1785268666560806549,1785268666562158286,1351
0x18ff2895,2,1785268666561980357,1785268666564157798,2177
0xc7f14,2,1785268666562452928,1785268666564157798,1704
0x18ffeff4,2,1785268666564226677,1785268666566157865,1931
0x18fe50a7,2,1785268666565298781,1785268666566157865,859
0x18ffefa7,2,1785268666570374158,1785268666572158938,1784
0x18ffa7ef,2,1785268666572748070,1785268666574170172,1422
0x18fe50a7,2,1785268666575522294,1785268666576160092,637
0x18ff9528,2,1785268666580096081,1785268666582281757,2185
0x10ffd438,2,1785268666580111933,1785268666582281757,2169
0x18ffefa7,2,1785268666580984724,1785268666582281757,1297
0x0,0,1785268666581001686,1785268666582281757,1280
0x18fd50a7,2,1785268666581373703,1785268666582281757,908
0x18ff28a7,2,1785268666581645923,1785268666582281757,635
0x18ff2895,2,1785268666582820398,1785268666584280250,1459
0x18fe2895,2,1785268666583191877,1785268666584280250,1088
0x18fe50a7,2,1785268666586065360,1785268666588286774,2221
0x1cff50d4,2,1785268666590439500,1785268666592318187,1878
0x18ffefa7,2,1785268666591211717,1785268666592318187,1106
0x10ff38d4,2,1785268666592485451,1785268666594326551,1841
0x18ffa7ef,2,1785268666593657462,1785268666594326551,669
0x18fff5d4,2,1785268666594631919,1785268666596280637,1648
0x18fe50a7,2,1785268666596505593,1785268666598298834,1793
0x18ff9528,2,1785268666600779919,1785268666602409987,1630
0x18ffefa7,2,1785268666601952042,1785268666602409987,457
0x0,0,1785268666601968653,1785268666602409987,441
0x18fd50a7,2,1785268666602343058,1785268666604535054,2191
0x18ff28a7,2,1785268666602614741,1785268666604535054,1920
0x18ff2895,2,1785268666603787308,1785268666604535054,747
0xc7f14,2,1785268666604261102,1785268666606419807,2158
0x1801d08f,2,1785268666606235201,1785268666608456893,2221
0xc7f28,2,1785268666607207565,1785268666608456893,1249
0x18ffefa7,2,1785268666612181869,1785268666614422022,2240
0x18ffa7ef,2,1785268666614655965,1785268666616535311,1879
0x18ffd0ef,2,1785268666615627774,1785268666616535311,907
0x18ff95ef,2,1785268666616707823,1785268666618660767,1952
0xc7f28,2,1785268666617580429,1785268666618660767,1080
0x10ff38ef,2,1785268666617852612,1785268666618660767,808
0x1cffd4f5,2,1785268666618827606,1785268666620559779,1732
0x18ff9528,2,1785268666621901032,1785268666622549810,648
0x18ffefa7,2,1785268666623075229,1785268666624661821,1586
0x1f2,1,1785268666623091044,1785268666624661821,1570
0x18fd50a7,2,1785268666623463060,1785268666624661821,1198
0x18ff28a7,2,1785268666623736003,1785268666624661821,925
0x18ff2895,2,1785268666625210142,1785268666626574982,1364
0xc7f14,2,1785268666625226271,1785268666626574982,1348
0xc7f28,2,1785268666628200698,1785268666628660549,459
0x18ffefa7,2,1785268666633174464,1785268666634672177,1497
0x30c,1,1785268666634849028,1785268666636787541,1938
0x18ff28d0,2,1785268666635521135,1785268666636787541,1266
0x18ffa7ef,2,1785268666635892911,1785268666636787541,894
0x18fe50a7,2,1785268666638467432,1785268666640673084,2205
0x18ff9528,2,1785268666642941646,1785268666644788885,1847
0x18ffefa7,2,1785268666643913751,1785268666644788885,875
0x1f2,1,1785268666644285805,1785268666644788885,503
0x18fd50a7,2,1785268666644659673,1785268666646787934,2128
0x18ff28a7,2,1785268666644675413,1785268666646787934,2112
0x18ff2895,2,1785268666645748444,1785268666646787934,1039
0x18fe2895,2,1785268666646120997,1785268666646787934,666
0x18fe50a7,2,1785268666648994424,1785268666650797384,1802
0x18ffefa7,2,1785268666654068431,1785268666654802482,734
0x18ffa7ef,2,1785268666656441916,1785268666656792216,350
0x18ffe5f4,2,1785268666658116443,1785268666658828617,712
0x18ff28f4,2,1785268666658488515,1785268666658828617,340
0xc7f28,2,1785268666659462509,1785268666660816795,1354
0x18ffefa7,2,1785268666664736126,1785268666667039516,2303
0x1f2,1,1785268666664751663,1785268666667039516,2287
0x18fd50a7,2,1785268666665123420,1785268666667039516,1916
0x18ff28a7,2,1785268666665394937,1785268666667039516,1644
0x18ff9528,2,1785268666665767045,1785268666667039516,1272
0x18ff2895,2,1785268666666639614,1785268666668953565,2313
0x18fe2895,2,1785268666667012538,1785268666668953565,1941
0x18ffeff4,2,1785268666668886267,1785268666670960725,2074
0x18fe50a7,2,1785268666669959039,1785268666670960725,1001
0x18ffefa7,2,1785268666675033323,1785268666676926983,1893
0x18ffa7ef,2,1785268666677407568,1785268666678943921,1536
0x18fe50a7,2,1785268666680181662,1785268666680960933,779
0x18ffefa7,2,1785268666685555648,1785268666687165542,1609
0x1f2,1,1785268666685571630,1785268666687165542,1593
0x18fd50a7,2,1785268666685943942,1785268666687165542,1221
0x18ff28a7,2,1785268666686216070,1785268666687165542,949
0x18ff9528,2,1785268666686588235,1785268666687165542,577
0x18ff2895,2,1785268666687562284,1785268666689068943,1506
0x18fe2895,2,1785268666687834653,1785268666689068943,1234
0x18fe50a7,2,1785268666690708691,1785268666691057344,348
0x18ffefa7,2,1785268666696082344,1785268666697071639,989
0x18fff5d4,2,1785268666696098381,1785268666697071639,973
0xc7fd3,2,1785268666698273701,1785268666699164355,890
0x18fe50a7,2,1785268666700947074,1785268666703178953,2231
0x18ffefa7,2,1785268666706321412,1785268666707287476,966
0x1f2,1,1785268666706337245,1785268666707287476,950
0x18fd50a7,2,1785268666706709613,1785268666707287476,577
0x18ff28a7,2,1785268666706983389,1785268666709288784,2305
0x18ff9528,2,1785268666707355665,1785268666709288784,1933
0x18ff2895,2,1785268666708527991,1785268666709288784,760
0x18fe2895,2,1785268666708544676,1785268666709288784,744
0x1801d08f,2,1785268666710618775,1785268666711173389,554
0xc7f28,2,1785268666711592732,1785268666713189920,1597
0xc7ff7,2,1785268666716567257,1785268666717196962,629
0xc7fd3,2,1785268666719141020,1785268666721335504,2194
0x18ff28ef,2,1785268666720013014,1785268666721335504,1322
0x18ff1eef,2,1785268666721125619,1785268666723321719,2196
0x18fe50a7,2,1785268666721911670,1785268666723321719,1410
0xe7fea,2,1785268666723806399,1785268666725301915,1495
0x18ffefa7,2,1785268666727388600,1785268666729418177,2029
0x1f2,1,1785268666727763486,1785268666729418177,1654
0x18fd50a7,2,1785268666728036299,1785268666729418177,1381
0x18ff28a7,2,1785268666728209280,1785268666729418177,1208
0x18ff9528,2,1785268666728481556,1785268666729418177,936
0x18ff2895,2,1785268666729356884,1785268666731337910,1981
0x18fe2895,2,1785268666729729363,1785268666731337910,1608
0x18fe50a7,2,1785268666732617568,1785268666733416884,799
0x18ffefa7,2,1785268666737700334,1785268666739437212,1736
0x30c,1,1785268666739377972,1785268666741442778,2064
0x18ffa7ef,2,1785268666740151763,1785268666741442778,1291
0x18fe50a7,2,1785268666742926913,1785268666743431752,504
0x18ffefa7,2,1785268666748303122,1785268666749543840,1240
0x1f2,1,1785268666748676119,1785268666749543840,867
0x18fd50a7,2,1785268666748947655,1785268666749543840,596
0x18ff28a7,2,1785268666749119283,1785268666749543840,424
0x18ff9528,2,1785268666749392522,1785268666751543387,2150
0x18ff2895,2,1785268666750366091,1785268666751543387,1177
0x18fe2895,2,1785268666750639089,1785268666751543387,904
0x18fe50a7,2,1785268666753513757,1785268666755571816,2058
0xc7ff7,2,1785268666758607115,1785268666759550690,943
0x18ffa7ef,2,1785268666760991230,1785268666761565515,574
0x18ff28f4,2,1785268666762968570,1785268666763574637,606
0x10ffd4f4,2,1785268666762985385,1785268666763574637,589
0x18fe50a7,2,1785268666763859417,1785268666765563666,1704
0xc7ff7,2,1785268666769236680,1785268666769668724,432
0x1f2,1,1785268666769612493,1785268666771795587,2183
0x18fd50a7,2,1785268666769884899,1785268666771795587,1910
0x18ff28a7,2,1785268666770057231,1785268666771795587,1738
0x18ff2895,2,1785268666770630857,1785268666771795587,1164
0x18fe2895,2,1785268666771003281,1785268666771795587,792
0x18ffeff4,2,1785268666773377507,1785268666775794108,2416
0x18fe50a7,2,1785268666774450390,1785268666775794108,1343
0xc7ff7,2,1785268666779524841,1785268666781683641,2158
0x18ffa7ef,2,1785268666781898474,1785268666783699948,1801
0x18fe50a7,2,1785268666784672569,1785268666785794328,1121
0x10ffd438,2,1785268666789246800,1785268666789809202,562
0xc7ff7,2,1785268666790121314,1785268666791921323,1800
0x1f2,1,1785268666790493367,1785268666791921323,1427
0x18fd50a7,2,1785268666790765550,1785268666791921323,1155
0x18ff28a7,2,1785268666790938049,1785268666791921323,983
0x18ff9528,2,1785268666791210418,1785268666791921323,710
0xc7f94,2,1785268666792384319,1785268666793828279,1443
0x18fe2895,2,1785268666792556892,1785268666793828279,1271
0x18fe50a7,2,1785268666795331560,1785268666795815771,484
0x18ffefa7,2,1785268666800705657,1785268666801920766,1215
0x10fff4d4,2,1785268666800722176,1785268666801920766,1198
0x10ff38d4,2,1785268666802997143,1785268666803951351,954
0xc7fd3,2,1785268666803169253,1785268666803951351,782
0x18fff5d4,2,1785268666804843262,1785268666805941269,1098
0x18fe50a7,2,1785268666805716960,1785268666807928891,2211
0xc7ff7,2,1785268666811091354,1785268666811953819,862
0x1f2,1,1785268666811463629,1785268666811953819,490
0x18fd50a7,2,1785268666811738072,1785268666814047922,2309
0x18ff28a7,2,1785268666811910182,1785268666814047922,2137
0x18ff9528,2,1785268666812483197,1785268666814047922,1564
0x18ff2895,2,1785268666812499456,1785268666814047922,1548
0x18fe2895,2,1785268666812872047,1785268666814047922,1175
0x1801d08f,2,1785268666815446179,1785268666815949656,503
0xc7f28,2,1785268666816420248,1785268666818054203,1633
0x18ffefa7,2,1785268666821394088,1785268666822060558,666
0x18ffa7ef,2,1785268666823868166,1785268666826085950,2217
0x18ff38ef,2,1785268666824840326,1785268666826085950,1245
0x18fe38ef,2,1785268666825914431,1785268666828084405,2169
0x18fe50a7,2,1785268666826687408,1785268666828084405,1396
0x1cfe50ef,2,1785268666827058906,1785268666828084405,1025
0x18fff4ef,2,1785268666828132621,1785268666830092212,1959
0x1cffd4f5,2,1785268666829204763,1785268666830092212,887
0x18ffefa7,2,1785268666831978617,1785268666834295159,2316
0x1f2,1,1785268666832651039,1785268666834295159,1644
0x18fd50a7,2,1785268666832922648,1785268666834295159,1372
0x18ff28a7,2,1785268666833095295,1785268666834295159,1199
0x18ff9528,2,1785268666833367423,1785268666834295159,927
0x18ff2895,2,1785268666834341917,1785268666836211688,1869
0x18fe2895,2,1785268666834713545,1785268666836211688,1498
0x18fe50a7,2,1785268666837487306,1785268666838172255,684
0x18ffefa7,2,1785268666842561627,1785268666844193120,1631
0x30c,1,1785268666844234895,1785268666846299834,2064
0x18ffa7ef,2,1785268666845306610,1785268666846299834,993
0x18ff28d0,2,1785268666845322981,1785268666846299834,976
0x18fe50a7,2,1785268666847799651,1785268666848295308,495
0x18ffefa7,2,1785268666852879065,1785268666854424543,1545
0x1f2,1,1785268666853552209,1785268666854424543,872
0x18fd50a7,2,1785268666853823800,1785268666854424543,600
0x18ff28a7,2,1785268666854197760,1785268666856424332,2226
0x18ff9528,2,1785268666854213927,1785268666856424332,2210
0x18ff2895,2,1785268666855185421,1785268666856424332,1238
0x18fe2895,2,1785268666855557104,1785268666856424332,867
0x18fe50a7,2,1785268666858330550,1785268666860317632,1987
0x18ffefa7,2,1785268666863403853,1785268666864329005,925
0x18ffa7ef,2,1785268666865776746,1785268666866344905,568
0x18ffe5f4,2,1785268666867450625,1785268666868469230,1018
0x18ff28f4,2,1785268666867821660,1785268666868469230,647
0x18fe28f4,2,1785268666868205676,1785268666870468259,2262
0x10ffd4f4,2,1785268666868577137,1785268666870468259,1891
0x18fe50a7,2,1785268666868650081,1785268666870468259,1818
0x18ffd0f4,2,1785268666871646914,1785268666872446807,799
0x1cff50f4,2,1785268666872028560,1785268666872446807,418
0x18ffeff4,2,1785268666872405539,1785268666874455262,2049
0x18ff9528,2,1785268666873278479,1785268666874455262,1176
0x18ffefa7,2,1785268666874353842,1785268666876569198,2215
0x1f2,1,1785268666874726099,1785268666876569198,1843
0x18fd50a7,2,1785268666874998098,1785268666876569198,1571
0x18ff28a7,2,1785268666875171449,1785268666876569198,1397
0x18ff2895,2,1785268666875642687,1785268666876569198,926
0x18fe2895,2,1785268666876014536,1785268666876569198,554
0x18fe50a7,2,1785268666879489441,1785268666880549275,1059
0x18ff38f4,2,1785268666882465812,1785268666884580334,2114
0x18ffefa7,2,1785268666884641762,1785268666886568567,1926
0xc7fd3,2,1785268666887116562,1785268666888557855,1441
0x18fe50a7,2,1785268666889790694,1785268666890574829,784
0x18ff9528,2,1785268666893465505,1785268666894580832,1115
0x18ffefa7,2,1785268666894939200,1785268666896802360,1863
0x1f2,1,1785268666895612029,1785268666896802360,1190
0x18fd50a7,2,1785268666895884101,1785268666896802360,918
0x18ff28a7,2,1785268666896056249,1785268666896802360,746
0x18ff2895,2,1785268666896530320,1785268666898722871,2192
0x18fe2895,2,1785268666896902688,1785268666898722871,1820
0x18fe50a7,2,1785268666900379148,1785268666902700023,2320
0x18ffefa7,2,1785268666905450710,1785268666906695063,1244
0x10fff4d4,2,1785268666906022874,1785268666906695063,672
0xc7fd3,2,1785268666908197249,1785268666908801647,604
0x18fff5d4,2,1785268666908369267,1785268666908801647,432
0x18fe50a7,2,1785268666910743438,1785268666912801854,2058
0x18ff9528,2,1785268666914417453,1785268666914812105,394
0x18ffefa7,2,1785268666915890740,1785268666916830394,939
0x1f2,1,1785268666916572069,1785268666918927367,2355
0x18fd50a7,2,1785268666916847568,1785268666918927367,2079
0x18ff28a7,2,1785268666917019641,1785268666918927367,1907
0x18ff2895,2,1785268666918107930,1785268666918927367,819
0xc7f14,2,1785268666918594872,1785268666920805971,2211
0xc00e8,2,1785268666920669489,1785268666922842630,2173
0x18fe50a7,2,1785268666921442225,1785268666922842630,1400
0x18ffefa7,2,1785268666926517083,1785268666926848984,331
0x1cffd4f5,2,1785268666928990383,1785268666931053450,2063
0x18ffa7ef,2,1785268666929362344,1785268666931053450,1691
0x1cfed4f5,2,1785268666929378936,1785268666931053450,1674
0xc7f94,2,1785268666930152154,1785268666931053450,901
0x18ff1eef,2,1785268666931225833,1785268666932951183,1725
0xc7f28,2,1785268666931897680,1785268666932951183,1053
0x18ff9528,2,1785268666935571732,1785268666936927686,1355
0x18ffefa7,2,1785268666937044909,1785268666939053233,2008
0x1f2,1,1785268666937616572,1785268666939053233,1436
0xc7ea8,2,1785268666937988144,1785268666939053233,1065
0x18ff28a7,2,1785268666938004644,1785268666939053233,1048
0x18ff2895,2,1785268666939192062,1785268666941053596,1861
0x18fe2895,2,1785268666939570134,1785268666941053596,1483
0x18fe50a7,2,1785268666942449783,1785268666943054570,604
0x18ffefa7,2,1785268666947546901,1785268666949078731,1531
0x30c,1,1785268666949240391,1785268666951089372,1848
0x18ffa7ef,2,1785268666950117941,1785268666951089372,971
0xc7f28,2,1785268666952794369,1785268666955065579,2271
0x18ff9528,2,1785268666956569254,1785268666957082774,513
0x18ffefa7,2,1785268666958109485,1785268666959179026,1069
0x0,0,1785268666958281595,1785268666959179026,897
0x18fd50a7,2,1785268666958553075,1785268666959179026,625
0x18ff28a7,2,1785268666958926128,1785268666961222388,2296
0x18ff2895,2,1785268666960397508,1785268666961222388,824
0x18fe2895,2,1785268666960413916,1785268666961222388,808
0x18fe50a7,2,1785268666963287750,1785268666965180780,1893
0x18ff28f4,2,1785268666966261473,1785268666967187643,926
0x18ffefa7,2,1785268666968435497,1785268666969179783,744
0x18ffa7ef,2,1785268666970909852,1785268666971190386,280
0xc7f28,2,1785268666973582188,1785268666975300796,1718
0x18ffeff4,2,1785268666976555670,1785268666977325307,769
0x18ff9528,2,1785268666977328869,1785268666979338447,2009
0x18ffefa7,2,1785268666978802286,1785268666979338447,536
0x1f2,1,1785268666979087174,1785268666981431124,2343
0xc7ea8,2,1785268666979559208,1785268666981431124,1871
0x18ff28a7,2,1785268666979830373,1785268666981431124,1600
0x18ff2895,2,1785268666980401666,1785268666981431124,1029
0x18fe2895,2,1785268666980773145,1785268666981431124,657
0x18fe50a7,2,1785268666984249013,1785268666985318683,1069
0x18ffefa7,2,1785268666989324130,1785268666991347401,2023
0x18ffa7ef,2,1785268666991798356,1785268666993450874,1652
0x18fe50a7,2,1785268666994472099,1785268666995440329,968
0x18ff9528,2,1785268666998146336,1785268666999466036,1319
0x10ffd438,2,1785268666998519056,1785268666999466036,946
0x18ffefa7,2,1785268666999693012,1785268667001556824,1863
0x1f2,1,1785268667000265212,1785268667001556824,1291
0xc7ea8,2,1785268667000437193,1785268667001556824,1119
0x18ff28a7,2,1785268667000709839,1785268667001556824,846
0xc7f94,2,1785268667001283928,1785268667003462372,2178
0xc7f14,2,1785268667001656074,1785268667003462372,1806
0x18fe50a7,2,1785268667005130072,1785268667005475957,345
0x10ff38d4,2,1785268667010004339,1785268667011576933,1572
0x18ffefa7,2,1785268667010276633,1785268667011576933,1300
0x18fff5d4,2,1785268667011950549,1785268667013586499,1635
0x18ffa7ef,2,1785268667012822655,1785268667013586499,763
0x18fe50a7,2,1785268667015497250,1785268667017563373,2066
0x18ff9528,2,1785268667019271579,1785268667019579106,307
0x18ffefa7,2,1785268667020845644,1785268667021682635,836
0x0,0,1785268667021018235,1785268667021682635,664
0x18fd50a7,2,1785268667021290900,1785268667021682635,391
0x18ff28a7,2,1785268667021664528,1785268667023682905,2018
0x18ff2895,2,1785268667023136963,1785268667023682905,545
0x18fe2895,2,1785268667023153445,1785268667023682905,529
0x1801d08f,2,1785268667025227747,1785268667025711175,483
0x18fe50a7,2,1785268667026109390,1785268667027698648,1589
0x18ffefa7,2,1785268667031184155,1785268667031705151,520
0x18ffa7ef,2,1785268667033658122,1785268667035808284,2150
0x1cffd4f5,2,1785268667034030823,1785268667035808284,1777
0x18ffd0ef,2,1785268667034803800,1785268667035808284,1004
0x18ff95ef,2,1785268667035877664,1785268667037814368,1936
0x18fe50a7,2,1785268667036549401,1785268667037814368,1264
0x10ff38ef,2,1785268667037021546,1785268667037814368,792
0x18ff9528,2,1785268667040395304,1785268667041811279,1415
0x18ffefa7,2,1785268667041968813,1785268667043934308,1965
0x1f2,1,1785268667042140960,1785268667043934308,1793
0x18fd50a7,2,1785268667042412828,1785268667043934308,1521
0x18ff28a7,2,1785268667042784678,1785268667043934308,1149
0x18ff2895,2,1785268667043958393,1785268667045835115,1876
0xc7f14,2,1785268667044430113,1785268667045835115,1405
0x18fe50a7,2,1785268667047223688,1785268667047825052,601
0x18ffefa7,2,1785268667052306787,1785268667053933713,1626
0x18ff28d0,2,1785268667053382447,1785268667053933713,551
0x30c,1,1785268667054257701,1785268667055934742,1677
0x18ffa7ef,2,1785268667054930827,1785268667055934742,1003
0x18fe50a7,2,1785268667057605163,1785268667059937320,2332
0x18ff9528,2,1785268667061380325,1785268667061952052,571
0x18ffefa7,2,1785268667062954630,1785268667063979785,1025
0x1f2,1,1785268667063127666,1785268667063979785,852
0x18fd50a7,2,1785268667063400443,1785268667063979785,579
0x18ff28a7,2,1785268667063774533,1785268667066060277,2285
0x18ff2895,2,1785268667064946767,1785268667066060277,1113
0x18fe2895,2,1785268667065319838,1785268667066060277,740
0x18fe50a7,2,1785268667068195062,1785268667070060836,1865
0x18ffe5f4,2,1785268667071169266,1785268667072107180,937
0x18ff28f4,2,1785268667071541412,1785268667072107180,565
0x18ffefa7,2,1785268667073415438,1785268667074068394,652
0x18ffa7ef,2,1785268667075889349,1785268667078072379,2183
0x18fe50a7,2,1785268667078563981,1785268667080063630,1499
0x18ffeff4,2,1785268667081537666,1785268667082077937,540
0x18ff9528,2,1785268667082412606,1785268667084097281,1684
0x18ffefa7,2,1785268667083986467,1785268667086308791,2322
0x1f2,1,1785268667084158836,1785268667086308791,2149
0x18fd50a7,2,1785268667084657907,1785268667086308791,1650
0x18ff28a7,2,1785268667085040479,1785268667086308791,1268
0xc7f94,2,1785268667086518859,1785268667088208969,1690
0xc7f14,2,1785268667086535914,1785268667088208969,1673
0x18fe50a7,2,1785268667089409693,1785268667090196221,786
0x18ffefa7,2,1785268667094498829,1785268667096192234,1693
0x18ffa7ef,2,1785268667096977833,1785268667098208615,1230
0x18fe50a7,2,1785268667099654057,1785268667100224996,570
0x18ff9528,2,1785268667103540237,1785268667104312314,772
0x18ffefa7,2,1785268667105018488,1785268667106438046,1419
0x0,0,1785268667105191265,1785268667106438046,1246
0x18fd50a7,2,1785268667105462948,1785268667106438046,975
0x18ff28a7,2,1785268667105833853,1785268667106438046,604
0x18ff2895,2,1785268667106408016,1785268667108342409,1934
0x18fe2895,2,1785268667106778718,1785268667108342409,1563
0x18fe50a7,2,1785268667110254827,1785268667112314727,2059
0x18ffefa7,2,1785268667115330074,1785268667116437989,1107
0x1cff50d4,2,1785268667115803071,1785268667116437989,634
0x18ffa7ef,2,1785268667117877188,1785268667118450111,572
0x18fff5d4,2,1785268667118150242,1785268667120437196,2286
0x18fe50a7,2,1785268667120624060,1785268667122453780,1829
0x18ff9528,2,1785268667124398297,1785268667126563709,2165
0x18ffefa7,2,1785268667125970806,1785268667126563709,592
0x0,0,1785268667126143990,1785268667126563709,419
0x18fd50a7,2,1785268667126417970,1785268667128563386,2145
0x18ff28a7,2,1785268667126789856,1785268667128563386,1773
0x18ff2895,2,1785268667128062404,1785268667128563386,500
0x18fe2895,2,1785268667128336125,1785268667130485175,2149
0x1801d08f,2,1785268667130410372,1785268667132608260,2197
0x18fe50a7,2,1785268667131283107,1785268667132608260,1325
0x18ffefa7,2,1785268667136357947,1785268667138571792,2213
0x18ffa7ef,2,1785268667138832284,1785268667140598747,1766
0x1cffd4f5,2,1785268667140104424,1785268667140598747,494
0x18ff28ef,2,1785268667140120887,1785268667140598747,477
0xc7f8f,2,1785268667140994882,1785268667142607461,1612
0x18fe50a7,2,1785268667141667026,1785268667142607461,940
0x18ff9528,2,1785268667145741798,1785268667146688946,947
0x18ffefa7,2,1785268667147016568,1785268667148816085,1799
0x1f2,1,1785268667147188585,1785268667148816085,1627
0x18fd50a7,2,1785268667147460602,1785268667148816085,1355
0x18ff28a7,2,1785268667147832804,1785268667148816085,983
0x18ff2895,2,1785268667149107407,1785268667150724115,1616
0x18fe2895,2,1785268667149379905,1785268667150724115,1344
0x18fe50a7,2,1785268667152254240,1785268667152688922,434
0x18ffefa7,2,1785268667157327968,1785268667158705454,1377
0x30c,1,1785268667159002921,1785268667160815872,1812
0x18ffa7ef,2,1785268667159875509,1785268667160815872,940
0x18fe50a7,2,1785268667162550067,1785268667164815246,2265
0x18ff9528,2,1785268667166324414,1785268667166820997,496
0xc7ff7,2,1785268667167898145,1785268667168858452,960
0x1f2,1,1785268667168270217,1785268667168858452,588
0x18fd50a7,2,1785268667168643993,1785268667170940963,2296
0x18ff28a7,2,1785268667168659715,1785268667170940963,2281
0x18ff2895,2,1785268667169832634,1785268667170940963,1108
0x18fe2895,2,1785268667170205557,1785268667170940963,735
0x18fe50a7,2,1785268667173079873,1785268667174823651,1743
0x18ff28f4,2,1785268667176054355,1785268667176861180,806
0x10ffd4f4,2,1785268667176426520,1785268667176861180,434
0x18ffefa7,2,1785268667178301231,1785268667178940283,639
0x18ffa7ef,2,1785268667180775031,1785268667182941027,2165
0x18fe50a7,2,1785268667183449015,1785268667184958093,1509
0x18ffeff4,2,1785268667186423052,1785268667186947104,524
0x18ff9528,2,1785268667187704137,1785268667188964115,1259
0xc7ff7,2,1785268667189007277,1785268667191067181,2059
0x1f2,1,1785268667189389331,1785268667191067181,1677
0x18fd50a7,2,1785268667189766199,1785268667191067181,1300
0x18ff28a7,2,1785268667189783513,1785268667191067181,1283
0x18ff2895,2,1785268667190961340,1785268667193103914,2142
0x18fe2895,2,1785268667191333560,1785268667193103914,1770
0xc7f28,2,1785268667194233598,1785268667195092980,859
0x18ffefa7,2,1785268667199316308,1785268667201086327,1770
0x18ffa7ef,2,1785268667201792478,1785268667203073208,1280
0x18fe50a7,2,1785268667204468147,1785268667205092182,624
0x18ff9528,2,1785268667208648196,1785268667209192462,544
0x10ffd438,2,1785268667209039916,1785268667211315361,2275
0xc7ff7,2,1785268667209919410,1785268667211315361,1395
0x1f2,1,1785268667210293853,1785268667211315361,1021
0x18fd50a7,2,1785268667210665536,1785268667211315361,649
0x18ff28a7,2,1785268667210681998,1785268667211315361,633
0x18ff2895,2,1785268667211856454,1785268667213228669,1372
0xc7f14,2,1785268667212328211,1785268667213228669,900
0xc7f28,2,1785268667215101712,1785268667217207079,2105
0x10fff4d4,2,1785268667219682426,1785268667221230971,1548
0xc7ff7,2,1785268667220256089,1785268667221230971,974
0x10ff38d4,2,1785268667221830357,1785268667223236074,1405
0x18ffa7ef,2,1785268667222803777,1785268667223236074,432
0x18fff5d4,2,1785268667223977085,1785268667225314714,1337
0x18fe50a7,2,1785268667225550483,1785268667227325318,1774
0x18ff9528,2,1785268667229624088,1785268667231353450,1729
0x18ffefa7,2,1785268667230896895,1785268667231353450,456
0x1f2,1,1785268667231270152,1785268667233444590,2174
0x18fd50a7,2,1785268667231641446,1785268667233444590,1803
0x18ff28a7,2,1785268667231657835,1785268667233444590,1786
0x18ff2895,2,1785268667232829587,1785268667233444590,615
0x18fe2895,2,1785268667233202696,1785268667235325527,2122
0x1801d08f,2,1785268667235276739,1785268667237367316,2090
0xc7f28,2,1785268667236147604,1785268667237367316,1219
0xc7ff7,2,1785268667241222981,1785268667243456403,2233
0x18ffa7ef,2,1785268667243596966,1785268667245465377,1868
0xe7fea,2,1785268667245270105,1785268667247473073,2202
0x18fe50a7,2,1785268667246442005,1785268667247473073,1031
0x18ff9528,2,1785268667250418425,1785268667251449243,1030
0x18ffefa7,2,1785268667251792473,1785268667253570549,1778
0x1f2,1,1785268667252163618,1785268667253570549,1406
0x18fd50a7,2,1785268667252534690,1785268667253570549,1035
0x18ff28a7,2,1785268667252550912,1785268667253570549,1019
0x18ff2895,2,1785268667253723516,1785268667255569727,1846
0x18fe2895,2,1785268667254104496,1785268667255569727,1465
0xc7f28,2,1785268667256978312,1785268667257578571,600
0xc7ff7,2,1785268667262073022,1785268667263570418,1497
0x18ff28d0,2,1785268667263558309,1785268667265696632,2138
0x30c,1,1785268667263932881,1785268667265696632,1763
0x18ffa7ef,2,1785268667264606340,1785268667265696632,1090
0x18fe50a7,2,1785268667267381545,1785268667269575135,2193
0x18ff9528,2,1785268667271357151,1785268667273695897,2338
0x18ffefa7,2,1785268667272730254,1785268667273695897,965
0x1f2,1,1785268667273102918,1785268667273695897,592
0x18fd50a7,2,1785268667273477416,1785268667275821759,2344
0x18ff28a7,2,1785268667273493638,1785268667275821759,2328
0x18ff2895,2,1785268667274666668,1785268667275821759,1155
0xc7f14,2,1785268667275138961,1785268667275821759,682
0x18fe50a7,2,1785268667277912630,1785268667279697837,1785
0x18ffe5f4,2,1785268667281186647,1785268667281735514,548
0x18ff28f4,2,1785268667281202832,1785268667281735514,532
0x18ffefa7,2,1785268667283077117,1785268667283695932,618
0x18ffa7ef,2,1785268667285450992,1785268667287729194,2278
0x18fe50a7,2,1785268667288226142,1785268667289831705,1605
0x18ffeff4,2,1785268667291239457,1785268667291821530,582
0x18ff9528,2,1785268667292343395,1785268667293856911,1513
0x18ffefa7,2,1785268667293406184,1785268667293856911,450
0x1f2,1,1785268667294060032,1785268667295855403,1795
0x18fd50a7,2,1785268667294412771,1785268667295855403,1442
0x18ff28a7,2,1785268667294503900,1785268667295855403,1351
0x18ff2895,2,1785268667295917669,1785268667297863322,1945
0x18fe2895,2,1785268667296038761,1785268667297863322,1824
0x18fe50a7,2,1785268667298865281,1785268667299946739,1081
0x18ffefa7,2,1785268667303921658,1785268667305959716,2038
0x18ffa7ef,2,1785268667306377162,1785268667307949375,1572
0x18fe50a7,2,1785268667309091238,1785268667309947645,856
0x18ff9528,2,1785268667313136232,1785268667313972185,835
0x18ffefa7,2,1785268667314510687,1785268667316074362,1563
0x1f2,1,1785268667314873166,1785268667316074362,1201
0x18fd50a7,2,1785268667315225627,1785268667316074362,848
0x18ff28a7,2,1785268667315318052,1785268667316074362,756
0x18ff2895,2,1785268667316462471,1785268667318112206,1649
0xc7f14,2,1785268667316924950,1785268667318112206,1187
0x18fe50a7,2,1785268667319679785,1785268667320073032,393
0x18ffefa7,2,1785268667324733829,1785268667326086471,1352
0x18fff5d4,2,1785268667325236141,1785268667326086471,850
0xc7fd3,2,1785268667327340961,1785268667328075408,734
0x18fe50a7,2,1785268667329974834,1785268667332108670,2133
0x18ff9528,2,1785268667334039087,1785268667336199617,2160
0x18ffefa7,2,1785268667335102248,1785268667336199617,1097
0x1f2,1,1785268667335754633,1785268667336199617,444
0x18fd50a7,2,1785268667336108390,1785268667338321831,2213
0x18ff28a7,2,1785268667336200204,1785268667338321831,2121
0x18ff2895,2,1785268667337342586,1785268667338321831,979
0xc7f14,2,1785268667337805731,1785268667338321831,516
0x1801d08f,2,1785268667339829849,1785268667340199083,369
0x18fe50a7,2,1785268667340633900,1785268667342210131,1576
0x18ffefa7,2,1785268667345687721,1785268667346212375,524
0x18ffa7ef,2,1785268667348241872,1785268667350236970,1995
0x18ff28ef,2,1785268667349214385,1785268667350236970,1022
0x18ff1eef,2,1785268667350579228,1785268667352322258,1743
0x1cffd4f5,2,1785268667350670857,1785268667352322258,1651
0x18fe50a7,2,1785268667351072651,1785268667352322258,1249
0x18ffd0ef,2,1785268667351504871,1785268667352322258,817
0x18ff95ef,2,1785268667352578624,1785268667354340491,1761
0x87f9c,2,1785268667353751376,1785268667354340491,589
0x18ff38ef,2,1785268667354755481,1785268667356450853,1695
0x18ff9528,2,1785268667355519902,1785268667356450853,930
0x18fe38ef,2,1785268667355903548,1785268667356450853,547
0x18ffefa7,2,1785268667356618118,1785268667358451716,1833
0x1f2,1,1785268667356970782,1785268667358451716,1480
0xc7ea8,2,1785268667357403021,1785268667358451716,1048
0x18ff28a7,2,1785268667357965554,1785268667358451716,486
0x1cfe50ef,2,1785268667358058406,1785268667360451708,2393
0x18ff2895,2,1785268667359151954,1785268667360451708,1299
0xc7f14,2,1785268667359304842,1785268667360451708,1146
0x18fff4ef,2,1785268667359607526,1785268667360451708,844
0x18fe50a7,2,1785268667362201695,1785268667364355730,2154
0x18ffefa7,2,1785268667367256313,1785268667368450418,1194
0x30c,1,1785268667369010636,1785268667370486095,1475
0x18ffa7ef,2,1785268667369783205,1785268667370486095,702
0x18fe50a7,2,1785268667372497059,1785268667374461691,1964
0x18ff9528,2,1785268667376571238,1785268667378486657,1915
0x18ffefa7,2,1785268667377643287,1785268667378486657,843
0x1f2,1,1785268667378277358,1785268667380577852,2300
0x18fd50a7,2,1785268667378628948,1785268667380577852,1948
0xc7f94,2,1785268667378781836,1785268667380577852,1796
0x18ff2895,2,1785268667379884311,1785268667380577852,693
0x18fe2895,2,1785268667380262327,1785268667382578326,2315
0x18fe50a7,2,1785268667383087329,1785268667384594800,1507
0x18ff28f4,2,1785268667386109199,1785268667386585144,475
0x18fe28f4,2,1785268667386470827,1785268667388576580,2105
0x18ffefa7,2,1785268667388300279,1785268667390591776,2291
0x18ffa7ef,2,1785268667390746227,1785268667392607454,1861
0x18fe50a7,2,1785268667393460507,1785268667394702260,1241
0x1cff50f4,2,1785268667396478544,1785268667398827948,2349
0x18ffeff4,2,1785268667396839264,1785268667398827948,1988
0x18ff9528,2,1785268667397792221,1785268667398827948,1035
0x18ffefa7,2,1785268667398746993,1785268667400829107,2082
0x1f2,1,1785268667399379156,1785268667400829107,1449
0x18fd50a7,2,1785268667399739728,1785268667400829107,1089
0xc7f94,2,1785268667399892505,1785268667400829107,936
0x18ff2895,2,1785268667400942980,1785268667402725137,1782
0x18fe2895,2,1785268667401303404,1785268667402725137,1421
0x18fe50a7,2,1785268667404193868,1785268667404712833,518
0x18ff38f4,2,1785268667407194294,1785268667408748002,1553
0x18ffefa7,2,1785268667409318559,1785268667410827513,1508
0x18ffa7ef,2,1785268667411772526,1785268667412843338,1070
0x18fe50a7,2,1785268667414487084,1785268667414829997,342
0x18ff9528,2,1785268667418681614,1785268667420954807,2273
0x10ffd438,2,1785268667419033908,1785268667420954807,1920
0x18ffefa7,2,1785268667419706904,1785268667420954807,1247
0x1f2,1,1785268667420339308,1785268667420954807,615
0x18fd50a7,2,1785268667420693620,1785268667422955021,2261
0xc7f94,2,1785268667420846082,1785268667422955021,2108
0xc7f94,2,1785268667422008723,1785268667422955021,946
0x18fe2895,2,1785268667422321370,1785268667422955021,633
0x18fe50a7,2,1785268667425145223,1785268667426962005,1816
0x10ff38d4,2,1785268667429589604,1785268667430987323,1397
0x18ffefa7,2,1785268667430292766,1785268667430987323,694
0x18fff5d4,2,1785268667431706517,1785268667432975482,1268
0x18ffa7ef,2,1785268667432800436,1785268667434962345,2161
0xc7f28,2,1785268667435594956,1785268667436954856,1359
0x18ff9528,2,1785268667439639024,1785268667441080506,1441
0x18ffefa7,2,1785268667440661685,1785268667441080506,418
0x1f2,1,1785268667441296163,1785268667443119498,1823
0x18fd50a7,2,1785268667441648957,1785268667443119498,1470
0xc7f94,2,1785268667441801308,1785268667443119498,1318
0x18ff2895,2,1785268667442885542,1785268667445097565,2212
0x18fe2895,2,1785268667443277280,1785268667445097565,1820
0x1801d08f,2,1785268667445371342,1785268667447104742,1733
0x18fe50a7,2,1785268667446174541,1785268667447104742,930
0x18ffefa7,2,1785268667451248399,1785268667453099756,1851
0x18ffa7ef,2,1785268667453682032,1785268667455086600,1404
0x18fe50a7,2,1785268667456395720,1785268667457206129,810
0x1cffd4f5,2,1785268667456757440,1785268667457206129,448
0x18ff9528,2,1785268667460661768,1785268667461206539,544
0x18ffefa7,2,1785268667461615318,1785268667463328623,1713
0x1f2,1,1785268667462248221,1785268667463328623,1080
0xc7ea8,2,1785268667462600645,1785268667463328623,727
0x18ff28a7,2,1785268667462693052,1785268667463328623,635
0x18ff2895,2,1785268667463857045,1785268667465214653,1357
0x18fe2895,2,1785268667464229228,1785268667465214653,985
0x18fe50a7,2,1785268667467053285,1785268667469218545,2165
0x18ffefa7,2,1785268667472127680,1785268667473224992,1097
0x30c,1,1785268667474071187,1785268667475328892,1257
0x18ff28d0,2,1785268667474154427,1785268667475328892,1174
0x18ffa7ef,2,1785268667474706350,1785268667475328892,622
0xc7f28,2,1785268667477500407,1785268667479341154,1840
0x18ff9528,2,1785268667481574568,1785268667483370712,1796
0x18ffefa7,2,1785268667482568339,1785268667483370712,802
0x1f2,1,1785268667483201595,1785268667485458297,2256
0x18fd50a7,2,1785268667483553945,1785268667485458297,1904
0xc7f94,2,1785268667483705999,1785268667485458297,1752
0x18ff2895,2,1785268667484818585,1785268667485458297,639
0x18fe2895,2,1785268667485182676,1785268667487343234,2160
0x18fe50a7,2,1785268667488006955,1785268667489366522,1359
0x18ffe5f4,2,1785268667491010863,1785268667491471681,460
0x18ff28f4,2,1785268667491394583,1785268667493480988,2086
0x10ffd4f4,2,1785268667491766543,1785268667493480988,1714
0x18ffefa7,2,1785268667493300775,1785268667495467832,2167
0x18ffa7ef,2,1785268667495735538,1785268667497457472,1721
0x18fe50a7,2,1785268667498449336,1785268667499474261,1024
0x18ffeff4,2,1785268667501542836,1785268667503499208,1956
0x18ff9528,2,1785268667502615756,1785268667503499208,883
0x18ffefa7,2,1785268667503989747,1785268667505709533,1719
0x1f2,1,1785268667504006192,1785268667505709533,1703
0x18fd50a7,2,1785268667504378486,1785268667505709533,1331
0x18ff28a7,2,1785268667504650540,1785268667505709533,1058
0x18ff2895,2,1785268667505924995,1785268667507610100,1685
0x18fe2895,2,1785268667506197345,1785268667507610100,1412
0x18fe50a7,2,1785268667509071513,1785268667509597518,526
0x18ffefa7,2,1785268667514145797,1785268667515594050,1448
0x18ffa7ef,2,1785268667516519505,1785268667517612505,1093
0x18fe50a7,2,1785268667519294581,1785268667519717016,422
0x18ff9528,2,1785268667523568074,1785268667525835307,2267
0x18ffefa7,2,1785268667524440402,1785268667525835307,1394
0x1f2,1,1785268667524813011,1785268667525835307,1022
0xc7ea8,2,1785268667525185342,1785268667525835307,649
0x18ff28a7,2,1785268667525458284,1785268667527738707,2280
0x18ff2895,2,1785268667526732240,1785268667527738707,1006
0x18fe2895,2,1785268667527004016,1785268667527738707,734
0x18fe50a7,2,1785268667529877906,1785268667531715728,1837
0x18ffefa7,2,1785268667535252429,1785268667535741972,489
0x10fff4d4,2,1785268667535268188,1785268667535741972,473
0x18fff5d4,2,1785268667537541934,1785268667539857049,2315
0x18ffa7ef,2,1785268667537714247,1785268667539857049,2142
0x18fe50a7,2,1785268667540188751,1785268667541842300,1653
0x18ff9528,2,1785268667544462448,1785268667545865988,1403
0x18ffefa7,2,1785268667545334183,1785268667545865988,531
0x1f2,1,1785268667545908661,1785268667547961387,2052
0xc7ea8,2,1785268667546281288,1785268667547961387,1680
0x18ff28a7,2,1785268667546297455,1785268667547961387,1663
0x18ff2895,2,1785268667547470207,1785268667547961387,491
0x18fe2895,2,1785268667547844835,1785268667549843639,1998
0x1801d08f,2,1785268667549918803,1785268667551880854,1962
0x18fe50a7,2,1785268667550791724,1785268667551880854,1089
0x18ffefa7,2,1785268667555867212,1785268667557960682,2093
0x18ffa7ef,2,1785268667558341679,1785268667559996285,1654
0x18ff28ef,2,1785268667559313413,1785268667559996285,682
0xc7f8f,2,1785268667560487536,1785268667561975926,1488
0x18fe50a7,2,1785268667561159810,1785268667561975926,816
0x1cffd4f5,2,1785268667561833472,1785268667563962936,2129
0x18ff9528,2,1785268667565407173,1785268667565979355,572
0xc7ff7,2,1785268667566682147,1785268667568087328,1405
0x1f2,1,1785268667567054015,1785268667568087328,1033
0x18fd50a7,2,1785268667567326180,1785268667568087328,761
0x18ff28a7,2,1785268667567498790,1785268667568087328,588
0x18ff2895,2,1785268667568572765,1785268667570121690,1548
0x18fe2895,2,1785268667568945022,1785268667570121690,1176
0x18fe50a7,2,1785268667571819375,1785268667574099156,2279
0x18ffefa7,2,1785268667576893863,1785268667578086882,1193
0x30c,1,1785268667578568186,1785268667580112151,1543
0x18ffa7ef,2,1785268667579340311,1785268667580112151,771
0x18fe50a7,2,1785268667582114665,1785268667584118432,2003
0x18ff9528,2,1785268667586388583,1785268667588248453,1859
0x18ffefa7,2,1785268667587560613,1785268667588248453,687
0x1f2,1,1785268667587577113,1785268667588248453,671
0x18fd50a7,2,1785268667587950018,1785268667590334982,2384
0x18ff28a7,2,1785268667588222721,1785268667590334982,2112
0x18ff2895,2,1785268667589395862,1785268667590334982,939
0x18fe2895,2,1785268667589768378,1785268667590334982,566
0x18fe50a7,2,1785268667592643898,1785268667594214856,1570
0x18ffefa7,2,1785268667597717904,1785268667598221229,503
0x18ffa7ef,2,1785268667600092279,1785268667602243751,2151
0x18ff28f4,2,1785268667601764805,1785268667602243751,478
0x18fe50a7,2,1785268667602939095,1785268667604339872,1400
0x18ff9528,2,1785268667607314846,1785268667608351968,1037
0x18ffefa7,2,1785268667608389488,1785268667610464756,2075
0x0,0,1785268667608406284,1785268667610464756,2058
0x18fd50a7,2,1785268667608778689,1785268667610464756,1686
0x18ff28a7,2,1785268667609050669,1785268667610464756,1414
0x18ff2895,2,1785268667610224903,1785268667612347989,2123
0xc7f14,2,1785268667610696992,1785268667612347989,1650
0x18ffeff4,2,1785268667612471074,1785268667614356556,1885
0x18fe50a7,2,1785268667613543049,1785268667614356556,813
0x18ffefa7,2,1785268667618623907,1785268667620348088,1724
0x18ffa7ef,2,1785268667620998449,1785268667622463987,1465
0x18fe50a7,2,1785268667623772821,1785268667624474442,701
0x18ff9528,2,1785268667628346830,1785268667630591585,2244
0x10ffd438,2,1785268667628362941,1785268667630591585,2228
0x18ffefa7,2,1785268667629235158,1785268667630591585,1356
0x0,0,1785268667629251751,1785268667630591585,1339
0x18fd50a7,2,1785268667629623897,1785268667630591585,967
0x18ff28a7,2,1785268667629896043,1785268667630591585,695
0x18ff2895,2,1785268667631070369,1785268667632487578,1417
0x18fe2895,2,1785268667631442515,1785268667632487578,1045
0x18fe50a7,2,1785268667634316516,1785268667636493877,2177
0x1cff50d4,2,1785268667638690175,1785268667640590824,1900
0x18ffefa7,2,1785268667639462319,1785268667640590824,1128
0x10ff38d4,2,1785268667640736107,1785268667642613464,1877
0x18ffa7ef,2,1785268667641908008,1785268667642613464,705
0x18fff5d4,2,1785268667642881854,1785268667644600716,1718
0x18fe50a7,2,1785268667644755342,1785268667646591023,1835
0x18ff9528,2,1785268667649029446,1785268667650634341,1604
0x18ffefa7,2,1785268667650201976,1785268667650634341,432
0x0,0,1785268667650218013,1785268667650634341,416
0x18fd50a7,2,1785268667650591992,1785268667652716462,2124
0x18ff28a7,2,1785268667650863787,1785268667652716462,1852
0x18ff2895,2,1785268667652036058,1785268667652716462,680
0xc7f14,2,1785268667652510110,1785268667654716214,2206
0x1801d08f,2,1785268667654497376,1785268667656745002,2247
0xc7f28,2,1785268667655469556,1785268667656745002,1275
0x18ffefa7,2,1785268667660443581,1785268667662716220,2272
0x18ffa7ef,2,1785268667662917955,1785268667664757545,1839
0x18ffd0ef,2,1785268667663889653,1785268667664757545,867
0x18ff95ef,2,1785268667664963220,1785268667666842963,1879
0xc7f28,2,1785268667665834993,1785268667666842963,1007
0x10ff38ef,2,1785268667666107917,1785268667666842963,735
0x1cffd4f5,2,1785268667667081356,1785268667668763474,1682
0x18ff9528,2,1785268667670155411,1785268667670841614,686
0x18ffefa7,2,1785268667671329034,1785268667672968143,1639
0x1f2,1,1785268667671344793,1785268667672968143,1623
0x18fd50a7,2,1785268667671716754,1785268667672968143,1251
0x18ff28a7,2,1785268667671988937,1785268667672968143,979
0x18ff2895,2,1785268667673462558,1785268667674864821,1402
0xc7f14,2,1785268667673478558,1785268667674864821,1386
0xc7f28,2,1785268667676452670,1785268667676853220,400
0x18ffefa7,2,1785268667681426658,1785268667682846827,1420
0x30c,1,1785268667683100722,1785268667684968170,1867
0x18ff28d0,2,1785268667683772385,1785268667684968170,1195
0x18ffa7ef,2,1785268667684144623,1785268667684968170,823
0x18fe50a7,2,1785268667686718923,1785268667688968655,2249
0x18ff9528,2,1785268667691193173,1785268667693011639,1818
0x18ffefa7,2,1785268667692165353,1785268667693011639,846
0x1f2,1,1785268667692537443,1785268667693011639,474
0x18fd50a7,2,1785268667692911200,1785268667695094057,2182
0x18ff28a7,2,1785268667692926848,1785268667695094057,2167
0x18ff2895,2,1785268667693999656,1785268667695094057,1094
0x18fe2895,2,1785268667694372432,1785268667695094057,721
0x18fe50a7,2,1785268667697245896,1785268667698976597,1730
0x18ffefa7,2,1785268667702320088,1785268667703011767,691
0x18ffa7ef,2,1785268667704693221,1785268667705093592,400
0x18ffe5f4,2,1785268667706378526,1785268667707122529,744
0x18ff28f4,2,1785268667706754246,1785268667707122529,368
0xc7f28,2,1785268667707730277,1785268667709094521,1364
0x18ffefa7,2,1785268667713020486,1785268667715221108,2200
0x1f2,1,1785268667713039727,1785268667715221108,2181
0x18fd50a7,2,1785268667713414410,1785268667715221108,1806
0x18ff28a7,2,1785268667713706260,1785268667715221108,1514
0x18ff9528,2,1785268667714081332,1785268667715221108,1139
0x18ff2895,2,1785268667714959160,1785268667717134212,2175
0x18fe2895,2,1785268667715342046,1785268667717134212,1792
0x18ffeff4,2,1785268667717222831,1785268667719228333,2005
0x18fe50a7,2,1785268667718298362,1785268667719228333,929
0x18ffefa7,2,1785268667723389961,1785268667725230847,1840
0x18ffa7ef,2,1785268667725773187,1785268667727220598,1447
0x18fe50a7,2,1785268667728549837,1785268667729228571,678
0x18ffefa7,2,1785268667733937656,1785268667735344028,1406
0x1f2,1,1785268667733957249,1785268667735344028,1386
0x18fd50a7,2,1785268667734333672,1785268667735344028,1010
0x18ff28a7,2,1785268667734606597,1785268667735344028,737
0x18ff9528,2,1785268667734988372,1785268667737396001,2407
0x18ff2895,2,1785268667735954681,1785268667737396001,1441
0x18fe2895,2,1785268667736227013,1785268667737396001,1168
0x18fe50a7,2,1785268667739101218,1785268667741342763,2241
0x18ffefa7,2,1785268667744475519,1785268667745364821,889
0x18fff5d4,2,1785268667744491815,1785268667745364821,873
0xc7fd3,2,1785268667746666042,1785268667747350868,684
0x18fe50a7,2,1785268667749339637,1785268667751357389,2017
0x18ffefa7,2,1785268667754714290,1785268667755494706,780
0x1f2,1,1785268667754730512,1785268667755494706,764
0x18fd50a7,2,1785268667755103380,1785268667755494706,391
0x18ff28a7,2,1785268667755376119,1785268667757598012,2221
0x18ff9528,2,1785268667755748191,1785268667757598012,1849
0x18ff2895,2,1785268667756920721,1785268667757598012,677
0x18fe2895,2,1785268667756936814,1785268667757598012,661
0x1801d08f,2,1785268667759029912,1785268667759471504,441
0xc7f28,2,1785268667760013110,1785268667761472200,1459
0xc7ff7,2,1785268667764989302,1785268667765471998,482
0xc7fd3,2,1785268667767564046,1785268667769520223,1956
0x18ff28ef,2,1785268667768435800,1785268667769520223,1084
0x18ff1eef,2,1785268667769509145,1785268667771614381,2105
0x18fe50a7,2,1785268667770285733,1785268667771614381,1328
0xe7fea,2,1785268667772161351,1785268667773603854,1442
0x18ffefa7,2,1785268667775735663,1785268667777724541,1988
0x1f2,1,1785268667776108476,1785268667777724541,1616
0x18fd50a7,2,1785268667776380974,1785268667777724541,1343
0x18ff28a7,2,1785268667776553288,1785268667777724541,1171
0x18ff9528,2,1785268667776825453,1785268667777724541,899
0x18ff2895,2,1785268667777699948,1785268667779606608,1906
0x18fe2895,2,1785268667778071723,1785268667779606608,1534
0x18fe50a7,2,1785268667780946224,1785268667781624025,677
0x18ffefa7,2,1785268667786021509,1785268667787723149,1701
0x30c,1,1785268667787696073,1785268667789742030,2045
0x18ffa7ef,2,1785268667788467975,1785268667789742030,1274
0x18fe50a7,2,1785268667791242588,1785268667791729410,486
0x18ffefa7,2,1785268667796616926,1785268667797763775,1146
0x1f2,1,1785268667796988961,1785268667797763775,774
0x18fd50a7,2,1785268667797261867,1785268667797763775,501
0x18ff28a7,2,1785268667797449884,1785268667799850155,2400
0x18ff9528,2,1785268667797708142,1785268667799850155,2142
0x18ff2895,2,1785268667798681043,1785268667799850155,1169
0x18fe2895,2,1785268667798952931,1785268667799850155,897
0x18fe50a7,2,1785268667801826450,1785268667803757102,1930
0xc7ff7,2,1785268667806901253,1785268667807849382,948
0x18ffa7ef,2,1785268667809274942,1785268667809865707,590
0x18ff28f4,2,1785268667811248912,1785268667811875699,626
0x10ffd4f4,2,1785268667811265356,1785268667811875699,610
0x18fe50a7,2,1785268667812139388,1785268667813849950,1710
0xc7ff7,2,1785268667817514448,1785268667817868212,353
0x1f2,1,1785268667817888001,1785268667820101518,2213
0x18fd50a7,2,1785268667818161037,1785268667820101518,1940
0x18ff28a7,2,1785268667818332906,1785268667820101518,1768
0x18ff2895,2,1785268667818907551,1785268667820101518,1193
0x18fe2895,2,1785268667819278938,1785268667820101518,822
0x18ffeff4,2,1785268667821653016,1785268667823988280,2335
0x18fe50a7,2,1785268667822725991,1785268667823988280,1262
0xc7ff7,2,1785268667827800275,1785268667829981718,2181
0x18ffa7ef,2,1785268667830174409,1785268667831975766,1801
0x18fe50a7,2,1785268667832947633,1785268667833986535,1038
0x10ffd438,2,1785268667837521439,1785268667838022926,501
0xc7ff7,2,1785268667838395693,1785268667840227973,1832
0x1f2,1,1785268667838767079,1785268667840227973,1460
0x18fd50a7,2,1785268667839039744,1785268667840227973,1188
0x18ff28a7,2,1785268667839211780,1785268667840227973,1016
0x18ff9528,2,1785268667839483816,1785268667840227973,744
0xc7f94,2,1785268667840657697,1785268667842126336,1468
0x18fe2895,2,1785268667840830363,1785268667842126336,1295
0x18fe50a7,2,1785268667843604383,1785268667844101253,496
0x18ffefa7,2,1785268667848978647,1785268667850129599,1150
0x10fff4d4,2,1785268667848994851,1785268667850129599,1134
0x10ff38d4,2,1785268667851269207,1785268667852137202,867
0xc7fd3,2,1785268667851440781,1785268667852137202,696
0x18fff5d4,2,1785268667853114363,1785268667854226564,1112
0x18fe50a7,2,1785268667854000450,1785268667856228686,2228
0xc7ff7,2,1785268667859375010,1785268667860227447,852
0x1f2,1,1785268667859746675,1785268667860227447,480
0x18fd50a7,2,1785268667860020858,1785268667862350457,2329
0x18ff28a7,2,1785268667860192857,1785268667862350457,2157
0x18ff9528,2,1785268667860765372,1785268667862350457,1585
0x18ff2895,2,1785268667860781946,1785268667862350457,1568
0x18fe2895,2,1785268667861154389,1785268667862350457,1196
0x1801d08f,2,1785268667863728706,1785268667864227190,498
0xc7f28,2,1785268667864702793,1785268667866237867,1535
0x18ffefa7,2,1785268667869676763,1785268667870349332,672
0x18ffa7ef,2,1785268667872151119,1785268667874385445,2234
0x18ff38ef,2,1785268667873123298,1785268667874385445,1262
0x18fe38ef,2,1785268667874197921,1785268667876383882,2185
0x18fe50a7,2,1785268667874969861,1785268667876383882,1414
0x1cfe50ef,2,1785268667875341877,1785268667876383882,1042
0x18fff4ef,2,1785268667876415852,1785268667878356429,1940
0x1cffd4f5,2,1785268667877487994,1785268667878356429,868
0x18ffefa7,2,1785268667880262514,1785268667882479857,2217
0x1f2,1,1785268667880934473,1785268667882479857,1545
0x18fd50a7,2,1785268667881206268,1785268667882479857,1273
0x18ff28a7,2,1785268667881378396,1785268667882479857,1101
0x18ff9528,2,1785268667881650191,1785268667882479857,829
0x18ff2895,2,1785268667882624463,1785268667884478775,1854
0x18fe2895,2,1785268667882995998,1785268667884478775,1482
0x18fe50a7,2,1785268667885769444,1785268667886478156,708
0x18ffefa7,2,1785268667890843413,1785268667892491298,1647
0x30c,1,1785268667892516903,1785268667894518345,2001
0x18ffa7ef,2,1785268667893588952,1785268667894518345,929
0x18ff28d0,2,1785268667893605322,1785268667894518345,913
0x18fe50a7,2,1785268667896079270,1785268667896479263,399
0x18ffefa7,2,1785268667901152832,1785268667902604850,1452
0x1f2,1,1785268667901824643,1785268667902604850,780
0x18fd50a7,2,1785268667902107234,1785268667902604850,497
0x18ff28a7,2,1785268667902481436,1785268667904731434,2249
0x18ff9528,2,1785268667902497843,1785268667904731434,2233
0x18ff2895,2,1785268667903470078,1785268667904731434,1261
0x18fe2895,2,1785268667903842372,1785268667904731434,889
0x18fe50a7,2,1785268667906616207,1785268667908604566,1988
0x18ffefa7,2,1785268667911691713,1785268667912604976,913
0x18ffa7ef,2,1785268667914066143,1785268667914604912,538
0x18ffe5f4,2,1785268667915740226,1785268667916730385,990
0x18ff28f4,2,1785268667916112131,1785268667916730385,618
0x18fe28f4,2,1785268667916485703,1785268667918767747,2282
0x10ffd4f4,2,1785268667916858108,1785268667918767747,1909
0x18fe50a7,2,1785268667916920385,1785268667918767747,1847
0x18ffd0f4,2,1785268667919946238,1785268667920747757,801
0x1cff50f4,2,1785268667920328569,1785268667920747757,419
0x18ffeff4,2,1785268667920706418,1785268667922755509,2049
0x18ff9528,2,1785268667921579802,1785268667922755509,1175
0x18ffefa7,2,1785268667922655666,1785268667924857352,2201
0x1f2,1,1785268667923028497,1785268667924857352,1828
0x18fd50a7,2,1785268667923301088,1785268667924857352,1556
0x18ff28a7,2,1785268667923473494,1785268667924857352,1383
0x18ff2895,2,1785268667923946121,1785268667924857352,911
0x18fe2895,2,1785268667924318507,1785268667924857352,538
0x18fe50a7,2,1785268667927793431,1785268667928730577,937
0x18ff38f4,2,1785268667930767820,1785268667932763653,1995
0x18ffefa7,2,1785268667932941363,1785268667934868496,1927
0xc7fd3,2,1785268667935417626,1785268667936856988,1439
0x18fe50a7,2,1785268667938098035,1785268667938856499,758
0x18ff9528,2,1785268667941773365,1785268667942856464,1083
0x18ffefa7,2,1785268667943248504,1785268667944982585,1734
0x1f2,1,1785268667943921537,1785268667944982585,1061
0x18fd50a7,2,1785268667944193517,1785268667944982585,789
0x18ff28a7,2,1785268667944365683,1785268667944982585,616
0x18ff2895,2,1785268667944839384,1785268667946992225,2152
0x18fe2895,2,1785268667945211641,1785268667946992225,1780
0x18fe50a7,2,1785268667948686194,1785268667950981764,2295
0x18ffefa7,2,1785268667953762645,1785268667954994804,1232
0x10fff4d4,2,1785268667954335715,1785268667954994804,659
0xc7fd3,2,1785268667956510443,1785268667957003981,493
0x18fff5d4,2,1785268667956682646,1785268667957003981,321
0x18fe50a7,2,1785268667959057168,1785268667961009539,1952
0x18ff9528,2,1785268667962732498,1785268667963025493,292
0x18ffefa7,2,1785268667964205396,1785268667965107818,902
0x1f2,1,1785268667964890892,1785268667967233902,2343
0x18fd50a7,2,1785268667965163613,1785268667967233902,2070
0x18ff28a7,2,1785268667965335834,1785268667967233902,1898
0x18ff2895,2,1785268667966409846,1785268667967233902,824
0xc7f14,2,1785268667966891251,1785268667969108783,2217
0xc00e8,2,1785268667968965294,1785268667971114257,2148
0x18fe50a7,2,1785268667969737585,1785268667971114257,1376
0x18ffefa7,2,1785268667974813018,1785268667975120296,307
0x1cffd4f5,2,1785268667977286558,1785268667979360649,2074
0x18ffa7ef,2,1785268667977659315,1785268667979360649,1701
0x1cfed4f5,2,1785268667977675686,1785268667979360649,1684
0xc7f94,2,1785268667978448496,1785268667979360649,912
0x18ff1eef,2,1785268667979522415,1785268667981249882,1727
0xc7f28,2,1785268667980194522,1785268667981249882,1055
0x18ff9528,2,1785268667983868648,1785268667985234588,1365
0x18ffefa7,2,1785268667985343269,1785268667987273562,1930
0x1f2,1,1785268667985915617,1785268667987273562,1357
0xc7ea8,2,1785268667986288763,1785268667987273562,984
0x18ff28a7,2,1785268667986304800,1785268667987273562,968
0x18ff2895,2,1785268667987479071,1785268667989253535,1774
0x18fe2895,2,1785268667987851383,1785268667989253535,1402
0x18fe50a7,2,1785268667990726514,1785268667991266157,539
0x18ffefa7,2,1785268667995799835,1785268667997356039,1556
0x30c,1,1785268667997473844,1785268667999387309,1913
0x18ffa7ef,2,1785268667998346413,1785268667999387309,1040
0xc7f28,2,1785268668001019767,1785268668001356727,336
0x18ff9528,2,1785268668004793337,1785268668005357211,563
0x18ffefa7,2,1785268668006367401,1785268668007405221,1037
0x0,0,1785268668006539863,1785268668007405221,865
0x18fd50a7,2,1785268668006812621,1785268668007405221,592
0x18ff28a7,2,1785268668007186637,1785268668009485749,2299
0x18ff2895,2,1785268668008658962,1785268668009485749,826
0x18fe2895,2,1785268668008675147,1785268668009485749,810
0x18fe50a7,2,1785268668011549166,1785268668013496437,1947
0x18ff28f4,2,1785268668014522685,1785268668015484984,962
0x18ffefa7,2,1785268668016696746,1785268668017485921,789
0x18ffa7ef,2,1785268668019171028,1785268668019489375,318
0xc7f28,2,1785268668021845086,1785268668023494285,1649
0x18ffeff4,2,1785268668024819309,1785268668025513499,694
0x18ff9528,2,1785268668025592915,1785268668027635842,2042
0x18ffefa7,2,1785268668027065517,1785268668027635842,570
0x1f2,1,1785268668027337664,1785268668029738056,2400
0xc7ea8,2,1785268668027810939,1785268668029738056,1927
0x18ff28a7,2,1785268668028083474,1785268668029738056,1654
0x18ff2895,2,1785268668028655693,1785268668029738056,1082
0x18fe2895,2,1785268668029028561,1785268668029738056,709
0x18fe50a7,2,1785268668032502558,1785268668033621429,1118
0x18ffefa7,2,1785268668037576306,1785268668039618109,2041
0x18ffa7ef,2,1785268668040051031,1785268668041632119,1581
0x18fe50a7,2,1785268668042724997,1785268668043736833,1011
0x18ff9528,2,1785268668046399845,1785268668047762224,1362
0x10ffd438,2,1785268668046771898,1785268668047762224,990
0x18ffefa7,2,1785268668047945780,1785268668049863456,1917
0x1f2,1,1785268668048517462,1785268668049863456,1345
0xc7ea8,2,1785268668048689350,1785268668049863456,1174
0x18ff28a7,2,1785268668048961404,1785268668049863456,902
0xc7f94,2,1785268668049535011,1785268668051758208,2223
0xc7f14,2,1785268668049907065,1785268668051758208,1851
0x18fe50a7,2,1785268668053381007,1785268668053745866,364
0x10ff38d4,2,1785268668058255162,1785268668059863989,1608
0x18ffefa7,2,1785268668058526901,1785268668059863989,1337
0x18fff5d4,2,1785268668060200836,1785268668061877037,1676
0x18ffa7ef,2,1785268668061073071,1785268668061877037,803
0x18fe50a7,2,1785268668063747574,1785268668065863354,2115
0x18ff9528,2,1785268668067522088,1785268668067863420,341
0x18ffefa7,2,1785268668069095653,1785268668069901060,805
0x0,0,1785268668069268226,1785268668069901060,632
0x18fd50a7,2,1785268668069540483,1785268668069901060,360
0x18ff28a7,2,1785268668069914666,1785268668071988996,2074
0x18ff2895,2,1785268668071387991,1785268668071988996,601
0x18fe2895,2,1785268668071403916,1785268668071988996,585
0x1801d08f,2,1785268668073478237,1785268668074003821,525
0x18fe50a7,2,1785268668074352454,1785268668075990739,1638
0x18ffefa7,2,1785268668079426720,1785268668079997389,570
0x18ffa7ef,2,1785268668081900279,1785268668084012484,2112
0x1cffd4f5,2,1785268668082273795,1785268668084012484,1738
0x18ffd0ef,2,1785268668083045791,1785268668084012484,966
0x18ff95ef,2,1785268668084120136,1785268668086114901,1994
0x18fe50a7,2,1785268668084824854,1785268668086114901,1290
0x10ff38ef,2,1785268668085305684,1785268668086114901,809
0x18ff9528,2,1785268668088683627,1785268668090014312,1330
0x18ffefa7,2,1785268668090259080,1785268668092240654,1981
0x1f2,1,1785268668090431061,1785268668092240654,1809
0x18fd50a7,2,1785268668090702874,1785268668092240654,1537
0x18ff28a7,2,1785268668091074205,1785268668092240654,1166
0x18ff2895,2,1785268668092247717,1785268668094125295,1877
0xc7f14,2,1785268668092718954,1785268668094125295,1406
0x18fe50a7,2,1785268668095511012,1785268668096114805,603
0x18ffefa7,2,1785268668100595129,1785268668102128151,1533
0x18ff28d0,2,1785268668101669882,1785268668102128151,458
0x30c,1,1785268668102546173,1785268668104162606,1616
0x18ffa7ef,2,1785268668103218576,1785268668104162606,944
0x18fe50a7,2,1785268668105907171,1785268668108240552,2333
0x18ff9528,2,1785268668109687796,1785268668110240359,552
0x18ffefa7,2,1785268668111264120,1785268668112269277,1005
0x1f2,1,1785268668111437434,1785268668112269277,831
0x18fd50a7,2,1785268668111710266,1785268668112269277,559
0x18ff28a7,2,1785268668112084615,1785268668114271361,2186
0x18ff2895,2,1785268668113257238,1785268668114271361,1014
0x18fe2895,2,1785268668113629921,1785268668114271361,641
0x18fe50a7,2,1785268668116504681,1785268668118245086,1740
0x18ffe5f4,2,1785268668119479423,1785268668120282670,803
0x18ff28f4,2,1785268668119851587,1785268668120282670,431
0x18ffefa7,2,1785268668121726094,1785268668122363143,637
0x18ffa7ef,2,1785268668124200079,1785268668126364016,2163
0x18fe50a7,2,1785268668126874841,1785268668128363286,1488
0x18ffeff4,2,1785268668129848767,1785268668130363129,514
0x18ff9528,2,1785268668130723373,1785268668132381732,1658
0x18ffefa7,2,1785268668132297567,1785268668134617964,2320
0x1f2,1,1785268668132469715,1785268668134617964,2148
0x18fd50a7,2,1785268668132742268,1785268668134617964,1875
0x18ff28a7,2,1785268668133115100,1785268668134617964,1502
0xc7f94,2,1785268668134589831,1785268668136498475,1908
0xc7f14,2,1785268668134606035,1785268668136498475,1892
0x18fe50a7,2,1785268668137479703,1785268668138492078,1012
0x18ffefa7,2,1785268668142554265,1785268668144492961,1938
0x18ffa7ef,2,1785268668145028268,1785268668146498545,1470
0x18fe50a7,2,1785268668147702734,1785268668148515019,812
0x18ff9528,2,1785268668151577062,1785268668152617780,1040
0x18ffefa7,2,1785268668153051072,1785268668154744308,1693
0x0,0,1785268668153223367,1785268668154744308,1520
0x18fd50a7,2,1785268668153496162,1785268668154744308,1248
0x18ff28a7,2,1785268668153868956,1785268668154744308,875
0x18ff2895,2,1785268668154443508,1785268668156634690,2191
0x18fe2895,2,1785268668154815820,1785268668156634690,1818
0x18fe50a7,2,1785268668158290077,1785268668158622163,332
0x18ffefa7,2,1785268668163370195,1785268668164665898,1295
0x1cff50d4,2,1785268668163845081,1785268668164665898,820
0x18ffa7ef,2,1785268668165922698,1785268668166758500,835
0x18fff5d4,2,1785268668166197474,1785268668166758500,561
0x18fe50a7,2,1785268668168671478,1785268668170743503,2072
0x18ff9528,2,1785268668172446029,1785268668174779320,2333
0x18ffefa7,2,1785268668174018575,1785268668174779320,760
0x0,0,1785268668174192444,1785268668174779320,586
0x18fd50a7,2,1785268668174465313,1785268668176871607,2406
0x18ff28a7,2,1785268668174837552,1785268668176871607,2034
0x18ff2895,2,1785268668176109544,1785268668176871607,762
0x18fe2895,2,1785268668176380561,1785268668176871607,491
0x1801d08f,2,1785268668178455882,1785268668178756507,300
0x18fe50a7,2,1785268668179330913,1785268668180869758,1538
0x18ffefa7,2,1785268668184405475,1785268668184870723,465
0x18ffa7ef,2,1785268668186882553,1785268668188911836,2029
0x1cffd4f5,2,1785268668188198934,1785268668188911836,712
0x18ff28ef,2,1785268668188220545,1785268668188911836,691
0xc7f8f,2,1785268668189103780,1785268668190891199,1787
0x18fe50a7,2,1785268668189780554,1785268668190891199,1110
0x18ff9528,2,1785268668193881437,1785268668194894997,1013
0x18ffefa7,2,1785268668195167170,1785268668197121747,1954
0x1f2,1,1785268668195341224,1785268668197121747,1780
0x18fd50a7,2,1785268668195613278,1785268668197121747,1508
0x18ff28a7,2,1785268668195984628,1785268668197121747,1137
0x18ff2895,2,1785268668197258527,1785268668199007962,1749
0x18fe2895,2,1785268668197529915,1785268668199007962,1478
0x18fe50a7,2,1785268668200404823,1785268668200996528,591
0x18ffefa7,2,1785268668205478904,1785268668206995744,1516
0x30c,1,1785268668207152764,1785268668209026792,1874
0x18ffa7ef,2,1785268668208024481,1785268668209026792,1002
0x18fe50a7,2,1785268668210715817,1785268668211016191,300
0x18ff9528,2,1785268668214497701,1785268668215121693,623
0xc7ff7,2,1785268668216073192,1785268668217146166,1072
0x1f2,1,1785268668216445060,1785268668217146166,701
0x18fd50a7,2,1785268668216817669,1785268668219163306,2345
0x18ff28a7,2,1785268668216833669,1785268668219163306,2329
0x18ff2895,2,1785268668218007161,1785268668219163306,1156
0x18fe2895,2,1785268668218381011,1785268668219163306,782
0x18fe50a7,2,1785268668221257105,1785268668223121679,1864
0x18ff28f4,2,1785268668224234550,1785268668225148782,914
0x10ffd4f4,2,1785268668224607344,1785268668225148782,541
0x18ffefa7,2,1785268668226483295,1785268668227161718,678
0x18ffa7ef,2,1785268668228957336,1785268668231246739,2289
0x18fe50a7,2,1785268668231632320,1785268668233247953,1615
0x18ffeff4,2,1785268668234608043,1785268668235247260,639
0x18ff9528,2,1785268668235782832,1785268668237254029,1471
0xc7ff7,2,1785268668237056732,1785268668239369854,2313
0x1f2,1,1785268668237428952,1785268668239369854,1940
0x18fd50a7,2,1785268668237802061,1785268668239369854,1567
0x18ff28a7,2,1785268668237818579,1785268668239369854,1551
0x18ff2895,2,1785268668238997646,1785268668241378031,2380
0x18fe2895,2,1785268668239365533,1785268668241378031,2012
0xc7f28,2,1785268668242241386,1785268668243380504,1139
0x18ffefa7,2,1785268668247315855,1785268668249375165,2059
0x18ffa7ef,2,1785268668249789192,1785268668251369490,1580
0x18fe50a7,2,1785268668252466417,1785268668253370371,903
0x18ff9528,2,1785268668256641817,1785268668257410151,768
0x10ffd438,2,1785268668257013963,1785268668257410151,396
0xc7ff7,2,1785268668257887754,1785268668259542309,1654
0x1f2,1,1785268668258279511,1785268668259542309,1262
0x18fd50a7,2,1785268668258660212,1785268668259542309,882
0x18ff28a7,2,1785268668258678398,1785268668259542309,863
0x18ff2895,2,1785268668259854409,1785268668261522394,1667
0xc7f14,2,1785268668260327091,1785268668261522394,1195
0xc7f28,2,1785268668263102686,1785268668263508626,405
0x10fff4d4,2,1785268668267677362,1785268668269523324,1845
0xc7ff7,2,1785268668268250081,1785268668269523324,1273
0x10ff38d4,2,1785268668269824330,1785268668271530242,1705
0x18ffa7ef,2,1785268668270797158,1785268668271530242,733
0x18fff5d4,2,1785268668271971632,1785268668273519030,1547
0x18fe50a7,2,1785268668273545382,1785268668275623892,2078
0x18ff9528,2,1785268668277619709,1785268668279666413,2046
0x18ffefa7,2,1785268668278892776,1785268668279666413,773
0x1f2,1,1785268668279264199,1785268668279666413,402
0x18fd50a7,2,1785268668279637753,1785268668281750812,2113
0x18ff28a7,2,1785268668279653993,1785268668281750812,2096
0x18ff2895,2,1785268668280825968,1785268668281750812,924
0x18fe2895,2,1785268668281197114,1785268668281750812,553
0x1801d08f,2,1785268668283274694,1785268668283624563,349
0xc7f28,2,1785268668284149762,1785268668285631351,1481
0xc7ff7,2,1785268668289224213,1785268668289666020,441
0x18ffa7ef,2,1785268668291598458,1785268668293777152,2178
0xe7fea,2,1785268668293270967,1785268668293777152,506
0x18fe50a7,2,1785268668294445256,1785268668295750218,1304
0x18ff9528,2,1785268668298421824,1785268668299750813,1328
0x18ffefa7,2,1785268668299797353,1785268668301876749,2079
0x1f2,1,1785268668300169999,1785268668301876749,1706
0x18fd50a7,2,1785268668300543256,1785268668301876749,1333
0x18ff28a7,2,1785268668300559737,1785268668301876749,1317
0x18ff2895,2,1785268668301693786,1785268668303795907,2102
0x18fe2895,2,1785268668302066877,1785268668303795907,1729
0xc7f28,2,1785268668304941433,1785268668305875695,934
0xc7ff7,2,1785268668310016588,1785268668311882763,1866
0x18ff28d0,2,1785268668311489264,1785268668311882763,393
0x30c,1,1785268668311862854,1785268668313891163,2028
0x18ffa7ef,2,1785268668312535332,1785268668313891163,1355
0x18fe50a7,2,1785268668315310037,1785268668315878655,568
0x18ff9528,2,1785268668319284569,1785268668319884731,600
0x18ffefa7,2,1785268668320659135,1785268668322003148,1344
0x1f2,1,1785268668321031169,1785268668322003148,971
0x18fd50a7,2,1785268668321410056,1785268668322003148,593
0x18ff28a7,2,1785268668321426482,1785268668322003148,576
0x18ff2895,2,1785268668322601327,1785268668324031492,1430
0xc7f14,2,1785268668323073083,1785268668324031492,958
0x18fe50a7,2,1785268668325847215,1785268668328003846,2156
0x18ffe5f4,2,1785268668329121861,1785268668330011746,889
0x18ff28f4,2,1785268668329137954,1785268668330011746,873
0x18ffefa7,2,1785268668331012146,1785268668332002367,990
0x18ffa7ef,2,1785268668333385613,1785268668334013118,627
0x18fe50a7,2,1785268668336160078,1785268668338127546,1967
0x18ffeff4,2,1785268668339174153,1785268668340127927,953
0x18ff9528,2,1785268668340277646,1785268668342132585,1854
0x18ffefa7,2,1785268668341340047,1785268668342132585,792
0x1f2,1,1785268668341993636,1785268668344165021,2171
0x18fd50a7,2,1785268668342346374,1785268668344165021,1818
0x18ff28a7,2,1785268668342438374,1785268668344165021,1726
0x18ff2895,2,1785268668343851550,1785268668346139162,2287
0x18fe2895,2,1785268668343974846,1785268668346139162,2164
0x18fe50a7,2,1785268668346799829,1785268668348151968,1352
0x18ffefa7,2,1785268668351853632,1785268668352253785,400
0x18ffa7ef,2,1785268668354327728,1785268668356254102,1926
0x18fe50a7,2,1785268668357049452,1785268668358254483,1205
0x18ff9528,2,1785268668361096391,1785268668362255707,1159
0x18ffefa7,2,1785268668362472179,1785268668364376754,1904
0x1f2,1,1785268668362834732,1785268668364376754,1542
0x18fd50a7,2,1785268668363187137,1785268668364376754,1189
0x18ff28a7,2,1785268668363279896,1785268668364376754,1096
0x18ff2895,2,1785268668364424315,1785268668366302135,1877
0xc7f14,2,1785268668364886497,1785268668366302135,1415
0x18fe50a7,2,1785268668367640981,1785268668368375886,734
0x18ffefa7,2,1785268668372695191,1785268668374382917,1687
0x18fff5d4,2,1785268668373197540,1785268668374382917,1185
0xc7fd3,2,1785268668375302101,1785268668376376372,1074
0x18fe50a7,2,1785268668377935734,1785268668378376549,440
0x18ff9528,2,1785268668382000246,1785268668382394052,393
0x18ffefa7,2,1785268668383064295,1785268668384540543,1476
0x1f2,1,1785268668383716736,1785268668384540543,823
0x18fd50a7,2,1785268668384069215,1785268668384540543,471
0x18ff28a7,2,1785268668384161789,1785268668386539090,2377
0x18ff2895,2,1785268668385305708,1785268668386539090,1233
0xc7f14,2,1785268668385768260,1785268668386539090,770
0x1801d08f,2,1785268668387792396,1785268668388506823,714
0x18fe50a7,2,1785268668388596354,1785268668390505463,1909
0x18ffefa7,2,1785268668393651139,1785268668394505965,854
0x18ffa7ef,2,1785268668396205642,1785268668396538309,332
0x18ff28ef,2,1785268668397179562,1785268668398631301,1451
0x18ff1eef,2,1785268668398543980,1785268668400758422,2214
0x1cffd4f5,2,1785268668398636183,1785268668400758422,2122
0x18fe50a7,2,1785268668399038754,1785268668400758422,1719
0x18ffd0ef,2,1785268668399471067,1785268668400758422,1287
0x18ff95ef,2,1785268668400545468,1785268668402637358,2091
0x87f9c,2,1785268668401698090,1785268668402637358,939
0x18ff38ef,2,1785268668402692399,1785268668404664443,1972
0x18ff9528,2,1785268668403454413,1785268668404664443,1210
0x18fe38ef,2,1785268668403836725,1785268668404664443,827
0x18ffefa7,2,1785268668404550832,1785268668406758397,2207
0x1f2,1,1785268668404903071,1785268668406758397,1855
0xc7ea8,2,1785268668405335531,1785268668406758397,1422
0x18ff28a7,2,1785268668405897676,1785268668406758397,860
0x1cfe50ef,2,1785268668405990194,1785268668406758397,768
0x18ff2895,2,1785268668407085169,1785268668408786111,1700
0xc7f14,2,1785268668407236760,1785268668408786111,1549
0x18fff4ef,2,1785268668407538481,1785268668408786111,1247
0x18fe50a7,2,1785268668410163150,1785268668410756788,593
0x18ffefa7,2,1785268668415229268,1785268668416758079,1528
0x30c,1,1785268668416988591,1785268668418775830,1787
0x18ffa7ef,2,1785268668417762734,1785268668418775830,1013
0x18fe50a7,2,1785268668420479347,1785268668420765989,286
0x18ff9528,2,1785268668424553600,1785268668426912112,2358
0x18ffefa7,2,1785268668425625687,1785268668426912112,1286
0x1f2,1,1785268668426260275,1785268668426912112,651
0x18fd50a7,2,1785268668426613199,1785268668428927492,2314
0xc7f94,2,1785268668426766069,1785268668428927492,2161
0x18ff2895,2,1785268668427868932,1785268668428927492,1058
0x18fe2895,2,1785268668428240930,1785268668428927492,686
0x18fe50a7,2,1785268668431065061,1785268668432883588,1818
0x18ff28f4,2,1785268668434091173,1785268668434885135,793
0x18fe28f4,2,1785268668434454467,1785268668434885135,430
0x18ffefa7,2,1785268668436273363,1785268668436883682,610
0x18ffa7ef,2,1785268668438731330,1785268668440907999,2176
0x18fe50a7,2,1785268668441444628,1785268668443010528,1565
0x1cff50f4,2,1785268668444464740,1785268668445008872,544
0x18ffeff4,2,1785268668444826867,1785268668447009215,2182
0x18ff9528,2,1785268668445779972,1785268668447009215,1229
0x18ffefa7,2,1785268668446733041,1785268668449055096,2322
0x1f2,1,1785268668447366426,1785268668449055096,1688
0x18fd50a7,2,1785268668447727109,1785268668449055096,1327
0xc7f94,2,1785268668447879349,1785268668449055096,1175
0x18ff2895,2,1785268668448929676,1785268668451031847,2102
0x18fe2895,2,1785268668449289525,1785268668451031847,1742
0x18fe50a7,2,1785268668452179971,1785268668453050672,870
0x18ff38f4,2,1785268668455179416,1785268668457142489,1963
0x18ffefa7,2,1785268668457303366,1785268668459133888,1830
0x18ffa7ef,2,1785268668459757518,1785268668461135158,1377
0x18fe50a7,2,1785268668462471409,1785268668463136094,664
0x18ff9528,2,1785268668466665513,1785268668467143504,477
0x10ffd438,2,1785268668467018326,1785268668469383180,2364
0x18ffefa7,2,1785268668467690562,1785268668469383180,1692
0x1f2,1,1785268668468323096,1785268668469383180,1060
0x18fd50a7,2,1785268668468675538,1785268668469383180,707
0xc7f94,2,1785268668468827889,1785268668469383180,555
0xc7f94,2,1785268668469991715,1785268668471274691,1282
0x18fe2895,2,1785268668470304713,1785268668471274691,969
0x18fe50a7,2,1785268668473128104,1785268668475260305,2132
0x10ff38d4,2,1785268668477572040,1785268668479277603,1705
0x18ffefa7,2,1785268668478274350,1785268668479277603,1003
0x18fff5d4,2,1785268668479688342,1785268668481286428,1598
0x18ffa7ef,2,1785268668480780224,1785268668481286428,506
0xc7f28,2,1785268668483574430,1785268668485292134,1717
0x18ff9528,2,1785268668487618201,1785268668489397451,1779
0x18ffefa7,2,1785268668488640380,1785268668489397451,757
0x1f2,1,1785268668489274414,1785268668491512331,2237
0x18fd50a7,2,1785268668489626578,1785268668491512331,1885
0xc7f94,2,1785268668489778133,1785268668491512331,1734
0x18ff2895,2,1785268668490860811,1785268668491512331,651
0x18fe2895,2,1785268668491254179,1785268668493383453,2129
0x1801d08f,2,1785268668493347815,1785268668495383760,2035
0x18fe50a7,2,1785268668494150069,1785268668495383760,1233
0x18ffefa7,2,1785268668499224224,1785268668501383902,2159
0x18ffa7ef,2,1785268668501657598,1785268668503429024,1771
0x18fe50a7,2,1785268668504371341,1785268668505524311,1152
0x1cffd4f5,2,1785268668504733061,1785268668505524311,791
0x18ff9528,2,1785268668508637741,1785268668509512980,875
0x18ffefa7,2,1785268668509590995,1785268668511638064,2047
0x1f2,1,1785268668510223713,1785268668511638064,1414
0xc7ea8,2,1785268668510575322,1785268668511638064,1062
0x18ff28a7,2,1785268668510667285,1785268668511638064,970
0x18ff2895,2,1785268668511831629,1785268668513527594,1695
0x18fe2895,2,1785268668512203331,1785268668513527594,1324
0x18fe50a7,2,1785268668515027425,1785268668515514363,486
0x18ffefa7,2,1785268668520101931,1785268668521637598,1535
0x30c,1,1785268668522051734,1785268668523681293,1629
0x18ff28d0,2,1785268668522135364,1785268668523681293,1545
0x18ffa7ef,2,1785268668522687305,1785268668523681293,993
0xc7f28,2,1785268668525481380,1785268668527637907,2156
0x18ff9528,2,1785268668529555578,1785268668531673890,2118
0x18ffefa7,2,1785268668530548776,1785268668531673890,1125
0x1f2,1,1785268668531181161,1785268668531673890,492
0x18fd50a7,2,1785268668531534251,1785268668533765530,2231
0xc7f94,2,1785268668531686250,1785268668533765530,2079
0x18ff2895,2,1785268668532798818,1785268668533765530,966
0x18fe2895,2,1785268668533161501,1785268668533765530,604
0x18fe50a7,2,1785268668535985798,1785268668537769366,1783
0x18ffe5f4,2,1785268668538989632,1785268668539764191,774
0x18ff28f4,2,1785268668539371334,1785268668539764191,392
0x10ffd4f4,2,1785268668539745405,1785268668541773516,2028
0x18ffefa7,2,1785268668541277581,1785268668541773516,495
0x18ffa7ef,2,1785268668543712104,1785268668545764056,2051
0x18fe50a7,2,1785268668546426421,1785268668547765881,1339
0x18ffeff4,2,1785268668549519643,1785268668551791105,2271
0x18ff9528,2,1785268668550592303,1785268668551791105,1198
0x18ffefa7,2,1785268668551965869,1785268668554015337,2049
0x1f2,1,1785268668551982035,1785268668554015337,2033
0x18fd50a7,2,1785268668552354255,1785268668554015337,1661
0x18ff28a7,2,1785268668552626513,1785268668554015337,1388
0x18ff2895,2,1785268668553900357,1785268668555901848,2001
0x18fe2895,2,1785268668554173244,1785268668555901848,1728
0x18fe50a7,2,1785268668557046727,1785268668557891655,844
0x18ffefa7,2,1785268668562121419,1785268668563890019,1768
0x18ffa7ef,2,1785268668564495275,1785268668565900900,1405
0x18fe50a7,2,1785268668567269202,1785268668567920873,651
0x18ff9528,2,1785268668571543362,1785268668572015097,471
0x18ffefa7,2,1785268668572417727,1785268668574061663,1643
0x1f2,1,1785268668572789706,1785268668574061663,1271
0xc7ea8,2,1785268668573162130,1785268668574061663,899
0x18ff28a7,2,1785268668573433869,1785268668574061663,627
0x18ff2895,2,1785268668574708361,1785268668576016118,1307
0x18fe2895,2,1785268668574980230,1785268668576016118,1035
0x18fe50a7,2,1785268668577853898,1785268668580017991,2164
0x18ffefa7,2,1785268668583228032,1785268668584040974,812
0x10fff4d4,2,1785268668583244217,1785268668584040974,796
0x18fff5d4,2,1785268668585517555,1785268668586163725,646
0x18ffa7ef,2,1785268668585689665,1785268668586163725,474
0x18fe50a7,2,1785268668588164058,1785268668590141616,1977
0x18ff9528,2,1785268668592437606,1785268668594142156,1704
0x18ffefa7,2,1785268668593310823,1785268668594142156,831
0x1f2,1,1785268668593896005,1785268668596267888,2371
0xc7ea8,2,1785268668594269669,1785268668596267888,1998
0x18ff28a7,2,1785268668594285391,1785268668596267888,1982
0x18ff2895,2,1785268668595457569,1785268668596267888,810
0x18fe2895,2,1785268668595829382,1785268668596267888,438
0x1801d08f,2,1785268668597903666,1785268668600170927,2267
0x18fe50a7,2,1785268668598776512,1785268668600170927,1394
0x18ffefa7,2,1785268668603850278,1785268668604174819,324
0x18ffa7ef,2,1785268668606323930,1785268668608267321,1943
0x18ff28ef,2,1785268668607295813,1785268668608267321,971
0xc7f8f,2,1785268668608469806,1785268668610286812,1817
0x18fe50a7,2,1785268668609141653,1785268668610286812,1145
0x1cffd4f5,2,1785268668609814131,1785268668610286812,472
0x18ff9528,2,1785268668613388943,1785268668614267667,878
0xc7ff7,2,1785268668614662509,1785268668616390510,1728
0x1f2,1,1785268668615035136,1785268668616390510,1355
0x18fd50a7,2,1785268668615307616,1785268668616390510,1082
0x18ff28a7,2,1785268668615479356,1785268668616390510,911
0x18ff2895,2,1785268668616554201,1785268668618398076,1843
0x18fe2895,2,1785268668616925829,1785268668618398076,1472
0x18fe50a7,2,1785268668619799552,1785268668620389327,589
0x18ffefa7,2,1785268668624873781,1785268668626389914,1516
0x30c,1,1785268668626548159,1785268668628389980,1841
0x18ffa7ef,2,1785268668627319710,1785268668628389980,1070
0x18fe50a7,2,1785268668630101768,1785268668630403231,301
0x18ff9528,2,1785268668634376297,1785268668636548539,2172
0x18ffefa7,2,1785268668635548494,1785268668636548539,1000
0x1f2,1,1785268668635564994,1785268668636548539,983
0x18fd50a7,2,1785268668635937436,1785268668636548539,611
0x18ff28a7,2,1785268668636209805,1785268668638548531,2338
0x18ff2895,2,1785268668637382631,1785268668638548531,1165
0x18fe2895,2,1785268668637754999,1785268668638548531,793
0x18fe50a7,2,1785268668640628760,1785268668642518959,1890
0x18ffefa7,2,1785268668645702951,1785268668646519943,816
0x18ffa7ef,2,1785268668648077159,1785268668648519268,442
0x18ff28f4,2,1785268668649750779,1785268668650536094,785
0x18fe50a7,2,1785268668650924586,1785268668652644381,1719
0x18ff9528,2,1785268668655297782,1785268668656645439,1347
0x18ffefa7,2,1785268668656370424,1785268668658771708,2401
0x0,0,1785268668656398183,1785268668658771708,2373
0x18fd50a7,2,1785268668656771162,1785268668658771708,2000
0x18ff28a7,2,1785268668657043531,1785268668658771708,1728
0x18ff2895,2,1785268668658216987,1785268668658771708,554
0xc7f14,2,1785268668658690169,1785268668660645016,1954
0x18ffeff4,2,1785268668660464159,1785268668662676174,2212
0x18fe50a7,2,1785268668661536411,1785268668662676174,1139
0x18ffefa7,2,1785268668666610529,1785268668668670353,2059
0x18ffa7ef,2,1785268668668984237,1785268668670775826,1791
0x18fe50a7,2,1785268668671757998,1785268668672771207,1013
0x18ff9528,2,1785268668676331767,1785268668676787654,455
0x10ffd438,2,1785268668676347563,1785268668676787654,440
0x18ffefa7,2,1785268668677221428,1785268668678897423,1675
0x0,0,1785268668677237743,1785268668678897423,1659
0x18fd50a7,2,1785268668677609851,1785268668678897423,1287
0x18ff28a7,2,1785268668677882479,1785268668678897423,1014
0x18ff2895,2,1785268668679057176,1785268668680814804,1757
0x18fe2895,2,1785268668679428970,1785268668680814804,1385
0x18fe50a7,2,1785268668682303156,1785268668682896185,593
0x1cff50d4,2,1785268668686677186,1785268668688904919,2227
0x18ffefa7,2,1785268668687449755,1785268668688904919,1455
0x10ff38d4,2,1785268668688723710,1785268668690911671,2187
0x18ffa7ef,2,1785268668689895592,1785268668690911671,1016
0x18fff5d4,2,1785268668690870031,1785268668692896774,2026
0x18fe50a7,2,1785268668692743445,1785268668694896728,2153
0x18ff9528,2,1785268668697017253,1785268668699023508,2006
0x18ffefa7,2,1785268668698190042,1785268668699023508,833
0x0,0,1785268668698206468,1785268668699023508,817
0x18fd50a7,2,1785268668698578095,1785268668699023508,445
0x18ff28a7,2,1785268668698851686,1785268668701066148,2214
0x18ff2895,2,1785268668700023401,1785268668701066148,1042
0xc7f14,2,1785268668700495436,1785268668701066148,570
0x1801d08f,2,1785268668702469646,1785268668703024195,554
0xc7f28,2,1785268668703442788,1785268668705022817,1580
0x18ffefa7,2,1785268668708416666,1785268668709022560,605
0x18ffa7ef,2,1785268668710890521,1785268668713044544,2154
0x18ffd0ef,2,1785268668711863015,1785268668713044544,1181
0x18ff95ef,2,1785268668712936823,1785268668715185831,2249
0xc7f28,2,1785268668713808614,1785268668715185831,1377
0x10ff38ef,2,1785268668714080780,1785268668715185831,1105
0x1cffd4f5,2,1785268668715056107,1785268668717148138,2092
0x18ff9528,2,1785268668718130125,1785268668719147908,1017
0x18ffefa7,2,1785268668719303729,1785268668721275066,1971
0x1f2,1,1785268668719319433,1785268668721275066,1955
0x18fd50a7,2,1785268668719691283,1785268668721275066,1583
0x18ff28a7,2,1785268668719963503,1785268668721275066,1311
0x18ff2895,2,1785268668721454179,1785268668723169669,1715
0xc7f14,2,1785268668721474142,1785268668723169669,1695
0xc7f28,2,1785268668724466939,1785268668725176328,709
0x18ffefa7,2,1785268668729449168,1785268668731274250,1825
0x30c,1,1785268668731125343,1785268668733285779,2160
0x18ff28d0,2,1785268668731811821,1785268668733285779,1473
0x18ffa7ef,2,1785268668732189652,1785268668733285779,1096
0x18fe50a7,2,1785268668734766210,1785268668735274772,508
0x18ff9528,2,1785268668739241461,1785268668741398452,2156
0x18ffefa7,2,1785268668740214159,1785268668741398452,1184
0x1f2,1,1785268668740586620,1785268668741398452,811
0x18fd50a7,2,1785268668740959228,1785268668741398452,439
0x18ff28a7,2,1785268668740976506,1785268668741398452,421
0x18ff2895,2,1785268668742049629,1785268668743293612,1243
0x18fe2895,2,1785268668742422331,1785268668743293612,871
0x18fe50a7,2,1785268668745296980,1785268668747297596,2000
0x18ffefa7,2,1785268668750371857,1785268668751396729,1024
0x18ffa7ef,2,1785268668752745731,1785268668753397092,651
0x18ffe5f4,2,1785268668754420518,1785268668755413251,992
0x18ff28f4,2,1785268668754792941,1785268668755413251,620
0xc7f28,2,1785268668755768269,1785268668757399299,1631
0x18ffefa7,2,1785268668761066774,1785268668761428913,362
0x1f2,1,1785268668761087403,1785268668761428913,341
0x18fd50a7,2,1785268668761467679,1785268668763651757,2184
0x18ff28a7,2,1785268668761741047,1785268668763651757,1910
0x18ff9528,2,1785268668762115156,1785268668763651757,1536
0x18ff2895,2,1785268668762987614,1785268668763651757,664
0x18fe2895,2,1785268668763362390,1785268668765525824,2163
0x18ffeff4,2,1785268668765235767,1785268668767530612,2294
0x18fe50a7,2,1785268668766309390,1785268668767530612,1221
0x18ffefa7,2,1785268668771383989,1785268668773526052,2142
0x18ffa7ef,2,1785268668773758253,1785268668775526212,1767
0x18fe50a7,2,1785268668776532551,1785268668777559222,1026
0x18ffefa7,2,1785268668781906704,1785268668783778810,1872
0x1f2,1,1785268668781923074,1785268668783778810,1855
0x18fd50a7,2,1785268668782297109,1785268668783778810,1481
0x18ff28a7,2,1785268668782567774,1785268668783778810,1211
0x18ff9528,2,1785268668782940549,1785268668783778810,838
0x18ff2895,2,1785268668783914858,1785268668785666821,1751
0x18fe2895,2,1785268668784187079,1785268668785666821,1479
0x18fe50a7,2,1785268668787061265,1785268668787651740,590
0x18ffefa7,2,1785268668792435714,1785268668793667050,1231
0x18fff5d4,2,1785268668792452603,1785268668793667050,1214
0xc7fd3,2,1785268668794631164,1785268668795654209,1023
0x18fe50a7,2,1785268668797306185,1785268668797777609,471
0x18ffefa7,2,1785268668802681467,1785268668803904196,1222
0x1f2,1,1785268668802697652,1785268668803904196,1206
0x18fd50a7,2,1785268668803070317,1785268668803904196,833
0x18ff28a7,2,1785268668803342852,1785268668803904196,561
0x18ff9528,2,1785268668803717294,1785268668805807800,2090
0x18ff2895,2,1785268668804889806,1785268668805807800,917
0x18fe2895,2,1785268668804906824,1785268668805807800,900
0x1801d08f,2,1785268668806981182,1785268668807778163,796
0xc7f28,2,1785268668807955417,1785268668809784619,1829
0xc7ff7,2,1785268668812929628,1785268668813790789,861
0xc7fd3,2,1785268668815504149,1785268668815902836,398
0x18ff28ef,2,1785268668816378033,1785268668817904717,1526
0x18ff1eef,2,1785268668817450397,1785268668817904717,454
0x18fe50a7,2,1785268668818225355,1785268668819903932,1678
0xe7fea,2,1785268668820099010,1785268668821903924,1804
0x18ffefa7,2,1785268668823673192,1785268668826030927,2357
0x1f2,1,1785268668824045320,1785268668826030927,1985
0x18fd50a7,2,1785268668824317374,1785268668826030927,1713
0x18ff28a7,2,1785268668824489632,1785268668826030927,1541
0x18ff9528,2,1785268668824761852,1785268668826030927,1269
0x18ff2895,2,1785268668825651699,1785268668828029772,2378
0x18fe2895,2,1785268668826009567,1785268668828029772,2020
0x18fe50a7,2,1785268668828883939,1785268668830029246,1145
0x18ffefa7,2,1785268668833958112,1785268668836030167,2072
0x30c,1,1785268668835631528,1785268668836030167,398
0x18ffa7ef,2,1785268668836405486,1785268668838029993,1624
0x18fe50a7,2,1785268668839178877,1785268668840033893,855
0x18ffefa7,2,1785268668844553289,1785268668846281851,1728
0x1f2,1,1785268668844925416,1785268668846281851,1356
0x18fd50a7,2,1785268668845197618,1785268668846281851,1084
0x18ff28a7,2,1785268668845369932,1785268668846281851,911
0x18ff9528,2,1785268668845642060,1785268668846281851,639
0x18ff2895,2,1785268668846616498,1785268668848169492,1552
0x18fe2895,2,1785268668846888237,1785268668848169492,1281
0x18fe50a7,2,1785268668849761979,1785268668850155225,393
0xc7ff7,2,1785268668854836115,1785268668856155998,1319
0x18ffa7ef,2,1785268668857209953,1785268668858166231,956
0x18ff28f4,2,1785268668859184256,1785268668860281168,1096
0x10ffd4f4,2,1785268668859200497,1785268668860281168,1080
0x18fe50a7,2,1785268668860074399,1785268668862280753,2206
0xc7ff7,2,1785268668865448237,1785268668866281645,833
0x1f2,1,1785268668865820716,1785268668866281645,460
0x18fd50a7,2,1785268668866103418,1785268668868323619,2220
0x18ff28a7,2,1785268668866276269,1785268668868323619,2047
0x18ff2895,2,1785268668866849673,1785268668868323619,1473
0x18fe2895,2,1785268668867222670,1785268668868323619,1100
0x18ffeff4,2,1785268668869597397,1785268668870281019,683
0x18fe50a7,2,1785268668870671853,1785268668872281326,1609
0xc7ff7,2,1785268668875746267,1785268668876306440,560
0x18ffa7ef,2,1785268668878121975,1785268668880404221,2282
0x18fe50a7,2,1785268668880895977,1785268668882403417,1507
0x10ffd438,2,1785268668885470338,1785268668886404069,933
0xc7ff7,2,1785268668886343777,1785268668888534005,2190
0x1f2,1,1785268668886716238,1785268668888534005,1817
0x18fd50a7,2,1785268668886988496,1785268668888534005,1545
0x18ff28a7,2,1785268668887160754,1785268668888534005,1373
0x18ff9528,2,1785268668887433234,1785268668888534005,1100
0xc7f94,2,1785268668888607264,1785268668890435609,1828
0x18fe2895,2,1785268668888779559,1785268668890435609,1656
0x18fe50a7,2,1785268668891553968,1785268668892532545,978
0x18ffefa7,2,1785268668896928139,1785268668898552023,1623
0x10fff4d4,2,1785268668896944269,1785268668898552023,1607
0x10ff38d4,2,1785268668899218848,1785268668900533200,1314
0xc7fd3,2,1785268668899390958,1785268668900533200,1142
0x18fff5d4,2,1785268668901065077,1785268668902537433,1472
0x18fe50a7,2,1785268668901937646,1785268668902537433,599
0xc7ff7,2,1785268668907312706,1785268668908659744,1347
0x1f2,1,1785268668907684426,1785268668908659744,975
0x18fd50a7,2,1785268668907956776,1785268668908659744,702
0x18ff28a7,2,1785268668908128886,1785268668908659744,530
0x18ff9528,2,1785268668908702976,1785268668910659125,1956
0x18ff2895,2,1785268668908718457,1785268668910659125,1940
0x18fe2895,2,1785268668909090344,1785268668910659125,1568
0x1801d08f,2,1785268668911664087,1785268668912658173,994
0xc7f28,2,1785268668912637563,1785268668914658999,2021
0x18ffefa7,2,1785268668917611329,1785268668918659354,1048
0x18ffa7ef,2,1785268668920085370,1785268668920659105,573
0x18ff38ef,2,1785268668921057697,1785268668922682042,1624
0x18fe38ef,2,1785268668922157598,1785268668922682042,524
0x18fe50a7,2,1785268668922946038,1785268668924785516,1839
0x1cfe50ef,2,1785268668923321239,1785268668924785516,1464
0x18fff4ef,2,1785268668924428159,1785268668926784749,2356
0x1cffd4f5,2,1785268668925500615,1785268668926784749,1284
0x18ffefa7,2,1785268668928276209,1785268668928784926,508
0x1f2,1,1785268668928950650,1785268668930818271,1867
0x18fd50a7,2,1785268668929222556,1785268668930818271,1595
0x18ff28a7,2,1785268668929395054,1785268668930818271,1423
0x18ff9528,2,1785268668929667331,1785268668930818271,1150
0x18ff2895,2,1785268668930641825,1785268668932797856,2156
0x18fe2895,2,1785268668931013322,1785268668932797856,1784
0x18fe50a7,2,1785268668933787713,1785268668934784756,997
0x18ffefa7,2,1785268668938863386,1785268668940912380,2048
0x30c,1,1785268668940537469,1785268668940912380,374
0x18ffa7ef,2,1785268668941610536,1785268668942920780,1310
0x18ff28d0,2,1785268668941627147,1785268668942920780,1293
0x18fe50a7,2,1785268668944101466,1785268668944911217,809
0x18ffefa7,2,1785268668949175528,1785268668951037342,1861
0x1f2,1,1785268668949847653,1785268668951037342,1189
0x18fd50a7,2,1785268668950119689,1785268668951037342,917
0x18ff28a7,2,1785268668950491242,1785268668951037342,546
0x18ff9528,2,1785268668950507168,1785268668951037342,530
0x18ff2895,2,1785268668951479884,1785268668952932539,1452
0x18fe2895,2,1785268668951851123,1785268668952932539,1081
0x18fe50a7,2,1785268668954626791,1785268668955035475,408
0x18ffefa7,2,1785268668959702409,1785268668961037304,1334
0x18ffa7ef,2,1785268668962076691,1785268668963036093,959
0x18ffe5f4,2,1785268668963750866,1785268668965074011,1323
0x18ff28f4,2,1785268668964123160,1785268668965074011,950
0x18fe28f4,2,1785268668964495750,1785268668965074011,578
0x10ffd4f4,2,1785268668964869303,1785268668967053670,2184
0x18fe50a7,2,1785268668965032451,1785268668967053670,2021
0x18ffd0f4,2,1785268668968030118,1785268668969062496,1032
0x1cff50f4,2,1785268668968412301,1785268668969062496,650
0x18ffeff4,2,1785268668968792502,1785268668971202969,2410
0x18ff9528,2,1785268668969664515,1785268668971202969,1538
0x18ffefa7,2,1785268668970738490,1785268668971202969,464
0x1f2,1,1785268668971112747,1785268668973288461,2175
0x18fd50a7,2,1785268668971384838,1785268668973288461,1903
0x18ff28a7,2,1785268668971557300,1785268668973288461,1731
0x18ff2895,2,1785268668972029334,1785268668973288461,1259
0x18fe2895,2,1785268668972401499,1785268668973288461,886
0x18fe50a7,2,1785268668975875904,1785268668977162817,1286
0x18ff38f4,2,1785268668978850256,1785268668979162235,311
0x18ffefa7,2,1785268668981024261,1785268668983164146,2139
0xc7fd3,2,1785268668983498561,1785268668985199472,1700
0x18fe50a7,2,1785268668986172749,1785268668987287593,1114
0x18ff9528,2,1785268668989846468,1785268668991287856,1441
0x18ffefa7,2,1785268668991321125,1785268668993411292,2090
0x1f2,1,1785268668991993399,1785268668993411292,1417
0x18fd50a7,2,1785268668992265694,1785268668993411292,1145
0x18ff28a7,2,1785268668992438230,1785268668993411292,973
0x18ff2895,2,1785268668992910449,1785268668993411292,500
0x18fe2895,2,1785268668993284373,1785268668995288767,2004
0x18fe50a7,2,1785268668996793611,1785268668997295092,501
0x18ffefa7,2,1785268669001884376,1785268669003336533,1452
0x10fff4d4,2,1785268669002464040,1785268669003336533,872
0xc7fd3,2,1785268669004643026,1785268669005424951,781
0x18fff5d4,2,1785268669004816044,1785268669005424951,608
0x18fe50a7,2,1785268669007191678,1785268669009411084,2219
0x18ff9528,2,1785268669010866156,1785268669011410743,544
0x18ffefa7,2,1785268669012339517,1785268669013427624,1088
0x1f2,1,1785268669013011291,1785268669013427624,416
0x18fd50a7,2,1785268669013283956,1785268669015540338,2256
0x18ff28a7,2,1785268669013455103,1785268669015540338,2085
0x18ff2895,2,1785268669014527393,1785268669015540338,1012
0xc7f14,2,1785268669014998408,1785268669015540338,541
0xc00e8,2,1785268669017071100,1785268669017539701,468
0x18fe50a7,2,1785268669017843799,1785268669019539027,1695
0x18ffefa7,2,1785268669022923064,1785268669023539882,616
0x1cffd4f5,2,1785268669025395179,1785268669027583755,2188
0x18ffa7ef,2,1785268669025767640,1785268669027583755,1816
0x1cfed4f5,2,1785268669025783806,1785268669027583755,1799
0xc7f94,2,1785268669026557283,1785268669027583755,1026
0x18ff1eef,2,1785268669027631036,1785268669029560859,1929
0xc7f28,2,1785268669028303328,1785268669029560859,1257
0x18ff9528,2,1785268669031977880,1785268669033566881,1589
0x18ffefa7,2,1785268669033451501,1785268669035701132,2249
0x1f2,1,1785268669034022423,1785268669035701132,1678
0xc7ea8,2,1785268669034397328,1785268669035701132,1303
0x18ff28a7,2,1785268669034414088,1785268669035701132,1287
0x18ff2895,2,1785268669035589192,1785268669037682773,2093
0x18fe2895,2,1785268669035961374,1785268669037682773,1721
0x18fe50a7,2,1785268669038835728,1785268669039665376,829
0x18ffefa7,2,1785268669043909827,1785268669045666483,1756
0x30c,1,1785268669045583687,1785268669047696679,2112
0x18ffa7ef,2,1785268669046456089,1785268669047696679,1240
0xc7f28,2,1785268669049129777,1785268669049791319,661
0x18ff9528,2,1785268669052903772,1785268669053791063,887
0x18ffefa7,2,1785268669054477633,1785268669055825389,1347
0x0,0,1785268669054649447,1785268669055825389,1175
0x18fd50a7,2,1785268669054921742,1785268669055825389,903
0x18ff28a7,2,1785268669055293702,1785268669055825389,531
0x18ff2895,2,1785268669056767897,1785268669057804122,1036
0x18fe2895,2,1785268669056783601,1785268669057804122,1020
0x18fe50a7,2,1785268669059657824,1785268669061808051,2150
0x18ff28f4,2,1785268669062631621,1785268669063916580,1284
0x18ffefa7,2,1785268669064805626,1785268669065917036,1111
0x18ffa7ef,2,1785268669067280408,1785268669067916528,636
0xc7f28,2,1785268669069954429,1785268669071917661,1963
0x18ffeff4,2,1785268669072928318,1785268669073917413,989
0x18ff9528,2,1785268669073702350,1785268669076043201,2340
0x18ffefa7,2,1785268669075175379,1785268669076043201,867
0x1f2,1,1785268669075447433,1785268669076043201,595
0xc7ea8,2,1785268669075920856,1785268669078168656,2247
0x18ff28a7,2,1785268669076193002,1785268669078168656,1975
0x18ff2895,2,1785268669076765165,1785268669078168656,1403
0x18fe2895,2,1785268669077137219,1785268669078168656,1031
0x18fe50a7,2,1785268669080610642,1785268669082042641,1431
0x18ffefa7,2,1785268669085715611,1785268669086043422,327
0x18ffa7ef,2,1785268669088197244,1785268669090043074,1845
0x18fe50a7,2,1785268669090874284,1785268669092051196,1176
0x18ff9528,2,1785268669094563595,1785268669096169014,1605
0x10ffd438,2,1785268669094941519,1785268669096169014,1227
0x18ffefa7,2,1785268669096117104,1785268669098295098,2177
0x1f2,1,1785268669096689360,1785268669098295098,1605
0xc7ea8,2,1785268669096861063,1785268669098295098,1434
0x18ff28a7,2,1785268669097132357,1785268669098295098,1162
0xc7f94,2,1785268669097704687,1785268669098295098,590
0xc7f14,2,1785268669098077796,1785268669100169036,2091
0x18fe50a7,2,1785268669101552090,1785268669102168917,616
0x10ff38d4,2,1785268669106439171,1785268669108189950,1750
0x18ffefa7,2,1785268669106716392,1785268669108189950,1473
0x18fff5d4,2,1785268669108391974,1785268669110198368,1806
0x18ffa7ef,2,1785268669109264191,1785268669110198368,934
0x18fe50a7,2,1785268669111938361,1785268669114294889,2356
0x18ff9528,2,1785268669115712690,1785268669116294308,581
0x18ffefa7,2,1785268669117286050,1785268669118305726,1019
0x0,0,1785268669117457716,1785268669118305726,848
0x18fd50a7,2,1785268669117729548,1785268669118305726,576
0x18ff28a7,2,1785268669118111175,1785268669120303459,2192
0x18ff2895,2,1785268669119584425,1785268669120303459,719
0x18fe2895,2,1785268669119600888,1785268669120303459,702
0x1801d08f,2,1785268669121675005,1785268669122295118,620
0x18fe50a7,2,1785268669122550056,1785268669124305370,1755
0x18ffefa7,2,1785268669127624358,1785268669128416706,792
0x18ffa7ef,2,1785268669130104584,1785268669132440821,2336
0x1cffd4f5,2,1785268669130477397,1785268669132440821,1963
0x18ffd0ef,2,1785268669131249855,1785268669132440821,1190
0x18ff95ef,2,1785268669132323886,1785268669134438480,2114
0x18fe50a7,2,1785268669132996289,1785268669134438480,1442
0x10ff38ef,2,1785268669133468823,1785268669134438480,969
0x18ff9528,2,1785268669136843229,1785268669138417261,1574
0x18ffefa7,2,1785268669138417534,1785268669140546993,2129
0x1f2,1,1785268669138589329,1785268669140546993,1957
0x18fd50a7,2,1785268669138862235,1785268669140546993,1684
0x18ff28a7,2,1785268669139234955,1785268669140546993,1312
0x18ff2895,2,1785268669140409244,1785268669142561134,2151
0xc7f14,2,1785268669140881278,1785268669142561134,1679
0x18fe50a7,2,1785268669143655373,1785268669144546219,890
0x18ffefa7,2,1785268669148729472,1785268669150546881,1817
0x18ff28d0,2,1785268669149802039,1785268669150546881,744
0x30c,1,1785268669150675905,1785268669152546874,1870
0x18ffa7ef,2,1785268669151347975,1785268669152546874,1198
0x18fe50a7,2,1785268669154022495,1785268669154546440,523
0x18ff9528,2,1785268669157796195,1785268669158563425,767
0x18ffefa7,2,1785268669159370185,1785268669160798917,1428
0x1f2,1,1785268669159542703,1785268669160798917,1256
0x18fd50a7,2,1785268669159814794,1785268669160798917,984
0x18ff28a7,2,1785268669160187032,1785268669160798917,611
0x18ff2895,2,1785268669161360822,1785268669162676298,1315
0x18fe2895,2,1785268669161733190,1785268669162676298,943
0x18fe50a7,2,1785268669164607561,1785268669166672172,2064
0x18ffe5f4,2,1785268669167581395,1785268669168688868,1107
0x18ff28f4,2,1785268669167953115,1785268669168688868,735
0x18ffefa7,2,1785268669169827104,1785268669170678638,851
0x18ffa7ef,2,1785268669172301070,1785268669172798464,497
0x18fe50a7,2,1785268669174974943,1785268669176797893,1822
0x18ffeff4,2,1785268669177948814,1785268669178797719,848
0x18ff9528,2,1785268669178823438,1785268669180798730,1975
0x18ffefa7,2,1785268669180395596,1785268669180798730,403
0x1f2,1,1785268669180569169,1785268669182811629,2242
0x18fd50a7,2,1785268669180841019,1785268669182811629,1970
0x18ff28a7,2,1785268669181213665,1785268669182811629,1597
0xc7f94,2,1785268669182688230,1785268669184819826,2131
0xc7f14,2,1785268669182704600,1785268669184819826,2115
0x18fe50a7,2,1785268669185578175,1785268669186923151,1344
0x18ffefa7,2,1785268669190697108,1785268669192924850,2227
0x18ffa7ef,2,1785268669193200092,1785268669194923695,1723
0x18fe50a7,2,1785268669195884669,1785268669196924187,1039
0x18ff9528,2,1785268669199761331,1785268669200930376,1169
0x18ffefa7,2,1785268669201236488,1785268669203051071,1814
0x0,0,1785268669201408895,1785268669203051071,1642
0x18fd50a7,2,1785268669201680560,1785268669203051071,1370
0x18ff28a7,2,1785268669202051502,1785268669203051071,999
0x18ff2895,2,1785268669202624924,1785268669203051071,426
0x18fe2895,2,1785268669202997589,1785268669205049971,2052
0x18fe50a7,2,1785268669206470735,1785268669207049519,578
0x18ffefa7,2,1785268669211560371,1785268669213051163,1490
0x1cff50d4,2,1785268669212039386,1785268669213051163,1011
0x18ffa7ef,2,1785268669214112929,1785268669215050229,937
0x18fff5d4,2,1785268669214385391,1785268669215050229,664
0x18fe50a7,2,1785268669216859024,1785268669219054177,2195
0x18ff9528,2,1785268669220637316,1785268669221174910,537
0x18ffefa7,2,1785268669222216454,1785268669223215643,999
0x0,0,1785268669222390490,1785268669223215643,825
0x18fd50a7,2,1785268669222662100,1785268669223215643,553
0x18ff28a7,2,1785268669223038783,1785268669225185543,2146
0x18ff2895,2,1785268669224307534,1785268669225185543,878
0x18fe2895,2,1785268669224578440,1785268669225185543,607
0x1801d08f,2,1785268669226652705,1785268669227175572,522
0x18fe50a7,2,1785268669227525682,1785268669229176602,1650
0x18ffefa7,2,1785268669232599244,1785268669233193086,593
0x18ffa7ef,2,1785268669235073025,1785268669237327052,2254
0x1cffd4f5,2,1785268669236344406,1785268669237327052,982
0x18ff28ef,2,1785268669236361128,1785268669237327052,965
0xc7f8f,2,1785268669237233808,1785268669239305637,2071
0x18fe50a7,2,1785268669237904915,1785268669239305637,1400
0x18ff9528,2,1785268669241989780,1785268669243303011,1313
0x18ffefa7,2,1785268669243267679,1785268669245424059,2156
0x1f2,1,1785268669243439771,1785268669245424059,1984
0x18fd50a7,2,1785268669243711102,1785268669245424059,1712
0x18ff28a7,2,1785268669244082230,1785268669245424059,1341
0x18ff2895,2,1785268669245355685,1785268669247334737,1979
0x18fe2895,2,1785268669245627221,1785268669247334737,1707
0x18fe50a7,2,1785268669248500870,1785268669249322914,822
0x18ffefa7,2,1785268669253574858,1785268669255423835,1848
0x30c,1,1785268669255249977,1785268669257434902,2184
0x18ffa7ef,2,1785268669256121972,1785268669257434902,1312
0x18fe50a7,2,1785268669258814234,1785268669259424376,610
0x18ff9528,2,1785268669262598155,1785268669263424009,825
0xc7ff7,2,1785268669264174349,1785268669265554186,1379
0x1f2,1,1785268669264547143,1785268669265554186,1007
0x18fd50a7,2,1785268669264919437,1785268669265554186,634
0x18ff28a7,2,1785268669264935845,1785268669265554186,618
0x18ff2895,2,1785268669266111893,1785268669267552734,1440
0x18fe2895,2,1785268669266484150,1785268669267552734,1068
0x18fe50a7,2,1785268669269358300,1785268669271553145,2194
0x18ff28f4,2,1785268669272332652,1785268669273557822,1225
0x10ffd4f4,2,1785268669272705168,1785268669273557822,852
0x18ffefa7,2,1785268669274579694,1785268669275552870,973
0x18ffa7ef,2,1785268669277053753,1785268669277554233,500
0x18fe50a7,2,1785268669279727607,1785268669281570792,1843
0x18ffeff4,2,1785268669282702052,1785268669283680710,978
0x18ff9528,2,1785268669283875990,1785268669285682017,1806
0xc7ff7,2,1785268669285148612,1785268669285682017,533
0x1f2,1,1785268669285522424,1785268669287804639,2282
0x18fd50a7,2,1785268669285894459,1785268669287804639,1910
0x18ff28a7,2,1785268669285911089,1785268669287804639,1893
0x18ff2895,2,1785268669287084082,1785268669287804639,720
0x18fe2895,2,1785268669287458005,1785268669289678557,2220
0xc7f28,2,1785268669290333025,1785268669291705050,1372
0x18ffefa7,2,1785268669295406957,1785268669295803571,396
0x18ffa7ef,2,1785268669297879442,1785268669299804686,1925
0x18fe50a7,2,1785268669300556908,1785268669301804437,1247
0x18ff9528,2,1785268669304732049,1785268669305815329,1083
0x10ffd438,2,1785268669305104510,1785268669305815329,710
0xc7ff7,2,1785268669305978338,1785268669307931025,1952
0x1f2,1,1785268669306353984,1785268669307931025,1577
0x18fd50a7,2,1785268669306727204,1785268669307931025,1203
0x18ff28a7,2,1785268669306743685,1785268669307931025,1187
0x18ff2895,2,1785268669307918215,1785268669309930518,2012
0xc7f14,2,1785268669308390268,1785268669309930518,1540
0xc7f28,2,1785268669311164381,1785268669311930325,765
0x10fff4d4,2,1785268669315737964,1785268669317930728,2192
0xc7ff7,2,1785268669316309683,1785268669317930728,1621
0x10ff38d4,2,1785268669317883136,1785268669319939424,2056
0x18ffa7ef,2,1785268669318855631,1785268669319939424,1083
0x18fff5d4,2,1785268669320029364,1785268669321947639,1918
0x18fe50a7,2,1785268669321601133,1785268669321947639,346
0x18ff9528,2,1785268669325675497,1785268669327979282,2303
0x18ffefa7,2,1785268669326948063,1785268669327979282,1031
0x1f2,1,1785268669327319542,1785268669327979282,659
0x18fd50a7,2,1785268669327691374,1785268669330182478,2491
0x18ff28a7,2,1785268669327720836,1785268669330182478,2461
0x18ff2895,2,1785268669328893589,1785268669330182478,1288
0x18fe2895,2,1785268669329265753,1785268669330182478,916
0x1801d08f,2,1785268669331340463,1785268669332056230,715
0xc7f28,2,1785268669332213976,1785268669334056463,1842
0xc7ff7,2,1785268669337287779,1785268669338056466,768
0x18ffa7ef,2,1785268669339661875,1785268669340056292,394
0xe7fea,2,1785268669341335513,1785268669342181803,846
0x18fe50a7,2,1785268669342510210,1785268669344187147,1676
0x18ff9528,2,1785268669346484038,1785268669348182854,1698
0x18ffefa7,2,1785268669347864048,1785268669350309790,2445
0x1f2,1,1785268669348229416,1785268669350309790,2080
0x18fd50a7,2,1785268669348601562,1785268669350309790,1708
0x18ff28a7,2,1785268669348617470,1785268669350309790,1692
0x18ff2895,2,1785268669349789666,1785268669350309790,520
0x18fe2895,2,1785268669350163479,1785268669352182172,2018
0xc7f28,2,1785268669353036776,1785268669354194164,1157
0xc7ff7,2,1785268669358130486,1785268669360307882,2177
0x18ff28d0,2,1785268669359610144,1785268669360307882,697
0x30c,1,1785268669359984142,1785268669362308578,2324
0x18ffa7ef,2,1785268669360658230,1785268669362308578,1650
0x18fe50a7,2,1785268669363433269,1785268669364314756,881
0x18ff9528,2,1785268669367407412,1785268669368308778,901
0x18ffefa7,2,1785268669368781959,1785268669370346714,1564
0x1f2,1,1785268669369154920,1785268669370346714,1191
0x18fd50a7,2,1785268669369527436,1785268669370346714,819
0x18ff28a7,2,1785268669369543677,1785268669370346714,803
0x18ff2895,2,1785268669370718521,1785268669372360373,1641
0xc7f14,2,1785268669371190352,1785268669372360373,1170
0x18fe50a7,2,1785268669373964854,1785268669374430736,465
0x18ffe5f4,2,1785268669377239352,1785268669378430739,1191
0x18ff28f4,2,1785268669377255575,1785268669378430739,1175
0x18ffefa7,2,1785268669379129434,1785268669380431046,1301
0x18ffa7ef,2,1785268669381503012,1785268669382430187,927
0x18fe50a7,2,1785268669384277551,1785268669386436098,2158
0x18ffeff4,2,1785268669387292181,1785268669388559108,1266
0x18ff9528,2,1785268669388396396,1785268669390570545,2174
0x18ffefa7,2,1785268669389458705,1785268669390570545,1111
0x1f2,1,1785268669390111590,1785268669390570545,458
0x18fd50a7,2,1785268669390464921,1785268669392685796,2220
0x18ff28a7,2,1785268669390556791,1785268669392685796,2129
0x18ff2895,2,1785268669391969467,1785268669392685796,716
0x18fe2895,2,1785268669392091967,1785268669392685796,593
0x18fe50a7,2,1785268669394916635,1785268669396560096,1643
0x18ffefa7,2,1785268669399970715,1785268669400559655,588
0x18ffa7ef,2,1785268669402424719,1785268669404575270,2150
0x18fe50a7,2,1785268669405138147,1785268669406685262,1547
0x18ff9528,2,1785268669409181752,1785268669410685784,1504
0x18ffefa7,2,1785268669410555374,1785268669412732072,2176
0x1f2,1,1785268669410917927,1785268669412732072,1814
0x18fd50a7,2,1785268669411270073,1785268669412732072,1461
0x18ff28a7,2,1785268669411364109,1785268669412732072,1367
0x18ff2895,2,1785268669412506917,1785268669414686676,2179
0xc7f14,2,1785268669412968655,1785268669414686676,1718
0x18fe50a7,2,1785268669415724509,1785268669416699001,974
0x18ffefa7,2,1785268669420778534,1785268669422825923,2047
0x18fff5d4,2,1785268669421280124,1785268669422825923,1545
0xc7fd3,2,1785268669423384389,1785268669424812119,1427
0x18fe50a7,2,1785268669426018280,1785268669426811482,793
0x18ff9528,2,1785268669430086071,1785268669430811503,725
0x18ffefa7,2,1785268669431147675,1785268669432858107,1710
0x1f2,1,1785268669431800282,1785268669432858107,1057
0x18fd50a7,2,1785268669432152280,1785268669432858107,705
0x18ff28a7,2,1785268669432244428,1785268669432858107,613
0x18ff2895,2,1785268669433388699,1785268669434834877,1446
0xc7f14,2,1785268669433850844,1785268669434834877,984
0x1801d08f,2,1785268669435875128,1785268669436936999,1061
0x18fe50a7,2,1785268669436690031,1785268669438937158,2247
0x18ffefa7,2,1785268669441743926,1785268669442937309,1193
0x18ffa7ef,2,1785268669444297689,1785268669444938191,640
0x18ff28ef,2,1785268669445271590,1785268669446960350,1688
0x18ff1eef,2,1785268669446634360,1785268669446960350,325
0x1cffd4f5,2,1785268669446728155,1785268669449063731,2335
0x18fe50a7,2,1785268669447130486,1785268669449063731,1933
0x18ffd0ef,2,1785268669447562576,1785268669449063731,1501
0x18ff95ef,2,1785268669448635033,1785268669449063731,428
0x87f9c,2,1785268669449788952,1785268669451062556,1273
0x18ff38ef,2,1785268669450782223,1785268669453099012,2316
0x18ff9528,2,1785268669451544349,1785268669453099012,1554
0x18fe38ef,2,1785268669451927235,1785268669453099012,1171
0x18ffefa7,2,1785268669452639657,1785268669453099012,459
0x1f2,1,1785268669452993951,1785268669455088708,2094
0xc7ea8,2,1785268669453425985,1785268669455088708,1662
0x18ff28a7,2,1785268669453988871,1785268669455088708,1099
0x1cfe50ef,2,1785268669454081148,1785268669455088708,1007
0x18ff2895,2,1785268669455176549,1785268669457087330,1910
0xc7f14,2,1785268669455328918,1785268669457087330,1758
0x18fff4ef,2,1785268669455631157,1785268669457087330,1456
0x18fe50a7,2,1785268669458226012,1785268669459073452,847
0x18ffefa7,2,1785268669463280167,1785268669465188410,1908
0x30c,1,1785268669465034008,1785268669467191088,2157
0x18ffa7ef,2,1785268669465806318,1785268669467191088,1384
0x18fe50a7,2,1785268669468521524,1785268669469189321,667
0x18ff9528,2,1785268669472595536,1785268669473189139,593
0x18ffefa7,2,1785268669473669678,1785268669475230928,1561
0x1f2,1,1785268669474302637,1785268669475230928,928
0x18fd50a7,2,1785268669474654561,1785268669475230928,576
0xc7f94,2,1785268669474806893,1785268669475230928,424
0x18ff2895,2,1785268669475910979,1785268669477210253,1299
0x18fe2895,2,1785268669476283125,1785268669477210253,927
0x18fe50a7,2,1785268669479107904,1785268669481313830,2205
0x18ff28f4,2,1785268669482130294,1785268669483314656,1184
0x18fe28f4,2,1785268669482490328,1785268669483314656,824
0x18ffefa7,2,1785268669484308114,1785268669485315537,1007
0x18ffa7ef,2,1785268669486766266,1785268669487314048,547
0x18fe50a7,2,1785268669489479972,1785268669491314922,1834
0x1cff50f4,2,1785268669492498009,1785268669493360211,862
0x18ffeff4,2,1785268669492859025,1785268669493360211,501
0x18ff9528,2,1785268669493813094,1785268669495449240,1636
0x18ffefa7,2,1785268669494766014,1785268669495449240,683
0x1f2,1,1785268669495399788,1785268669497472139,2072
0x18fd50a7,2,1785268669495760637,1785268669497472139,1711
0xc7f94,2,1785268669495913173,1785268669497472139,1558
0x18ff2895,2,1785268669496962037,1785268669497472139,510
0x18fe2895,2,1785268669497323739,1785268669499436891,2113
0x18fe50a7,2,1785268669500214351,1785268669501437513,1223
0x18ff38f4,2,1785268669503213722,1785268669505449868,2236
0x18ffefa7,2,1785268669505337246,1785268669507564972,2227
0x18ffa7ef,2,1785268669507791213,1785268669509566075,1774
0x18fe50a7,2,1785268669510505808,1785268669511565660,1059
0x18ff9528,2,1785268669514699653,1785268669515566552,866
0x10ffd438,2,1785268669515051688,1785268669515566552,514
0x18ffefa7,2,1785268669515725517,1785268669517692248,1966
0x1f2,1,1785268669516357420,1785268669517692248,1334
0x18fd50a7,2,1785268669516709011,1785268669517692248,983
0xc7f94,2,1785268669516861103,1785268669517692248,831
0xc7f94,2,1785268669518025466,1785268669519613796,1588
0x18fe2895,2,1785268669518338334,1785268669519613796,1275
0x18fe50a7,2,1785268669521161743,1785268669521691436,529
0x10ff38d4,2,1785268669525606346,1785268669527704358,2098
0x18ffefa7,2,1785268669526308897,1785268669527704358,1395
0x18fff5d4,2,1785268669527722556,1785268669529693128,1970
0x18ffa7ef,2,1785268669528814790,1785268669529693128,878
0xc7f28,2,1785268669531609106,1785268669533697928,2088
0x18ff9528,2,1785268669535652952,1785268669537818042,2165
0x18ffefa7,2,1785268669536675594,1785268669537818042,1142
0x1f2,1,1785268669537307738,1785268669537818042,510
0x18fd50a7,2,1785268669537661477,1785268669539866071,2204
0xc7f94,2,1785268669537813402,1785268669539866071,2052
0x18ff2895,2,1785268669538896340,1785268669539866071,969
0x18fe2895,2,1785268669539288115,1785268669539866071,577
0x1801d08f,2,1785268669541381695,1785268669541817527,435
0x18fe50a7,2,1785268669542185913,1785268669543817334,1631
0x18ffefa7,2,1785268669547259938,1785268669547817893,557
0x18ffa7ef,2,1785268669549693423,1785268669551824378,2130
0x18fe50a7,2,1785268669552408092,1785268669553943407,1535
0x1cffd4f5,2,1785268669552770127,1785268669553943407,1173
0x18ff9528,2,1785268669556674103,1785268669557944243,1270
0x18ffefa7,2,1785268669557626875,1785268669559971495,2344
0x1f2,1,1785268669558260001,1785268669559971495,1711
0xc7ea8,2,1785268669558612203,1785268669559971495,1359
0x18ff28a7,2,1785268669558704554,1785268669559971495,1266
0x18ff2895,2,1785268669559868510,1785268669561950450,2081
0x18fe2895,2,1785268669560240674,1785268669561950450,1709
0x18fe50a7,2,1785268669563065157,1785268669563943517,878
0x18ffefa7,2,1785268669568139164,1785268669569960605,1821
0x30c,1,1785268669570087967,1785268669572075653,1987
0x18ff28d0,2,1785268669570166207,1785268669572075653,1909
0x18ffa7ef,2,1785268669570719074,1785268669572075653,1356
0xc7f28,2,1785268669573512816,1785268669574069516,556
0x18ff9528,2,1785268669577587273,1785268669578069500,482
0x18ffefa7,2,1785268669578581619,1785268669580117381,1535
0x1f2,1,1785268669579213189,1785268669580117381,904
0x18fd50a7,2,1785268669579565724,1785268669580117381,551
0xc7f94,2,1785268669579718131,1785268669580117381,399
0x18ff2895,2,1785268669580831791,1785268669582094967,1263
0x18fe2895,2,1785268669581193826,1785268669582094967,901
0x18fe50a7,2,1785268669584017753,1785268669586194988,2177
0x18ffe5f4,2,1785268669587021420,1785268669588213999,1192
0x18ff28f4,2,1785268669587403807,1785268669588213999,810
0x10ffd4f4,2,1785268669587775934,1785268669588213999,438
0x18ffefa7,2,1785268669589309647,1785268669590195251,885
0x18ffa7ef,2,1785268669591743632,1785268669592195095,451
0x18fe50a7,2,1785268669594457894,1785268669596195506,1737
0x18ffeff4,2,1785268669597551468,1785268669598195720,644
0x18ff9528,2,1785268669598625572,1785268669600320064,1694
0x18ffefa7,2,1785268669599998564,1785268669602357186,2358
0x1f2,1,1785268669600015101,1785268669602357186,2342
0x18fd50a7,2,1785268669600388339,1785268669602357186,1968
0x18ff28a7,2,1785268669600661504,1785268669602357186,1695
0x18ff2895,2,1785268669601933774,1785268669602357186,423
0x18fe2895,2,1785268669602207625,1785268669604320734,2113
0x18fe50a7,2,1785268669605081015,1785268669606320986,1239
0x18ffefa7,2,1785268669610155855,1785268669612321370,2165
0x18ffa7ef,2,1785268669612529118,1785268669614321381,1792
0x18fe50a7,2,1785268669615303749,1785268669616331614,1027
0x18ff9528,2,1785268669619577372,1785268669620443617,866
0x18ffefa7,2,1785268669620450570,1785268669622474832,2024
0x1f2,1,1785268669620822494,1785268669622474832,1652
0xc7ea8,2,1785268669621194325,1785268669622474832,1280
0x18ff28a7,2,1785268669621466305,1785268669622474832,1008
0x18ff2895,2,1785268669622740575,1785268669624448176,1707
0x18fe2895,2,1785268669623012184,1785268669624448176,1435
0x18fe50a7,2,1785268669625886704,1785268669626443650,556
0x18ffefa7,2,1785268669631260727,1785268669632481979,1221
0x10fff4d4,2,1785268669631276968,1785268669632481979,1205
0x18fff5d4,2,1785268669633550362,1785268669634577212,1026
0x18ffa7ef,2,1785268669633722694,1785268669634577212,854
0x18fe50a7,2,1785268669636197253,1785268669636572482,375
0x18ff9528,2,1785268669640471672,1785268669642595626,2123
0x18ffefa7,2,1785268669641343333,1785268669642595626,1252
0x1f2,1,1785268669641915663,1785268669642595626,679
0xc7ea8,2,1785268669642288698,1785268669644617341,2328
0x18ff28a7,2,1785268669642316660,1785268669644617341,2300
0x18ff2895,2,1785268669643489542,1785268669644617341,1127
0x18fe2895,2,1785268669643861947,1785268669644617341,755
0x1801d08f,2,1785268669645935361,1785268669646575481,640
0x18fe50a7,2,1785268669646809374,1785268669648698232,1888
0x18ffefa7,2,1785268669651883251,1785268669652698754,815
0x18ffa7ef,2,1785268669654360736,1785268669656699369,2338
0x18ff28ef,2,1785268669655330230,1785268669656699369,1369
0xc7f8f,2,1785268669656504130,1785268669658709972,2205
0x18fe50a7,2,1785268669657175719,1785268669658709972,1534
0x1cffd4f5,2,1785268669657848659,1785268669658709972,861
0x18ff9528,2,1785268669661422508,1785268669662699568,1277
0xc7ff7,2,1785268669662696112,1785268669664826097,2129
0x1f2,1,1785268669663068202,1785268669664826097,1757
0x18fd50a7,2,1785268669663340793,1785268669664826097,1485
0x18ff28a7,2,1785268669663513440,1785268669664826097,1312
0x18ff2895,2,1785268669664587619,1785268669666824849,2237
0x18fe2895,2,1785268669664959357,1785268669666824849,1865
0x18fe50a7,2,1785268669667833581,1785268669668824915,991
0x18ffefa7,2,1785268669672907754,1785268669674824856,1917
0x30c,1,1785268669674581725,1785268669676826181,2244
0x18ffa7ef,2,1785268669675353906,1785268669676826181,1472
0x18fe50a7,2,1785268669678128370,1785268669678832933,704
0x18ff9528,2,1785268669682402863,1785268669682950325,547
0x18ffefa7,2,1785268669683576634,1785268669685076539,1499
0x1f2,1,1785268669683592560,1785268669685076539,1483
0x18fd50a7,2,1785268669683964872,1785268669685076539,1111
0x18ff28a7,2,1785268669684236741,1785268669685076539,839
0x18ff2895,2,1785268669685410715,1785268669686950717,1540
0x18fe2895,2,1785268669685783250,1785268669686950717,1167
0x18fe50a7,2,1785268669688657251,1785268669690950368,2293
0x18ffefa7,2,1785268669693731165,1785268669694951113,1219
0x18ffa7ef,2,1785268669696105114,1785268669696951772,846
0x18ff28f4,2,1785268669697778733,1785268669699075801,1297
0x18fe50a7,2,1785268669698952893,1785268669701076793,2123
0x18ff9528,2,1785268669703326089,1785268669705088167,1762
0x18ffefa7,2,1785268669704398249,1785268669705088167,689
0x0,0,1785268669704415101,1785268669705088167,673
0x18fd50a7,2,1785268669704787728,1785268669707103289,2315
0x18ff28a7,2,1785268669705060097,1785268669707103289,2043
0x18ff2895,2,1785268669706233627,1785268669707103289,869
0xc7f14,2,1785268669706705253,1785268669707103289,398
0x18ffeff4,2,1785268669708479169,1785268669709077133,597
0x18fe50a7,2,1785268669709552644,1785268669711082533,1529
0x18ffefa7,2,1785268669714626928,1785268669715202906,575
0x18ffa7ef,2,1785268669716999969,1785268669719201984,2202
0x18fe50a7,2,1785268669719774545,1785268669721203161,1428
0x18ff9528,2,1785268669724369591,1785268669725210813,841
0x10ffd438,2,1785268669724390554,1785268669725210813,820
0x18ffefa7,2,1785268669725272641,1785268669727329546,2056
0x0,0,1785268669725288141,1785268669727329546,2041
0x18fd50a7,2,1785268669725661546,1785268669727329546,1668
0x18ff28a7,2,1785268669725992396,1785268669727329546,1337
0x18ff2895,2,1785268669727170556,1785268669729328483,2157
0x18fe2895,2,1785268669727543609,1785268669729328483,1784
0x18fe50a7,2,1785268669730418536,1785268669731327606,909
0x1cff50d4,2,1785268669734805658,1785268669735328758,523
0x18ffefa7,2,1785268669735584931,1785268669737329121,1744
0x10ff38d4,2,1785268669736857942,1785268669737329121,471
0x18ffa7ef,2,1785268669738031546,1785268669739341799,1310
0x18fff5d4,2,1785268669739005022,1785268669739341799,336
0x18fe50a7,2,1785268669740878177,1785268669741336607,458
0x18ff9528,2,1785268669745153021,1785268669747580510,2427
0x18ffefa7,2,1785268669746325144,1785268669747580510,1255
0x0,0,1785268669746341848,1785268669747580510,1238
0x18fd50a7,2,1785268669746713345,1785268669747580510,867
0x18ff28a7,2,1785268669746984436,1785268669747580510,596
0x18ff2895,2,1785268669748157429,1785268669749452244,1294
0xc7f14,2,1785268669748629501,1785268669749452244,822
0x1801d08f,2,1785268669750604026,1785268669751450348,846
0xc7f28,2,1785268669751577298,1785268669753451174,1873
0x18ffefa7,2,1785268669756550934,1785268669757451475,900
0x18ffa7ef,2,1785268669759029734,1785268669759579041,549
0x18ffd0ef,2,1785268669760027672,1785268669761580182,1552
0x18ff95ef,2,1785268669761109147,1785268669761580182,471
0xc7f28,2,1785268669761985772,1785268669763593619,1607
0x10ff38ef,2,1785268669762259918,1785268669763593619,1333
0x1cffd4f5,2,1785268669763233338,1785268669763593619,360
0x18ff9528,2,1785268669766307986,1785268669767579735,1271
0x18ffefa7,2,1785268669767482202,1785268669769617783,2135
0x1f2,1,1785268669767498646,1785268669769617783,2119
0x18fd50a7,2,1785268669767871144,1785268669769617783,1746
0x18ff28a7,2,1785268669768143549,1785268669769617783,1474
0x18ff2895,2,1785268669769617707,1785268669771594850,1977
0xc7f14,2,1785268669769633615,1785268669771594850,1961
0xc7f28,2,1785268669772607948,1785268669773705213,1097
0x18ffefa7,2,1785268669777582270,1785268669779711932,2129
0x30c,1,1785268669779255371,1785268669779711932,456
0x18ff28d0,2,1785268669779929275,1785268669781706943,1777
0x18ffa7ef,2,1785268669780301032,1785268669781706943,1405
0x18fe50a7,2,1785268669782875775,1785268669783705288,829
0x18ff9528,2,1785268669787349859,1785268669787714255,364
0x18ffefa7,2,1785268669788324002,1785268669789876895,1552
0x1f2,1,1785268669788695870,1785268669789876895,1181
0x18fd50a7,2,1785268669789068108,1785268669789876895,808
0x18ff28a7,2,1785268669789083868,1785268669789876895,793
0x18ff2895,2,1785268669790158694,1785268669791831185,1672
0x18fe2895,2,1785268669790530711,1785268669791831185,1300
0x18fe50a7,2,1785268669793404953,1785268669793831381,426
0x18ffefa7,2,1785268669798479348,1785268669799831582,1352
0x18ffa7ef,2,1785268669800853241,1785268669801831593,978
0x18ffe5f4,2,1785268669802527916,1785268669803860549,1332
0x18ff28f4,2,1785268669802900080,1785268669803860549,960
0xc7f28,2,1785268669803874315,1785268669805956393,2082
0x18ffefa7,2,1785268669809148413,1785268669809980342,831
0x1f2,1,1785268669809164580,1785268669809980342,815
0x18fd50a7,2,1785268669809536985,1785268669809980342,443
0x18ff28a7,2,1785268669809810372,1785268669811995538,2185
0x18ff9528,2,1785268669810183092,1785268669811995538,1812
0x18ff2895,2,1785268669811054920,1785268669811995538,940
0x18fe2895,2,1785268669811427455,1785268669811995538,568
0x18ffeff4,2,1785268669813301221,1785268669813957050,655
0x18fe50a7,2,1785268669814376122,1785268669815957209,1581
0x18ffefa7,2,1785268669819452647,1785268669819979787,527
0x18ffa7ef,2,1785268669821827411,1785268669824082698,2255
0x18fe50a7,2,1785268669824602079,1785268669826082599,1480
0x18ffefa7,2,1785268669829976287,1785268669832209891,2233
0x1f2,1,1785268669829991991,1785268669832209891,2217
0x18fd50a7,2,1785268669830365081,1785268669832209891,1844
0x18ff28a7,2,1785268669830636913,1785268669832209891,1572
0x18ff9528,2,1785268669831008763,1785268669832209891,1201
0x18ff2895,2,1785268669831982461,1785268669834083885,2101
0x18fe2895,2,1785268669832254014,1785268669834083885,1829
0x18fe50a7,2,1785268669835128275,1785268669836096748,968
0x18ffefa7,2,1785268669840501946,1785268669842208911,1706
0x18fff5d4,2,1785268669840517742,1785268669842208911,1691
0xc7fd3,2,1785268669842692377,1785268669844208737,1516
0x18fe50a7,2,1785268669845365898,1785268669846209082,843
0x18ffefa7,2,1785268669850740977,1785268669852336134,1595
0x1f2,1,1785268669850756570,1785268669852336134,1579
0x18fd50a7,2,1785268669851128697,1785268669852336134,1207
0x18ff28a7,2,1785268669851400806,1785268669852336134,935
0x18ff9528,2,1785268669851772971,1785268669852336134,563
0x18ff2895,2,1785268669852947519,1785268669854226275,1278
0x18fe2895,2,1785268669852964093,1785268669854226275,1262
0x1801d08f,2,1785268669855038062,1785268669856334286,1296
0xc7f28,2,1785268669856010630,1785268669858334723,2324
0xc7ff7,2,1785268669860985230,1785268669862334690,1349
0xc7fd3,2,1785268669863559363,1785268669864335072,775
0x18ff28ef,2,1785268669864433265,1785268669866335380,1902
0x18ff1eef,2,1785268669865505629,1785268669866335380,829
0x18fe50a7,2,1785268669866279939,1785268669868337243,2057
0xe7fea,2,1785268669868153983,1785268669870353088,2199
0x18ffefa7,2,1785268669871727517,1785268669872456450,728
0x1f2,1,1785268669872107830,1785268669874587480,2479
0x18fd50a7,2,1785268669872373532,1785268669874587480,2213
0x18ff28a7,2,1785268669872545179,1785268669874587480,2042
0x18ff9528,2,1785268669872817214,1785268669874587480,1770
0x18ff2895,2,1785268669873689357,1785268669874587480,898
0x18fe2895,2,1785268669874061151,1785268669874587480,526
0x18fe50a7,2,1785268669876935634,1785268669878457447,1521
0x18ffefa7,2,1785268669882009696,1785268669882457377,447
0x30c,1,1785268669883683612,1785268669884457592,773
0x18ffa7ef,2,1785268669884457625,1785268669886585659,2128
0x18fe50a7,2,1785268669887231516,1785268669888586059,1354
0x18ffefa7,2,1785268669892606280,1785268669894713055,2106
0x1f2,1,1785268669892978074,1785268669894713055,1734
0x18fd50a7,2,1785268669893252165,1785268669894713055,1460
0x18ff28a7,2,1785268669893423238,1785268669894713055,1289
0x18ff9528,2,1785268669893695385,1785268669894713055,1017
0x18ff2895,2,1785268669894670175,1785268669896587086,1916
0x18fe2895,2,1785268669894942377,1785268669896587086,1644
0x18fe50a7,2,1785268669897816286,1785268669898586893,770
0xc7ff7,2,1785268669902890199,1785268669904608501,1718
0x18ffa7ef,2,1785268669905263833,1785268669906712142,1448
0x18ff28f4,2,1785268669907237432,1785268669908715024,1477
0x10ffd4f4,2,1785268669907253229,1785268669908715024,1461
0x18fe50a7,2,1785268669908125446,1785268669908715024,589
0xc7ff7,2,1785268669913499969,1785268669914736817,1236
0x1f2,1,1785268669913871837,1785268669914736817,864
0x18fd50a7,2,1785268669914144743,1785268669914736817,592
0x18ff28a7,2,1785268669914316575,1785268669914736817,420
0x18ff2895,2,1785268669914890294,1785268669916715495,1825
0x18fe2895,2,1785268669915262773,1785268669916715495,1452
0x18ffeff4,2,1785268669917637073,1785268669918712747,1075
0x18fe50a7,2,1785268669918711326,1785268669920838702,2127
0xc7ff7,2,1785268669923785184,1785268669924838447,1053
0x18ffa7ef,2,1785268669926165929,1785268669926838366,672
0x18fe50a7,2,1785268669928940061,1785268669930838426,1898
0x10ffd438,2,1785268669933514107,1785268669934839078,1324
0xc7ff7,2,1785268669934386806,1785268669934839078,452
0x1f2,1,1785268669934760544,1785268669936965163,2204
0x18fd50a7,2,1785268669935032320,1785268669936965163,1932
0x18ff28a7,2,1785268669935205023,1785268669936965163,1760
0x18ff9528,2,1785268669935477262,1785268669936965163,1487
0xc7f94,2,1785268669936651477,1785268669938964304,2312
0x18fe2895,2,1785268669936823569,1785268669938964304,2140
0x18fe50a7,2,1785268669939597848,1785268669940964056,1366
0x18ffefa7,2,1785268669945108556,1785268669946966312,1857
0x10fff4d4,2,1785268669945130352,1785268669946966312,1835
0x10ff38d4,2,1785268669947425912,1785268669948965620,1539
0xc7fd3,2,1785268669947605207,1785268669948965620,1360
0x18fff5d4,2,1785268669949280753,1785268669950991631,1710
0x18fe50a7,2,1785268669950109229,1785268669950991631,882
0xc7ff7,2,1785268669955483327,1785268669957130757,1647
0x1f2,1,1785268669955855787,1785268669957130757,1274
0x18fd50a7,2,1785268669956127619,1785268669957130757,1003
0x18ff28a7,2,1785268669956298581,1785268669957130757,832
0x18ff9528,2,1785268669956872114,1785268669959099009,2226
0x18ff2895,2,1785268669956887651,1785268669959099009,2211
0x18fe2895,2,1785268669957258908,1785268669959099009,1840
0x1801d08f,2,1785268669959833171,1785268669961090150,1256
0xc7f28,2,1785268669960805035,1785268669963090310,2285
0x18ffefa7,2,1785268669965790283,1785268669967092017,1301
0x18ffa7ef,2,1785268669968263546,1785268669969215565,952
0x18ff38ef,2,1785268669969236855,1785268669971222429,1985
0x18fe38ef,2,1785268669970309163,1785268669971222429,913
0x18fe50a7,2,1785268669971082251,1785268669973220607,2138
0x1cfe50ef,2,1785268669971453286,1785268669973220607,1767
0x18fff4ef,2,1785268669972524835,1785268669973220607,695
0x1cffd4f5,2,1785268669973597791,1785268669975215433,1617
0x18ffefa7,2,1785268669976374349,1785268669977216296,841
0x1f2,1,1785268669977049678,1785268669979343251,2293
0x18fd50a7,2,1785268669977322250,1785268669979343251,2021
0x18ff28a7,2,1785268669977494805,1785268669979343251,1848
0x18ff9528,2,1785268669977766692,1785268669979343251,1576
0x18ff2895,2,1785268669978739890,1785268669979343251,603
0x18fe2895,2,1785268669979113202,1785268669981341059,2227
0x18fe50a7,2,1785268669981886538,1785268669983341052,1454
0x18ffefa7,2,1785268669986960544,1785268669987341760,381
0x30c,1,1785268669988633775,1785268669989341808,708
0x18ffa7ef,2,1785268669989707824,1785268669991358856,1651
0x18ff28d0,2,1785268669989724861,1785268669991358856,1633
0x18fe50a7,2,1785268669992199401,1785268669993345997,1146
0x18ffefa7,2,1785268669997273315,1785268669999594104,2320
0x1f2,1,1785268669997944867,1785268669999594104,1649
0x18fd50a7,2,1785268669998217643,1785268669999594104,1376
0x18ff28a7,2,1785268669998589418,1785268669999594104,1004
0x18ff9528,2,1785268669998605363,1785268669999594104,988
0x18ff2895,2,1785268669999579246,1785268670001464357,1885
0x18fe2895,2,1785268669999951392,1785268670001464357,1512
0x18fe50a7,2,1785268670002726079,1785268670003464053,737
0x18ffefa7,2,1785268670007800029,1785268670009464680,1664
0x18ffa7ef,2,1785268670010174811,1785268670011464395,1289
0x18ffe5f4,2,1785268670011848061,1785268670013633795,1785
0x18ff28f4,2,1785268670012219558,1785268670013633795,1414
0x18fe28f4,2,1785268670012591575,1785268670013633795,1042
0x10ffd4f4,2,1785268670012963739,1785268670013633795,670
0x18fe50a7,2,1785268670013167367,1785268670013633795,466
0x18ffd0f4,2,1785268670016186423,1785268670017619021,1432
0x1cff50f4,2,1785268670016567162,1785268670017619021,1051
0x18ffeff4,2,1785268670016942104,1785268670017619021,676
0x18ff9528,2,1785268670017817395,1785268670019597810,1780
0x18ffefa7,2,1785268670018891092,1785268670019597810,706
0x1f2,1,1785268670019270608,1785268670021635821,2365
0x18fd50a7,2,1785268670019538422,1785268670021635821,2097
0x18ff28a7,2,1785268670019711235,1785268670021635821,1924
0x18ff2895,2,1785268670020183936,1785268670021635821,1451
0x18fe2895,2,1785268670020556341,1785268670021635821,1079
0x18fe50a7,2,1785268670024031024,1785268670025593937,1562
0x18ff38f4,2,1785268670027006025,1785268670027599707,593
0x18ffefa7,2,1785268670029179160,1785268670029718737,539
0xc7fd3,2,1785268670031654663,1785268670033719334,2064
0x18fe50a7,2,1785268670034330240,1785268670035719215,1388
0x18ff9528,2,1785268670038004495,1785268670039720664,1716
0x18ffefa7,2,1785268670039479672,1785268670041846267,2366
0x1f2,1,1785268670040152464,1785268670041846267,1693
0x18fd50a7,2,1785268670040425907,1785268670041846267,1420
0x18ff28a7,2,1785268670040596739,1785268670041846267,1249
0x18ff2895,2,1785268670041069014,1785268670041846267,777
0x18fe2895,2,1785268670041451326,1785268670043727816,2276
0x18fe50a7,2,1785268670044916028,1785268670045844605,928
0x18ffefa7,2,1785268670050010145,1785268670051845879,1835
0x10fff4d4,2,1785268670050590271,1785268670051845879,1255
0xc7fd3,2,1785268670052766888,1785268670053845650,1078
0x18fff5d4,2,1785268670052939831,1785268670053845650,905
0x18fe50a7,2,1785268670055315632,1785268670055845717,530
0x18ff9528,2,1785268670058990165,1785268670059847758,857
0x18ffefa7,2,1785268670060464378,1785268670062011047,1546
0x1f2,1,1785268670061136911,1785268670062011047,874
0x18fd50a7,2,1785268670061408780,1785268670062011047,602
0x18ff28a7,2,1785268670061581705,1785268670062011047,429
0x18ff2895,2,1785268670062654828,1785268670063971095,1316
0xc7f14,2,1785268670063127140,1785268670063971095,843
0xc00e8,2,1785268670065200887,1785268670065970681,769
0x18fe50a7,2,1785268670065974364,1785268670067970710,1996
0x18ffefa7,2,1785268670071049240,1785268670071971344,922
0x1cffd4f5,2,1785268670073522985,1785268670073987485,464
0x18ffa7ef,2,1785268670073896390,1785268670076101144,2204
0x1cfed4f5,2,1785268670073912408,1785268670076101144,2188
0xc7f94,2,1785268670074685793,1785268670076101144,1415
0x18ff1eef,2,1785268670075757879,1785268670078097044,2339
0xc7f28,2,1785268670076431152,1785268670078097044,1665
0x18ff9528,2,1785268670080105093,1785268670082097197,1992
0x18ffefa7,2,1785268670081577177,1785268670082097197,520
0x1f2,1,1785268670082184247,1785268670084122689,1938
0xc7ea8,2,1785268670082562893,1785268670084122689,1559
0x18ff28a7,2,1785268670082579949,1785268670084122689,1542
0x18ff2895,2,1785268670083753516,1785268670084122689,369
0x18fe2895,2,1785268670084128421,1785268670086096738,1968
0x18fe50a7,2,1785268670087029848,1785268670088221730,1191
0x18ffefa7,2,1785268670092111761,1785268670094226820,2115
0x30c,1,1785268670093784770,1785268670094226820,442
0x18ffa7ef,2,1785268670094675561,1785268670096222294,1546
0xc7f28,2,1785268670097356434,1785268670098222842,866
0x18ff9528,2,1785268670101132207,1785268670102222717,1090
0x18ffefa7,2,1785268670102707475,1785268670104349006,1641
0x0,0,1785268670102879808,1785268670104349006,1469
0x18fd50a7,2,1785268670103151528,1785268670104349006,1197
0x18ff28a7,2,1785268670103523248,1785268670104349006,825
0x18ff2895,2,1785268670105014369,1785268670106348628,1334
0x18fe2895,2,1785268670105034202,1785268670106348628,1314
0x18fe50a7,2,1785268670107912166,1785268670108347936,435
0x18ff28f4,2,1785268670110886907,1785268670112348588,1461
0x18ffefa7,2,1785268670113060246,1785268670114348544,1288
0x18ffa7ef,2,1785268670115534565,1785268670116348240,813
0xc7f28,2,1785268670118212530,1785268670120354929,2142
0x18ffeff4,2,1785268670121188123,1785268670122474829,1286
0x18ff9528,2,1785268670121960952,1785268670122474829,513
0x18ffefa7,2,1785268670123435906,1785268670124471081,1035
0x1f2,1,1785268670123708237,1785268670124471081,762
0xc7ea8,2,1785268670124181031,1785268670126505481,2324
0x18ff28a7,2,1785268670124454270,1785268670126505481,2051
0x18ff2895,2,1785268670125027415,1785268670126505481,1478
0x18fe2895,2,1785268670125399968,1785268670126505481,1105
0x18fe50a7,2,1785268670128874540,1785268670130471097,1596
0x18ffefa7,2,1785268670133948509,1785268670134470934,522
0x18ffa7ef,2,1785268670136422661,1785268670138599438,2176
0x18fe50a7,2,1785268670139097145,1785268670140599912,1502
0x18ff9528,2,1785268670142770659,1785268670144600213,1829
0x10ffd438,2,1785268670143142750,1785268670144600213,1457
0x18ffefa7,2,1785268670144316021,1785268670146726835,2410
0x1f2,1,1785268670144888906,1785268670146726835,1837
0xc7ea8,2,1785268670145061646,1785268670146726835,1665
0x18ff28a7,2,1785268670145334070,1785268670146726835,1392
0xc7f94,2,1785268670145906863,1785268670146726835,819
0xc7f14,2,1785268670146298694,1785268670148600217,2301
0x18fe50a7,2,1785268670149754191,1785268670150609265,855
0x10ff38d4,2,1785268670154629829,1785268670156726206,2096
0x18ffefa7,2,1785268670154901623,1785268670156726206,1824
0x18fff5d4,2,1785268670156575965,1785268670158726143,2150
0x18ffa7ef,2,1785268670157448256,1785268670158726143,1277
0x18fe50a7,2,1785268670160122647,1785268670160725710,603
0x18ff9528,2,1785268670163897125,1785268670164726177,829
0x18ffefa7,2,1785268670165471115,1785268670166852151,1381
0x0,0,1785268670165643688,1785268670166852151,1208
0x18fd50a7,2,1785268670165916742,1785268670166852151,935
0x18ff28a7,2,1785268670166289444,1785268670166852151,562
0x18ff2895,2,1785268670167763324,1785268670168852514,1089
0x18fe2895,2,1785268670167779786,1785268670168852514,1072
0x1801d08f,2,1785268670169854107,1785268670170851359,997
0x18fe50a7,2,1785268670170728046,1785268670172851944,2123
0x18ffefa7,2,1785268670175801868,1785268670176852763,1050
0x18ffa7ef,2,1785268670178275982,1785268670178851941,575
0x1cffd4f5,2,1785268670178650165,1785268670180977545,2327
0x18ffd0ef,2,1785268670179422105,1785268670180977545,1555
0x18ff95ef,2,1785268670180494395,1785268670180977545,483
0x18fe50a7,2,1785268670181168039,1785268670182977408,1809
0x10ff38ef,2,1785268670181640444,1785268670182977408,1336
0x18ff9528,2,1785268670185014905,1785268670186977616,1962
0x18ffefa7,2,1785268670186588117,1785268670186977616,389
0x1f2,1,1785268670187430964,1785268670188997201,1566
0x18fd50a7,2,1785268670187735796,1785268670188997201,1261
0x18ff28a7,2,1785268670188129090,1785268670188997201,868
0x18ff2895,2,1785268670189319712,1785268670190977953,1658
0xc7f14,2,1785268670189799172,1785268670190977953,1178
0x18fe50a7,2,1785268670192608377,1785268670192990928,382
0x18ffefa7,2,1785268670197692069,1785268670199102757,1410
0x18ff28d0,2,1785268670198767414,1785268670201130287,2362
0x30c,1,1785268670199641390,1785268670201130287,1488
0x18ffa7ef,2,1785268670200313794,1785268670201130287,816
0x18fe50a7,2,1785268670202987944,1785268670205104347,2116
0x18ff9528,2,1785268670206762496,1785268670207103469,340
0x18ffefa7,2,1785268670208335875,1785268670209123018,787
0x1f2,1,1785268670208487633,1785268670209123018,635
0x18fd50a7,2,1785268670208766261,1785268670209123018,356
0x18ff28a7,2,1785268670209141703,1785268670211237195,2095
0x18ff2895,2,1785268670210315085,1785268670211237195,922
0x18fe2895,2,1785268670210686898,1785268670211237195,550
0x18fe50a7,2,1785268670213560788,1785268670215228792,1668
0x18ffe5f4,2,1785268670216535400,1785268670217229692,694
0x18ff28f4,2,1785268670216907323,1785268670219229370,2322
0x18ffefa7,2,1785268670218781442,1785268670219229370,447
0x18ffa7ef,2,1785268670221254279,1785268670223228986,1974
0x18fe50a7,2,1785268670223927929,1785268670225233423,1305
0x18ffeff4,2,1785268670226901319,1785268670227354211,452
0x18ff9528,2,1785268670227783110,1785268670229355389,1572
0x18ffefa7,2,1785268670229356896,1785268670231369790,2012
0x1f2,1,1785268670229528192,1785268670231369790,1841
0x18fd50a7,2,1785268670229799764,1785268670231369790,1570
0x18ff28a7,2,1785268670230174151,1785268670231369790,1195
0xc7f94,2,1785268670231648290,1785268670233356245,1707
0xc7f14,2,1785268670231664771,1785268670233356245,1691
0x18fe50a7,2,1785268670234539291,1785268670235354886,815
0x18ffefa7,2,1785268670239613483,1785268670241370717,1757
0x18ffa7ef,2,1785268670242094653,1785268670243484561,1389
0x18fe50a7,2,1785268670244771563,1785268670245477831,706
0x18ff9528,2,1785268670248711094,1785268670249478428,767
0x18ffefa7,2,1785268670250193437,1785268670251501884,1308
0x0,0,1785268670250367381,1785268670251501884,1134
0x18fd50a7,2,1785268670250639620,1785268670251501884,862
0x18ff28a7,2,1785268670251011469,1785268670251501884,490
0x18ff2895,2,1785268670251584929,1785268670253481932,1897
0x18fe2895,2,1785268670251956853,1785268670253481932,1525
0x18fe50a7,2,1785268670255430924,1785268670257485233,2054
0x18ffefa7,2,1785268670260521708,1785268670261608699,1086
0x1cff50d4,2,1785268670261000779,1785268670261608699,607
0x18ffa7ef,2,1785268670263078211,1785268670263607026,528
0x18fff5d4,2,1785268670263362506,1785268670265606944,2244
0x18fe50a7,2,1785268670265836343,1785268670267606993,1770
0x18ff9528,2,1785268670269612376,1785268670271622497,2010
0x18ffefa7,2,1785268670271184959,1785268670271622497,437
0x0,0,1785268670271369476,1785268670273756656,2387
0x18fd50a7,2,1785268670271640808,1785268670273756656,2115
0x18ff28a7,2,1785268670272012824,1785268670273756656,1743
0x18ff2895,2,1785268670273284354,1785268670273756656,472
0x18fe2895,2,1785268670273557074,1785268670275732389,2175
0x1801d08f,2,1785268670275630876,1785268670277733512,2102
0x18fe50a7,2,1785268670276502519,1785268670277733512,1230
0x18ffefa7,2,1785268670281578989,1785268670283732824,2153
0x18ffa7ef,2,1785268670284053677,1785268670285742724,1689
0x1cffd4f5,2,1785268670285325799,1785268670285742724,416
0x18ff28ef,2,1785268670285342596,1785268670285742724,400
0xc7f8f,2,1785268670286216664,1785268670287749568,1532
0x18fe50a7,2,1785268670286888938,1785268670287749568,860
0x18ff9528,2,1785268670290963302,1785268670291858646,895
0x18ffefa7,2,1785268670292237443,1785268670293890120,1652
0x1f2,1,1785268670292409275,1785268670293890120,1480
0x18fd50a7,2,1785268670292681533,1785268670293890120,1208
0x18ff28a7,2,1785268670293053994,1785268670293890120,836
0x18ff2895,2,1785268670294328856,1785268670295858854,1529
0x18fe2895,2,1785268670294600095,1785268670295858854,1258
0x18fe50a7,2,1785268670297472800,1785268670297858588,385
0x18ffefa7,2,1785268670302548177,1785268670303859233,1311
0x30c,1,1785268670304223963,1785268670305885892,1661
0x18ffa7ef,2,1785268670305096976,1785268670305885892,788
0x18fe50a7,2,1785268670307771553,1785268670309984063,2212
0x18ff9528,2,1785268670311546197,1785268670311984222,438
0xc7ff7,2,1785268670313119872,1785268670313984511,864
0x1f2,1,1785268670313492037,1785268670313984511,492
0x18fd50a7,2,1785268670313866164,1785268670316022596,2156
0x18ff28a7,2,1785268670313881960,1785268670316022596,2140
0x18ff2895,2,1785268670315055379,1785268670316022596,967
0x18fe2895,2,1785268670315427210,1785268670316022596,595
0x18fe50a7,2,1785268670318301693,1785268670319984545,1682
0x18ff28f4,2,1785268670321274879,1785268670322110241,835
0x10ffd4f4,2,1785268670321647265,1785268670322110241,462
0x18ffefa7,2,1785268670323521439,1785268670324110030,588
0x18ffa7ef,2,1785268670325993758,1785268670328109905,2116
0x18fe50a7,2,1785268670328708038,1785268670330110157,1402
0x18ffeff4,2,1785268670331691501,1785268670332110131,418
0x18ff9528,2,1785268670332868957,1785268670334112809,1243
0xc7ff7,2,1785268670334144801,1785268670336275524,2130
0x1f2,1,1785268670334517317,1785268670336275524,1758
0x18fd50a7,2,1785268670334890186,1785268670336275524,1385
0x18ff28a7,2,1785268670334906648,1785268670336275524,1368
0x18ff2895,2,1785268670336080826,1785268670338236220,2155
0x18fe2895,2,1785268670336452917,1785268670338236220,1783
0xc7f28,2,1785268670339327437,1785268670340235657,908
0x18ffefa7,2,1785268670344403184,1785268670346241303,1838
0x18ffa7ef,2,1785268670346878132,1785268670348236610,1358
0x18fe50a7,2,1785268670349552023,1785268670350243121,691
0x18ff9528,2,1785268670353746646,1785268670354361551,614
0x10ffd438,2,1785268670354128699,1785268670356402062,2273
0xc7ff7,2,1785268670355001453,1785268670356402062,1400
0x1f2,1,1785268670355373525,1785268670356402062,1028
0x18fd50a7,2,1785268670355745208,1785268670356402062,656
0x18ff28a7,2,1785268670355761615,1785268670356402062,640
0x18ff2895,2,1785268670356935497,1785268670358362092,1426
0xc7f14,2,1785268670357406568,1785268670358362092,955
0xc7f28,2,1785268670360183866,1785268670362362078,2178
0x10fff4d4,2,1785268670364759413,1785268670366379156,1619
0xc7ff7,2,1785268670365332020,1785268670366379156,1047
0x10ff38d4,2,1785268670366907159,1785268670368484352,1577
0x18ffa7ef,2,1785268670367879690,1785268670368484352,604
0x18fff5d4,2,1785268670369053739,1785268670370484086,1430
0x18fe50a7,2,1785268670370628266,1785268670372483875,1855
0x18ff9528,2,1785268670374702723,1785268670376484546,1781
0x18ffefa7,2,1785268670375975141,1785268670376484546,509
0x1f2,1,1785268670376348602,1785268670378523242,2174
0x18fd50a7,2,1785268670376720748,1785268670378523242,1802
0x18ff28a7,2,1785268670376736581,1785268670378523242,1786
0x18ff2895,2,1785268670377908778,1785268670378523242,614
0x18fe2895,2,1785268670378282553,1785268670380484846,2202
0x1801d08f,2,1785268670380356152,1785268670382613357,2257
0xc7f28,2,1785268670381228462,1785268670382613357,1384
0xc7ff7,2,1785268670386303209,1785268670388614002,2310
0x18ffa7ef,2,1785268670388676861,1785268670390613513,1936
0xe7fea,2,1785268670390359573,1785268670392613673,2254
0x18fe50a7,2,1785268670391532196,1785268670392613673,1081
0x18ff9528,2,1785268670395506986,1785268670396613918,1106
0x18ffefa7,2,1785268670396881830,1785268670398764706,1882
0x1f2,1,1785268670397253402,1785268670398764706,1511
0x18fd50a7,2,1785268670397625603,1785268670398764706,1139
0x18ff28a7,2,1785268670397642400,1785268670398764706,1122
0x18ff2895,2,1785268670398817504,1785268670400741551,1924
0x18fe2895,2,1785268670399188946,1785268670400741551,1552
0xc7f28,2,1785268670402062762,1785268670402739025,676
0xc7ff7,2,1785268670407138398,1785268670408739763,1601
0x18ff28d0,2,1785268670408611630,1785268670410780793,2169
0x30c,1,1785268670408983701,1785268670410780793,1797
0x18ffa7ef,2,1785268670409656253,1785268670410780793,1124
0x18fe50a7,2,1785268670412430570,1785268670412864526,433
0x18ff9528,2,1785268670416404305,1785268670416865734,461
0x18ffefa7,2,1785268670417778037,1785268670418865245,1087
0x1f2,1,1785268670418151257,1785268670418865245,713
0x18fd50a7,2,1785268670418541033,1785268670420886627,2345
0x18ff28a7,2,1785268670418542940,1785268670420886627,2343
0x18ff2895,2,1785268670419713952,1785268670420886627,1172
0xc7f14,2,1785268670420186560,1785268670420886627,700
0x18fe50a7,2,1785268670422961339,1785268670424865705,1904
0x18ffe5f4,2,1785268670426235375,1785268670426900253,664
0x18ff28f4,2,1785268670426251412,1785268670426900253,648
0x18ffefa7,2,1785268670428131567,1785268670428989968,858
0x18ffa7ef,2,1785268670430506923,1785268670430990331,483
0x18fe50a7,2,1785268670433280851,1785268670434990891,1710
0x18ffeff4,2,1785268670436295055,1785268670436991402,696
0x18ff9528,2,1785268670437399456,1785268670438993136,1593
0x18ffefa7,2,1785268670438462561,1785268670438993136,530
0x1f2,1,1785268670439116686,1785268670441116795,2000
0x18fd50a7,2,1785268670439469443,1785268670441116795,1647
0x18ff28a7,2,1785268670439562054,1785268670441116795,1554
0x18ff2895,2,1785268670440977045,1785268670443116288,2139
0x18fe2895,2,1785268670441099137,1785268670443116288,2017
0x18fe50a7,2,1785268670443923620,1785268670445117354,1193
0x18ffefa7,2,1785268670448977479,1785268670451116555,2139
0x18ffa7ef,2,1785268670451431686,1785268670453117566,1685
0x18fe50a7,2,1785268670454145892,1785268670455116874,970
0x18ff9528,2,1785268670458190312,1785268670459241748,1051
0x18ffefa7,2,1785268670459564081,1785268670461268019,1703
0x1f2,1,1785268670459926987,1785268670461268019,1341
0x18fd50a7,2,1785268670460279725,1785268670461268019,988
0x18ff28a7,2,1785268670460372243,1785268670461268019,895
0x18ff2895,2,1785268670461516736,1785268670463242289,1725
0xc7f14,2,1785268670461978882,1785268670463242289,1263
0x18fe50a7,2,1785268670464733180,1785268670465242930,509
0x18ffefa7,2,1785268670469787205,1785268670471247131,1459
0x18fff5d4,2,1785268670470289943,1785268670471247131,957
0xc7fd3,2,1785268670472394078,1785268670473243698,849
0x18fe50a7,2,1785268670475028562,1785268670477367664,2339
0x18ff9528,2,1785268670479092390,1785268670481374409,2282
0x18ffefa7,2,1785268670480154735,1785268670481374409,1219
0x1f2,1,1785268670480807416,1785268670481374409,566
0x18fd50a7,2,1785268670481161710,1785268670483389995,2228
0x18ff28a7,2,1785268670481253414,1785268670483389995,2136
0x18ff2895,2,1785268670482396833,1785268670483389995,993
0xc7f14,2,1785268670482859089,1785268670483389995,530
0x1801d08f,2,1785268670484883040,1785268670485368710,485
0x18fe50a7,2,1785268670485686850,1785268670487368536,1681
0x18ffefa7,2,1785268670490741708,1785268670491373096,631
0x18ffa7ef,2,1785268670493295822,1785268670495490525,2194
0x18ff28ef,2,1785268670494268835,1785268670495490525,1221
0x18ff1eef,2,1785268670495632808,1785268670497529185,1896
0x1cffd4f5,2,1785268670495724678,1785268670497529185,1804
0x18fe50a7,2,1785268670496127231,1785268670497529185,1401
0x18ffd0ef,2,1785268670496559599,1785268670497529185,969
0x18ff95ef,2,1785268670497633981,1785268670499491122,1857
0x87f9c,2,1785268670498786845,1785268670499491122,704
0x18ff38ef,2,1785268670499780894,1785268670501503670,1722
0x18ff9528,2,1785268670500543649,1785268670501503670,960
0x18fe38ef,2,1785268670500925832,1785268670501503670,577
0x18ffefa7,2,1785268670501640309,1785268670503620940,1980
0x1f2,1,1785268670501992418,1785268670503620940,1628
0xc7ea8,2,1785268670502425323,1785268670503620940,1195
0x18ff28a7,2,1785268670502987875,1785268670503620940,633
0x1cfe50ef,2,1785268670503080300,1785268670503620940,540
0x18ff2895,2,1785268670504174868,1785268670505629118,1454
0xc7f14,2,1785268670504326997,1785268670505629118,1302
0x18fff4ef,2,1785268670504630050,1785268670505629118,999
0x18fe50a7,2,1785268670507224498,1785268670507619426,394
0x18ffefa7,2,1785268670512280060,1785268670513620330,1340
0x30c,1,1785268670514032734,1785268670515620564,1587
0x18ffa7ef,2,1785268670514805563,1785268670515620564,815
0x18fe50a7,2,1785268670517519065,1785268670519620031,2100
0x18ff9528,2,1785268670521593615,1785268670523668239,2074
0x18ffefa7,2,1785268670522666941,1785268670523668239,1001
0x1f2,1,1785268670523299197,1785268670523668239,369
0x18fd50a7,2,1785268670523653380,1785268670525773213,2119
0xc7f94,2,1785268670523805564,1785268670525773213,1967
0x18ff2895,2,1785268670524908891,1785268670525773213,864
0x18fe2895,2,1785268670525280907,1785268670525773213,492
0x18fe50a7,2,1785268670528107520,1785268670529745902,1638
0x18ff28f4,2,1785268670531127613,1785268670531748691,621
0x18fe28f4,2,1785268670531488833,1785268670533748073,2259
0x18ffefa7,2,1785268670533305044,1785268670533748073,443
0x18ffa7ef,2,1785268670535763770,1785268670537753392,1989
0x18fe50a7,2,1785268670538479383,1785268670539870847,1391
0x1cff50f4,2,1785268670541496976,1785268670541871544,374
0x18ffeff4,2,1785268670541857826,1785268670543871925,2014
0x18ff9528,2,1785268670542810987,1785268670543871925,1060
0x18ffefa7,2,1785268670543765277,1785268670545899400,2134
0x1f2,1,1785268670544397718,1785268670545899400,1501
0x18fd50a7,2,1785268670544757975,1785268670545899400,1141
0xc7f94,2,1785268670544910474,1785268670545899400,988
0x18ff2895,2,1785268670545960912,1785268670547876263,1915
0x18fe2895,2,1785268670546321484,1785268670547876263,1554
0x18fe50a7,2,1785268670549210892,1785268670549871848,660
0x18ff38f4,2,1785268670552210782,1785268670553997000,1786
0x18ffefa7,2,1785268670554335454,1785268670555996826,1661
0x18ffa7ef,2,1785268670556788439,1785268670558000837,1212
0x18fe50a7,2,1785268670559502590,1785268670559997145,494
0x18ff9528,2,1785268670563699157,1785268670566033901,2334
0x10ffd438,2,1785268670564048470,1785268670566033901,1985
0x18ffefa7,2,1785268670564720725,1785268670566033901,1313
0x1f2,1,1785268670565353091,1785268670566033901,680
0x18fd50a7,2,1785268670565723885,1785268670568138283,2414
0xc7f94,2,1785268670565859236,1785268670568138283,2279
0xc7f94,2,1785268670567022433,1785268670568138283,1115
0x18fe2895,2,1785268670567334913,1785268670568138283,803
0x18fe50a7,2,1785268670570159377,1785268670572123361,1963
0x10ff38d4,2,1785268670574603647,1785268670576123661,1520
0x18ffefa7,2,1785268670575306161,1785268670576123661,817
0x18fff5d4,2,1785268670576720226,1785268670578123339,1403
0x18ffa7ef,2,1785268670577817942,1785268670580123499,2305
0xc7f28,2,1785268670580607259,1785268670582123732,1516
0x18ff9528,2,1785268670584650882,1785268670586249606,1598
0x18ffefa7,2,1785268670585673654,1785268670586249606,575
0x1f2,1,1785268670586308595,1785268670588249858,1941
0x18fd50a7,2,1785268670586660389,1785268670588249858,1589
0xc7f94,2,1785268670586812832,1785268670588249858,1437
0x18ff2895,2,1785268670587905455,1785268670590249277,2343
0x18fe2895,2,1785268670588288971,1785268670590249277,1960
0x1801d08f,2,1785268670590383718,1785268670592249437,1865
0x18fe50a7,2,1785268670591185750,1785268670592249437,1063
0x18ffefa7,2,1785268670596260090,1785268670598249637,1989
0x18ffa7ef,2,1785268670598694409,1785268670600249649,1555
0x18fe50a7,2,1785268670601408689,1785268670602375159,966
0x1cffd4f5,2,1785268670601770964,1785268670602375159,604
0x18ff9528,2,1785268670605675070,1785268670606374904,699
0x18ffefa7,2,1785268670606628379,1785268670608385082,1756
0x1f2,1,1785268670607260801,1785268670608385082,1124
0xc7ea8,2,1785268670607612670,1785268670608385082,772
0x18ff28a7,2,1785268670607704780,1785268670608385082,680
0x18ff2895,2,1785268670608869181,1785268670610375649,1506
0x18fe2895,2,1785268670609240993,1785268670610375649,1134
0x18fe50a7,2,1785268670612066050,1785268670612385698,319
0x18ffefa7,2,1785268670617140094,1785268670618497398,1357
0x30c,1,1785268670619084193,1785268670620498113,1413
0x18ff28d0,2,1785268670619166637,1785268670620498113,1331
0x18ffa7ef,2,1785268670619718597,1785268670620498113,779
0xc7f28,2,1785268670622512802,1785268670624497598,1984
0x18ff9528,2,1785268670626587259,1785268670628498417,1911
0x18ffefa7,2,1785268670627579901,1785268670628498417,918
0x1f2,1,1785268670628218879,1785268670630628373,2409
0x18fd50a7,2,1785268670628565951,1785268670630628373,2062
0xc7f94,2,1785268670628718135,1785268670630628373,1910
0x18ff2895,2,1785268670629830850,1785268670630628373,797
0x18fe2895,2,1785268670630193089,1785268670630628373,435
0x18fe50a7,2,1785268670633016831,1785268670634626488,1609
0x18ffe5f4,2,1785268670636020795,1785268670636626573,605
0x18ff28f4,2,1785268670636404792,1785268670638627140,2222
0x10ffd4f4,2,1785268670636776994,1785268670638627140,1850
0x18ffefa7,2,1785268670638309299,1785268670640626615,2317
0x18ffa7ef,2,1785268670640743896,1785268670642627089,1883
0x18fe50a7,2,1785268670643457546,1785268670644638267,1180
0x18ffeff4,2,1785268670646552009,1785268670648753104,2201
0x18ff9528,2,1785268670647624688,1785268670648753104,1128
0x18ffefa7,2,1785268670648998864,1785268670650771874,1773
0x1f2,1,1785268670649015031,1785268670650771874,1756
0x18fd50a7,2,1785268670649387732,1785268670650771874,1384
0x18ff28a7,2,1785268670649659638,1785268670650771874,1112
0x18ff2895,2,1785268670650934205,1785268670652753812,1819
0x18fe2895,2,1785268670651205999,1785268670652753812,1547
0x18fe50a7,2,1785268670654080167,1785268670654752342,672
0x18ffefa7,2,1785268670659154581,1785268670660754209,1599
0x18ffa7ef,2,1785268670661528400,1785268670662877720,1349
0x18fe50a7,2,1785268670664302754,1785268670664879213,576
0x18ff9528,2,1785268670668576543,1785268670671005802,2429
0x18ffefa7,2,1785268670669448871,1785268670671005802,1556
0x1f2,1,1785268670669820850,1785268670671005802,1184
0xc7ea8,2,1785268670670193811,1785268670671005802,811
0x18ff28a7,2,1785268670670465716,1785268670671005802,540
0x18ff2895,2,1785268670671739875,1785268670672879684,1139
0x18fe2895,2,1785268670672012152,1785268670672879684,867
0x18fe50a7,2,1785268670674886671,1785268670676879243,1992
0x18ffefa7,2,1785268670680260620,1785268670681004525,743
0x10fff4d4,2,1785268670680276898,1785268670681004525,727
0x18fff5d4,2,1785268670682551273,1785268670683003981,452
0x18ffa7ef,2,1785268670682735976,1785268670685005122,2269
0x18fe50a7,2,1785268670685209998,1785268670687004485,1794
0x18ff9528,2,1785268670689484102,1785268670691004970,1520
0x18ffefa7,2,1785268670690356782,1785268670691004970,648
0x1f2,1,1785268670690930186,1785268670693131500,2201
0xc7ea8,2,1785268670691302609,1785268670693131500,1828
0x18ff28a7,2,1785268670691319054,1785268670693131500,1812
0x18ff2895,2,1785268670692491528,1785268670693131500,639
0x18fe2895,2,1785268670692865544,1785268670695129844,2264
0x1801d08f,2,1785268670694939680,1785268670697130948,2191
0x18fe50a7,2,1785268670695811786,1785268670697130948,1319
0x18ffefa7,2,1785268670700886311,1785268670703130482,2244
0x18ffa7ef,2,1785268670703360555,1785268670705131512,1770
0x18ff28ef,2,1785268670704332919,1785268670705131512,798
0xc7f8f,2,1785268670705506968,1785268670707130931,1623
0x18fe50a7,2,1785268670706180242,1785268670707130931,950
0x1cffd4f5,2,1785268670706852793,1785268670709131035,2278
0x18ff9528,2,1785268670710437790,1785268670711255675,817
0xc7ff7,2,1785268670711711690,1785268670713291779,1580
0x1f2,1,1785268670712084058,1785268670713291779,1207
0x18fd50a7,2,1785268670712356149,1785268670713291779,935
0x18ff28a7,2,1785268670712528000,1785268670713291779,763
0x18ff2895,2,1785268670713602345,1785268670715256198,1653
0x18fe2895,2,1785268670713974454,1785268670715256198,1281
0x18fe50a7,2,1785268670716848640,1785268670717256580,407
0x18ffefa7,2,1785268670721940684,1785268670723267577,1326
0x30c,1,1785268670723624525,1785268670725294533,1670
0x18ffa7ef,2,1785268670724398817,1785268670725294533,895
0x18fe50a7,2,1785268670727174485,1785268670729382185,2207
0x18ff9528,2,1785268670731449237,1785268670733383783,1934
0x18ffefa7,2,1785268670732634823,1785268670733383783,748
0x1f2,1,1785268670732654712,1785268670733383783,729
0x18fd50a7,2,1785268670733049894,1785268670735387202,2337
0x18ff28a7,2,1785268670733305967,1785268670735387202,2081
0x18ff2895,2,1785268670734480089,1785268670735387202,907
0x18fe2895,2,1785268670734852309,1785268670735387202,534
0x18fe50a7,2,1785268670737726699,1785268670739383836,1657
0x18ffefa7,2,1785268670742801373,1785268670743382823,581
0x18ffa7ef,2,1785268670745175377,1785268670747504716,2329
0x18ff28f4,2,1785268670746848663,1785268670747504716,656
0x18fe50a7,2,1785268670748022637,1785268670749505561,1482
0x18ff9528,2,1785268670752396852,1785268670753505158,1108
0x18ffefa7,2,1785268670753471012,1785268670755515263,2044
0x0,0,1785268670753487734,1785268670755515263,2027
0x18fd50a7,2,1785268670753859898,1785268670755515263,1655
0x18ff28a7,2,1785268670754133119,1785268670755515263,1382
0x18ff2895,2,1785268670755306464,1785268670757506015,2199
0xc7f14,2,1785268670755777979,1785268670757506015,1728
0x18ffeff4,2,1785268670757551802,1785268670759538434,1986
0x18fe50a7,2,1785268670758624184,1785268670759538434,914
0x18ffefa7,2,1785268670763717894,1785268670765633506,1915
0x18ffa7ef,2,1785268670766111880,1785268670767633647,1521
0x18fe50a7,2,1785268670768889160,1785268670769634714,745
0x18ff9528,2,1785268670773464558,1785268670775760823,2296
0x10ffd438,2,1785268670773481113,1785268670775760823,2279
0x18ffefa7,2,1785268670774354460,1785268670775760823,1406
0x0,0,1785268670774370923,1785268670775760823,1389
0x18fd50a7,2,1785268670774743513,1785268670775760823,1017
0x18ff28a7,2,1785268670775016104,1785268670775760823,744
0x18ff2895,2,1785268670776190504,1785268670777638872,1448
0x18fe2895,2,1785268670776562724,1785268670777638872,1076
0x18fe50a7,2,1785268670779437244,1785268670781759488,2322
0x1cff50d4,2,1785268670783811292,1785268670785760233,1948
0x18ffefa7,2,1785268670784583509,1785268670785760233,1176
0x10ff38d4,2,1785268670785857835,1785268670787760412,1902
0x18ffa7ef,2,1785268670787030624,1785268670787760412,729
0x18fff5d4,2,1785268670788004470,1785268670789760053,1755
0x18fe50a7,2,1785268670789878274,1785268670791759991,1881
0x18ff9528,2,1785268670794153340,1785268670795885699,1732
0x18ffefa7,2,1785268670795325519,1785268670795885699,560
0x0,0,1785268670795341926,1785268670795885699,543
0x18fd50a7,2,1785268670795715776,1785268670797898840,2183
0x18ff28a7,2,1785268670795987885,1785268670797898840,1910
0x18ff2895,2,1785268670797160248,1785268670797898840,738
0xc7f14,2,1785268670797633727,1785268670799885407,2251
0x1801d08f,2,1785268670799618641,1785268670801886271,2267
0xc7f28,2,1785268670800590857,1785268670801886271,1295
0x18ffefa7,2,1785268670805564772,1785268670805885942,321
0x18ffa7ef,2,1785268670808038664,1785268670809896836,1858
0x18ffd0ef,2,1785268670809010084,1785268670809896836,886
0x18ff95ef,2,1785268670810089207,1785268670812011625,1922
0xc7f28,2,1785268670810963721,1785268670812011625,1047
0x10ff38ef,2,1785268670811237663,1785268670812011625,773
0x1cffd4f5,2,1785268670812240342,1785268670814011414,1771
0x18ff9528,2,1785268670815316620,1785268670816011315,694
0x18ffefa7,2,1785268670816490928,1785268670818034938,1544
0x1f2,1,1785268670816507113,1785268670818034938,1527
0x18fd50a7,2,1785268670816879796,1785268670818034938,1155
0x18ff28a7,2,1785268670817152535,1785268670818034938,882
0x18ff2895,2,1785268670818627100,1785268670820013857,1386
0xc7f14,2,1785268670818643193,1785268670820013857,1370
0xc7f28,2,1785268670821617064,1785268670822011813,394
0x18ffefa7,2,1785268670826591386,1785268670828136977,1545
0x30c,1,1785268670828264857,1785268670830138063,1873
0x18ff28d0,2,1785268670828936871,1785268670830138063,1201
0x18ffa7ef,2,1785268670829311462,1785268670830138063,826
0x18fe50a7,2,1785268670831883687,1785268670834137494,2253
0x18ff9528,2,1785268670836357993,1785268670838160480,1802
0x18ffefa7,2,1785268670837330469,1785268670838160480,830
0x1f2,1,1785268670837702744,1785268670838160480,457
0x18fd50a7,2,1785268670838077205,1785268670840265991,2188
0x18ff28a7,2,1785268670838099946,1785268670840265991,2166
0x18ff2895,2,1785268670839172884,1785268670840265991,1093
0x18fe2895,2,1785268670839544511,1785268670840265991,721
0x18fe50a7,2,1785268670842422160,1785268670844262792,1840
0x18ffefa7,2,1785268670847498296,1785268670848263242,764
0x18ffa7ef,2,1785268670849872893,1785268670850263402,390
0x18ffe5f4,2,1785268670851547568,1785268670852263358,715
0x18ff28f4,2,1785268670851920066,1785268670852263358,343
0xc7f28,2,1785268670852894227,1785268670854263462,1369
0x18ffefa7,2,1785268670858168843,1785268670860423145,2254
0x1f2,1,1785268670858184621,1785268670860423145,2238
0x18fd50a7,2,1785268670858556452,1785268670860423145,1866
0x18ff28a7,2,1785268670858828135,1785268670860423145,1595
0x18ff9528,2,1785268670859200430,1785268670860423145,1222
0x18ff2895,2,1785268670860073054,1785268670862389230,2316
0x18fe2895,2,1785268670860445663,1785268670862389230,1943
0x18ffeff4,2,1785268670862320096,1785268670864389316,2069
0x18fe50a7,2,1785268670863392126,1785268670864389316,997
0x18ffefa7,2,1785268670868466392,1785268670870389685,1923
0x18ffa7ef,2,1785268670870840637,1785268670872389270,1548
0x18fe50a7,2,1785268670873614139,1785268670874389541,775
0x18ffefa7,2,1785268670878988643,1785268670880641687,1653
0x1f2,1,1785268670879004477,1785268670880641687,1637
0x18fd50a7,2,1785268670879376752,1785268670880641687,1264
0x18ff28a7,2,1785268670879649010,1785268670880641687,992
0x18ff9528,2,1785268670880021211,1785268670880641687,620
0x18ff2895,2,1785268670880995131,1785268670882511939,1516
0x18fe2895,2,1785268670881266778,1785268670882511939,1245
0x18fe50a7,2,1785268670884140705,1785268670884511358,370
0x18ffefa7,2,1785268670889515376,1785268670890512431,997
0x18fff5d4,2,1785268670889531802,1785268670890512431,980
0xc7fd3,2,1785268670891705807,1785268670892512146,806
0x18fe50a7,2,1785268670894379810,1785268670896640780,2260
0x18ffefa7,2,1785268670899753852,1785268670900644229,890
0x1f2,1,1785268670899770351,1785268670900644229,873
0x18fd50a7,2,1785268670900142349,1785268670900644229,501
0x18ff28a7,2,1785268670900416310,1785268670902660796,2244
0x18ff9528,2,1785268670900787901,1785268670902660796,1872
0x18ff2895,2,1785268670901960042,1785268670902660796,700
0x18fe2895,2,1785268670901976171,1785268670902660796,684
0x1801d08f,2,1785268670904049844,1785268670904641123,591
0xc7f28,2,1785268670905023912,1785268670906641412,1617
0xc7ff7,2,1785268670909997345,1785268670910643602,646
0xc7fd3,2,1785268670912570811,1785268670914767144,2196
0x18ff28ef,2,1785268670913443213,1785268670914767144,1323
0x18ff1eef,2,1785268670914517966,1785268670916767470,2249
0x18fe50a7,2,1785268670915289924,1785268670916767470,1477
0xe7fea,2,1785268670917164098,1785268670918766871,1602
0x18ffefa7,2,1785268670920738132,1785268670922807728,2069
0x1f2,1,1785268670921110000,1785268670922807728,1697
0x18fd50a7,2,1785268670921381962,1785268670922807728,1425
0x18ff28a7,2,1785268670921553776,1785268670922807728,1253
0x18ff9528,2,1785268670921825959,1785268670922807728,981
0x18ff2895,2,1785268670922700639,1785268670924787591,2086
0x18fe2895,2,1785268670923072637,1785268670924787591,1714
0x18fe50a7,2,1785268670925946453,1785268670926892362,945
0x18ffefa7,2,1785268670931021015,1785268670932893600,1872
0x30c,1,1785268670932695393,1785268670934893094,2197
0x18ffa7ef,2,1785268670933467796,1785268670934893094,1425
0x18fe50a7,2,1785268670936241946,1785268670936893587,651
0x18ffefa7,2,1785268670941616099,1785268670942933492,1317
0x1f2,1,1785268670941988504,1785268670942933492,944
0x18fd50a7,2,1785268670942261317,1785268670942933492,672
0x18ff28a7,2,1785268670942433501,1785268670942933492,499
0x18ff9528,2,1785268670942706963,1785268670945019077,2312
0x18ff2895,2,1785268670943679179,1785268670945019077,1339
0x18fe2895,2,1785268670943951344,1785268670945019077,1067
0x18fe50a7,2,1785268670946825438,1785268670949019619,2194
0xc7ff7,2,1785268670951900129,1785268670953019495,1119
0x18ffa7ef,2,1785268670954274467,1785268670955019062,744
0x18ff28f4,2,1785268670956247677,1785268670957019944,772
0x10ffd4f4,2,1785268670956263511,1785268670957019944,756
0x18fe50a7,2,1785268670957137505,1785268670959018900,1881
0xc7ff7,2,1785268670962511862,1785268670963144645,632
0x1f2,1,1785268670962885452,1785268670965172786,2287
0x18fd50a7,2,1785268670963157525,1785268670965172786,2015
0x18ff28a7,2,1785268670963329449,1785268670965172786,1843
0x18ff2895,2,1785268670963902298,1785268670965172786,1270
0x18fe2895,2,1785268670964274740,1785268670965172786,898
0x18ffeff4,2,1785268670966648929,1785268670967144520,495
0x18fe50a7,2,1785268670967722312,1785268670969145773,1423
0xc7ff7,2,1785268670972796281,1785268670973145444,349
0x18ffa7ef,2,1785268670975170045,1785268670977145968,1975
0x18fe50a7,2,1785268670977943509,1785268670979270183,1326
0x10ffd438,2,1785268670982517778,1785268670983270595,752
0xc7ff7,2,1785268670983391328,1785268670985309254,1917
0x1f2,1,1785268670983763419,1785268670985309254,1545
0x18fd50a7,2,1785268670984035936,1785268670985309254,1273
0x18ff28a7,2,1785268670984208194,1785268670985309254,1101
0x18ff9528,2,1785268670984480359,1785268670985309254,828
0xc7f94,2,1785268670985654833,1785268670987271303,1616
0x18fe2895,2,1785268670985827406,1785268670987271303,1443
0x18fe50a7,2,1785268670988602056,1785268670989271778,669
0x18ffefa7,2,1785268670993976005,1785268670995396572,1420
0x10fff4d4,2,1785268670993991764,1785268670995396572,1404
0x10ff38d4,2,1785268670996266714,1785268670997397232,1130
0xc7fd3,2,1785268670996438768,1785268670997397232,958
0x18fff5d4,2,1785268670998113147,1785268670999396743,1283
0x18fe50a7,2,1785268670998985197,1785268670999396743,411
0xc7ff7,2,1785268671004359498,1785268671005397797,1038
0x1f2,1,1785268671004731811,1785268671005397797,665
0x18fd50a7,2,1785268671005004513,1785268671005397797,393
0x18ff28a7,2,1785268671005178030,1785268671007442734,2264
0x18ff9528,2,1785268671005750082,1785268671007442734,1692
0x18ff2895,2,1785268671005766360,1785268671007442734,1676
0x18fe2895,2,1785268671006138821,1785268671007442734,1303
0x1801d08f,2,1785268671008739546,1785268671009403024,663
0xc7f28,2,1785268671009716244,1785268671011519220,1802
0x18ffefa7,2,1785268671014690640,1785268671015519114,828
0x18ffa7ef,2,1785268671017164662,1785268671017519422,354
0x18ff38ef,2,1785268671018138971,1785268671019519026,1380
0x18fe38ef,2,1785268671019214760,1785268671021541205,2326
0x18fe50a7,2,1785268671019984145,1785268671021541205,1557
0x1cfe50ef,2,1785268671020355531,1785268671021541205,1185
0x18fff4ef,2,1785268671021428395,1785268671023519883,2091
0x1cffd4f5,2,1785268671022502222,1785268671023519883,1017
0x18ffefa7,2,1785268671025276520,1785268671027694665,2418
0x1f2,1,1785268671025949368,1785268671027694665,1745
0x18fd50a7,2,1785268671026222088,1785268671027694665,1472
0x18ff28a7,2,1785268671026393976,1785268671027694665,1300
0x18ff9528,2,1785268671026666104,1785268671027694665,1028
0x18ff2895,2,1785268671027639950,1785268671029648473,2008
0x18fe2895,2,1785268671028012374,1785268671029648473,1636
0x18fe50a7,2,1785268671030786931,1785268671031647966,861
0x18ffefa7,2,1785268671035860808,1785268671037650372,1789
0x30c,1,1785268671037534057,1785268671039682180,2148
0x18ffa7ef,2,1785268671038608125,1785268671039682180,1074
0x18ff28d0,2,1785268671038624810,1785268671039682180,1057
0x18fe50a7,2,1785268671041099425,1785268671041774006,674
0x18ffefa7,2,1785268671046174264,1785268671047775041,1600
0x1f2,1,1785268671046846316,1785268671047775041,928
0x18fd50a7,2,1785268671047118296,1785268671047775041,656
0x18ff28a7,2,1785268671047502886,1785268671049779664,2276
0x18ff9528,2,1785268671047519238,1785268671049779664,2260
0x18ff2895,2,1785268671048491843,1785268671049779664,1287
0x18fe2895,2,1785268671048864767,1785268671049779664,914
0x18fe50a7,2,1785268671051638417,1785268671053774317,2135
0x18ffefa7,2,1785268671056712127,1785268671057776229,1064
0x18ffa7ef,2,1785268671059085501,1785268671059899481,813
0x18ffe5f4,2,1785268671060758695,1785268671061900678,1141
0x18ff28f4,2,1785268671061130378,1785268671061900678,770
0x18fe28f4,2,1785268671061502653,1785268671061900678,398
0x10ffd4f4,2,1785268671061877929,1785268671063900226,2022
0x18fe50a7,2,1785268671061938521,1785268671063900226,1961
0x18ffd0f4,2,1785268671064935262,1785268671065900701,965
0x1cff50f4,2,1785268671065316390,1785268671065900701,584
0x18ffeff4,2,1785268671065692832,1785268671067900305,2207
0x18ff9528,2,1785268671066566623,1785268671067900305,1333
0x18ffefa7,2,1785268671067651931,1785268671070152038,2500
0x1f2,1,1785268671068024040,1785268671070152038,2127
0x18fd50a7,2,1785268671068296149,1785268671070152038,1855
0x18ff28a7,2,1785268671068468574,1785268671070152038,1683
0x18ff2895,2,1785268671068941127,1785268671070152038,1210
0x18fe2895,2,1785268671069313514,1785268671070152038,838
0x18fe50a7,2,1785268671072787937,1785268671074025507,1237
0x18ff38f4,2,1785268671075762401,1785268671078025660,2263
0x18ffefa7,2,1785268671077936351,1785268671080025523,2089
0xc7fd3,2,1785268671080411021,1785268671082025905,1614
0x18fe50a7,2,1785268671083085671,1785268671084026158,940
0x18ff9528,2,1785268671086785927,1785268671088151162,1365
0x18ffefa7,2,1785268671088269362,1785268671090172859,1903
0x1f2,1,1785268671088943469,1785268671090172859,1229
0x18fd50a7,2,1785268671089215690,1785268671090172859,957
0x18ff28a7,2,1785268671089387226,1785268671090172859,785
0x18ff2895,2,1785268671089868501,1785268671092151667,2283
0x18fe2895,2,1785268671090245665,1785268671092151667,1906
0x18fe50a7,2,1785268671093719255,1785268671094151290,432
0x18ffefa7,2,1785268671098808502,1785268671100152325,1343
0x10fff4d4,2,1785268671099386740,1785268671100152325,765
0xc7fd3,2,1785268671101562912,1785268671102158614,595
0x18fff5d4,2,1785268671101734818,1785268671102158614,423
0x18fe50a7,2,1785268671104123452,1785268671106276878,2153
0x18ff9528,2,1785268671107803189,1785268671108277093,473
0x18ffefa7,2,1785268671109278698,1785268671110277753,999
0x1f2,1,1785268671109954268,1785268671112324098,2369
0x18fd50a7,2,1785268671110226748,1785268671112324098,2097
0x18ff28a7,2,1785268671110399784,1785268671112324098,1924
0x18ff2895,2,1785268671111472889,1785268671112324098,851
0xc7f14,2,1785268671111945275,1785268671112324098,378
0xc00e8,2,1785268671114019374,1785268671116290640,2271
0x18fe50a7,2,1785268671114792536,1785268671116290640,1498
0x18ffefa7,2,1785268671119866560,1785268671120402922,536
0x1cffd4f5,2,1785268671122341157,1785268671124416779,2075
0x18ffa7ef,2,1785268671122713117,1785268671124416779,1703
0x1cfed4f5,2,1785268671122729525,1785268671124416779,1687
0xc7f94,2,1785268671123502131,1785268671124416779,914
0x18ff1eef,2,1785268671124576051,1785268671126403679,1827
0xc7f28,2,1785268671125248010,1785268671126403679,1155
0x18ff9528,2,1785268671128922006,1785268671130403221,1481
0x18ffefa7,2,1785268671130403423,1785268671132449788,2046
0x1f2,1,1785268671130976197,1785268671132449788,1473
0xc7ea8,2,1785268671131348343,1785268671132449788,1101
0x18ff28a7,2,1785268671131364880,1785268671132449788,1084
0x18ff2895,2,1785268671132539225,1785268671134426615,1887
0x18fe2895,2,1785268671132911482,1785268671134426615,1515
0x18fe50a7,2,1785268671135785668,1785268671136525385,739
0x18ffefa7,2,1785268671140860378,1785268671142525735,1665
0x30c,1,1785268671142534664,1785268671144526210,1991
0x18ffa7ef,2,1785268671143406881,1785268671144526210,1119
0xc7f28,2,1785268671146081217,1785268671146525777,444
0x18ff9528,2,1785268671149855861,1785268671150526504,670
0x18ffefa7,2,1785268671151430389,1785268671152659867,1229
0x0,0,1785268671151602332,1785268671152659867,1057
0x18fd50a7,2,1785268671151874312,1785268671152659867,785
0x18ff28a7,2,1785268671152246291,1785268671152659867,413
0x18ff2895,2,1785268671153719949,1785268671154655138,935
0x18fe2895,2,1785268671153736282,1785268671154655138,918
0x18fe50a7,2,1785268671156684431,1785268671158654995,1970
0x18ff28f4,2,1785268671159664969,1785268671160655118,990
0x18ffefa7,2,1785268671161840622,1785268671162650907,810
0x18ffa7ef,2,1785268671164317403,1785268671164655085,337
0xc7f28,2,1785268671166992647,1785268671168781312,1788
0x18ffeff4,2,1785268671169965869,1785268671170780379,814
0x18ff9528,2,1785268671170742624,1785268671172781539,2038
0x18ffefa7,2,1785268671172215448,1785268671172781539,566
0x1f2,1,1785268671172500243,1785268671174825384,2325
0xc7ea8,2,1785268671172972722,1785268671174825384,1852
0x18ff28a7,2,1785268671173244998,1785268671174825384,1580
0x18ff2895,2,1785268671173817735,1785268671174825384,1007
0x18fe2895,2,1785268671174190085,1785268671174825384,635
0x18fe50a7,2,1785268671177663804,1785268671178781407,1117
0x18ffefa7,2,1785268671182737866,1785268671184905979,2168
0x18ffa7ef,2,1785268671185210703,1785268671186907972,1697
0x18fe50a7,2,1785268671187987187,1785268671188907336,920
0x18ff9528,2,1785268671191672572,1785268671192907396,1234
0x10ffd438,2,1785268671192050588,1785268671192907396,856
0x18ffefa7,2,1785268671193249710,1785268671194932167,1682
0x1f2,1,1785268671193830559,1785268671194932167,1101
0xc7ea8,2,1785268671194004984,1785268671194932167,927
0x18ff28a7,2,1785268671194279130,1785268671194932167,653
0xc7f94,2,1785268671194856423,1785268671196911808,2055
0xc7f14,2,1785268671195228606,1785268671196911808,1683
0x18fe50a7,2,1785268671198702863,1785268671201031813,2328
0x10ff38d4,2,1785268671203577296,1785268671205034225,1456
0x18ffefa7,2,1785268671203848887,1785268671205034225,1185
0x18fff5d4,2,1785268671205522377,1785268671207032663,1510
0x18ffa7ef,2,1785268671206395131,1785268671207032663,637
0x18fe50a7,2,1785268671209084596,1785268671211033260,1948
0x18ff9528,2,1785268671212866370,1785268671215058117,2191
0x18ffefa7,2,1785268671214440805,1785268671215058117,617
0x0,0,1785268671214613007,1785268671215058117,445
0x18fd50a7,2,1785268671214886654,1785268671217192350,2305
0x18ff28a7,2,1785268671215258022,1785268671217192350,1934
0x18ff2895,2,1785268671216729680,1785268671217192350,462
0x18fe2895,2,1785268671216746291,1785268671217192350,446
0x1801d08f,2,1785268671218820556,1785268671221158725,2338
0x18fe50a7,2,1785268671219692273,1785268671221158725,1466
0x18ffefa7,2,1785268671224765724,1785268671225158730,393
0x18ffa7ef,2,1785268671227239172,1785268671229159587,1920
0x1cffd4f5,2,1785268671227611059,1785268671229159587,1548
0x18ffd0ef,2,1785268671228382776,1785268671229159587,776
0x18ff95ef,2,1785268671229455770,1785268671231175136,1719
0x18fe50a7,2,1785268671230110192,1785268671231175136,1064
0x10ff38ef,2,1785268671230585800,1785268671231175136,589
0x18ff9528,2,1785268671233957094,1785268671235284214,1327
0x18ffefa7,2,1785268671235531418,1785268671237316281,1784
0x1f2,1,1785268671235702750,1785268671237316281,1613
0x18fd50a7,2,1785268671235975175,1785268671237316281,1341
0x18ff28a7,2,1785268671236347154,1785268671237316281,969
0x18ff2895,2,1785268671237521054,1785268671239284645,1763
0xc7f14,2,1785268671237992848,1785268671239284645,1291
0x18fe50a7,2,1785268671240767757,1785268671241292194,524
0x18ffefa7,2,1785268671245841949,1785268671247285692,1443
0x18ff28d0,2,1785268671246914683,1785268671247285692,371
0x30c,1,1785268671247788270,1785268671249411481,1623
0x18ffa7ef,2,1785268671248460822,1785268671249411481,950
0x18fe50a7,2,1785268671251136546,1785268671253410597,2274
0x18ff9528,2,1785268671254910709,1785268671255410349,499
0x18ffefa7,2,1785268671256483958,1785268671257411157,927
0x1f2,1,1785268671256656309,1785268671257411157,754
0x18fd50a7,2,1785268671256928548,1785268671257411157,482
0x18ff28a7,2,1785268671257302398,1785268671259411261,2108
0x18ff2895,2,1785268671258474798,1785268671259411261,936
0x18fe2895,2,1785268671258847000,1785268671259411261,564
0x18fe50a7,2,1785268671261740297,1785268671263411507,1671
0x18ffe5f4,2,1785268671264723761,1785268671265421815,698
0x18ff28f4,2,1785268671265098073,1785268671265421815,323
0x18ffefa7,2,1785268671266973210,1785268671267532326,559
0x18ffa7ef,2,1785268671269447454,1785268671271533664,2086
0x18fe50a7,2,1785268671272122309,1785268671273533102,1410
0x18ffeff4,2,1785268671275097013,1785268671275532910,435
0x18ff9528,2,1785268671275972526,1785268671277533033,1560
0x18ffefa7,2,1785268671277546794,1785268671279691710,2144
0x1f2,1,1785268671277719034,1785268671279691710,1972
0x18fd50a7,2,1785268671277993014,1785268671279691710,1698
0x18ff28a7,2,1785268671278366363,1785268671279691710,1325
0xc7f94,2,1785268671279841114,1785268671281662074,1820
0xc7f14,2,1785268671279856762,1785268671281662074,1805
0x18fe50a7,2,1785268671282732059,1785268671283661586,929
0x18ffefa7,2,1785268671287806825,1785268671289662269,1855
0x18ffa7ef,2,1785268671290282403,1785268671291661929,1379
0x18fe50a7,2,1785268671292956498,1785268671293787144,830
0x18ff9528,2,1785268671296830734,1785268671297787926,957
0x18ffefa7,2,1785268671298304688,1785268671299798586,1493
0x0,0,1785268671298476390,1785268671299798586,1322
0x18fd50a7,2,1785268671298748037,1785268671299798586,1050
0x18ff28a7,2,1785268671299119479,1785268671299798586,679
0x18ff2895,2,1785268671299693087,1785268671301788283,2095
0x18fe2895,2,1785268671300064233,1785268671301788283,1724
0x18fe50a7,2,1785268671303540637,1785268671305787862,2247
0x18ffefa7,2,1785268671308615736,1785268671309914033,1298
0x1cff50d4,2,1785268671309088845,1785268671309914033,825
0x18ffa7ef,2,1785268671311163666,1785268671311914008,750
0x18fff5d4,2,1785268671311435923,1785268671311914008,478
0x18fe50a7,2,1785268671313910353,1785268671315913827,2003
0x18ff9528,2,1785268671317685237,1785268671319914536,2229
0x18ffefa7,2,1785268671319258006,1785268671319914536,656
0x0,0,1785268671319430190,1785268671319914536,484
0x18fd50a7,2,1785268671319703762,1785268671321921585,2217
0x18ff28a7,2,1785268671320075427,1785268671321921585,1846
0x18ff2895,2,1785268671321347993,1785268671321921585,573
0x18fe2895,2,1785268671321621602,1785268671323914244,2292
0x1801d08f,2,1785268671323695331,1785268671326039626,2344
0x18fe50a7,2,1785268671324567640,1785268671326039626,1471
0x18ffefa7,2,1785268671329642054,1785268671330039372,397
0x18ffa7ef,2,1785268671332116391,1785268671334040636,1924
0x1cffd4f5,2,1785268671333388402,1785268671334040636,652
0x18ff28ef,2,1785268671333404994,1785268671334040636,635
0xc7f8f,2,1785268671334280026,1785268671336039944,1759
0x18fe50a7,2,1785268671334951874,1785268671336039944,1088
0x18ff9528,2,1785268671339026072,1785268671340039967,1013
0x18ffefa7,2,1785268671340300897,1785268671342171960,1871
0x1f2,1,1785268671340473044,1785268671342171960,1698
0x18fd50a7,2,1785268671340745413,1785268671342171960,1426
0x18ff28a7,2,1785268671341117763,1785268671342171960,1054
0x18ff2895,2,1785268671342392644,1785268671344170045,1777
0x18fe2895,2,1785268671342664124,1785268671344170045,1505
0x18fe50a7,2,1785268671345537995,1785268671346165853,627
0x18ffefa7,2,1785268671350612576,1785268671352165851,1553
0x30c,1,1785268671352285825,1785268671354166159,1880
0x18ffa7ef,2,1785268671353157208,1785268671354166159,1008
0x18fe50a7,2,1785268671355851896,1785268671356165486,313
0x18ff9528,2,1785268671359634947,1785268671360291064,656
0xc7ff7,2,1785268671361210364,1785268671362291558,1081
0x1f2,1,1785268671361583232,1785268671362291558,708
0x18fd50a7,2,1785268671361956970,1785268671364304699,2347
0x18ff28a7,2,1785268671361973303,1785268671364304699,2331
0x18ff2895,2,1785268671363147815,1785268671364304699,1156
0x18fe2895,2,1785268671363520350,1785268671364304699,784
0x18fe50a7,2,1785268671366395536,1785268671368291444,1895
0x18ff28f4,2,1785268671369368963,1785268671370291808,922
0x10ffd4f4,2,1785268671369741738,1785268671370291808,550
0x18ffefa7,2,1785268671371615967,1785268671372416449,800
0x18ffa7ef,2,1785268671374099064,1785268671376416565,2317
0x18fe50a7,2,1785268671376774492,1785268671378416947,1642
0x18ffeff4,2,1785268671379749530,1785268671380416903,667
0x18ff9528,2,1785268671380923300,1785268671382417044,1493
0xc7ff7,2,1785268671382197644,1785268671384440648,2243
0x1f2,1,1785268671382569624,1785268671384440648,1871
0x18fd50a7,2,1785268671382942232,1785268671384440648,1498
0x18ff28a7,2,1785268671382958251,1785268671384440648,1482
0x18ff2895,2,1785268671384130873,1785268671386419549,2288
0x18fe2895,2,1785268671384504130,1785268671386419549,1915
0xc7f28,2,1785268671387378928,1785268671388538671,1159
0x18ffefa7,2,1785268671392453416,1785268671394540521,2087
0x18ffa7ef,2,1785268671394927771,1785268671396539107,1611
0x18fe50a7,2,1785268671397601126,1785268671398539989,938
0x18ff9528,2,1785268671401775526,1785268671402540050,764
0x10ffd438,2,1785268671402147931,1785268671402540050,392
0xc7ff7,2,1785268671403022037,1785268671404680079,1658
0x1f2,1,1785268671403394461,1785268671404680079,1285
0x18fd50a7,2,1785268671403766625,1785268671404680079,913
0x18ff28a7,2,1785268671403782570,1785268671404680079,897
0x18ff2895,2,1785268671404956303,1785268671406668628,1712
0xc7f14,2,1785268671405428615,1785268671406668628,1240
0xc7f28,2,1785268671408202450,1785268671408668529,466
0x10fff4d4,2,1785268671412777164,1785268671414669101,1891
0xc7ff7,2,1785268671413349234,1785268671414669101,1319
0x10ff38d4,2,1785268671414923521,1785268671416669297,1745
0x18ffa7ef,2,1785268671415896052,1785268671416669297,773
0x18fff5d4,2,1785268671417069453,1785268671418669198,1599
0x18fe50a7,2,1785268671418643610,1785268671420794913,2151
0x18ff9528,2,1785268671422717159,1785268671424804196,2087
0x18ffefa7,2,1785268671423989170,1785268671424804196,815
0x1f2,1,1785268671424361334,1785268671424804196,442
0x18fd50a7,2,1785268671424734684,1785268671426795467,2060
0x18ff28a7,2,1785268671424750536,1785268671426795467,2044
0x18ff2895,2,1785268671425923232,1785268671426795467,872
0x18fe2895,2,1785268671426295786,1785268671426795467,499
0x1801d08f,2,1785268671428369421,1785268671428794867,425
0xc7f28,2,1785268671429242842,1785268671430794694,1551
0xc7ff7,2,1785268671434316700,1785268671434919642,602
0x18ffa7ef,2,1785268671436690260,1785268671438920573,2230
0xe7fea,2,1785268671438363268,1785268671438920573,557
0x18fe50a7,2,1785268671439536132,1785268671440921344,1385
0x18ff9528,2,1785268671443510052,1785268671444920979,1410
0x18ffefa7,2,1785268671444883359,1785268671446956175,2072
0x1f2,1,1785268671445255338,1785268671446956175,1700
0x18fd50a7,2,1785268671445626928,1785268671446956175,1329
0x18ff28a7,2,1785268671445642762,1785268671446956175,1313
0x18ff2895,2,1785268671446816514,1785268671448934298,2117
0x18fe2895,2,1785268671447188863,1785268671448934298,1745
0xc7f28,2,1785268671450062476,1785268671451045384,982
0xc7ff7,2,1785268671455137130,1785268671457047808,1910
0x18ff28d0,2,1785268671456608825,1785268671457047808,438
0x30c,1,1785268671456982915,1785268671459046597,2063
0x18ffa7ef,2,1785268671457655411,1785268671459046597,1391
0x18fe50a7,2,1785268671460429358,1785268671461047275,617
0x18ff9528,2,1785268671464403445,1785268671465047169,643
0x18ffefa7,2,1785268671465776788,1785268671467187032,1410
0x1f2,1,1785268671466149434,1785268671467187032,1037
0x18fd50a7,2,1785268671466521432,1785268671467187032,665
0x18ff28a7,2,1785268671466537598,1785268671467187032,649
0x18ff2895,2,1785268671467712203,1785268671469172525,1460
0xc7f14,2,1785268671468184774,1785268671469172525,987
0x18fe50a7,2,1785268671470958609,1785268671473172456,2213
0x18ffe5f4,2,1785268671474232756,1785268671475172394,939
0x18ff28f4,2,1785268671474248848,1785268671475172394,923
0x18ffefa7,2,1785268671476122837,1785268671477172831,1049
0x18ffa7ef,2,1785268671478497656,1785268671479172398,674
0x18fe50a7,2,1785268671481271713,1785268671483297366,2025
0x18ffeff4,2,1785268671484286288,1785268671485298600,1012
0x18ff9528,2,1785268671485390040,1785268671487298056,1908
0x18ffefa7,2,1785268671486453275,1785268671487298056,844
0x1f2,1,1785268671487107178,1785268671489301549,2194
0x18fd50a7,2,1785268671487459213,1785268671489301549,1842
0x18ff28a7,2,1785268671487551175,1785268671489301549,1750
0x18ff2895,2,1785268671488979408,1785268671491298376,2318
0x18fe2895,2,1785268671489087333,1785268671491298376,2211
0x18fe50a7,2,1785268671491911575,1785268671493298795,1387
0x18ffefa7,2,1785268671496965211,1785268671497422892,457
0x18ffa7ef,2,1785268671499418882,1785268671501424785,2005
0x18fe50a7,2,1785268671502133217,1785268671503423519,1290
0x18ff9528,2,1785268671506176767,1785268671507424080,1247
0x18ffefa7,2,1785268671507550629,1785268671509466258,1915
0x1f2,1,1785268671507913090,1785268671509466258,1553
0x18fd50a7,2,1785268671508265995,1785268671509466258,1200
0x18ff28a7,2,1785268671508358624,1785268671509466258,1107
0x18ff2895,2,1785268671509503043,1785268671511545788,2042
0xc7f14,2,1785268671509964855,1785268671511545788,1580
0x18fe50a7,2,1785268671512718727,1785268671513546948,828
0x18ffefa7,2,1785268671517773086,1785268671519546668,1773
0x18fff5d4,2,1785268671518275712,1785268671519546668,1270
0xc7fd3,2,1785268671520379625,1785268671521547291,1167
0x18fe50a7,2,1785268671523013758,1785268671523546173,532
0x18ff9528,2,1785268671527077678,1785268671527546696,469
0x18ffefa7,2,1785268671528141190,1785268671529678374,1537
0x1f2,1,1785268671528792760,1785268671529678374,885
0x18fd50a7,2,1785268671529145387,1785268671529678374,532
0x18ff28a7,2,1785268671529237831,1785268671529678374,440
0x18ff2895,2,1785268671530382176,1785268671531675645,1293
0xc7f14,2,1785268671530844377,1785268671531675645,831
0x1801d08f,2,1785268671532869106,1785268671533676008,806
0x18fe50a7,2,1785268671533672582,1785268671535675483,2002
0x18ffefa7,2,1785268671538726478,1785268671539675469,948
0x18ffa7ef,2,1785268671541280203,1785268671541676592,396
0x18ff28ef,2,1785268671542254938,1785268671543801214,1546
0x18ff1eef,2,1785268671543618207,1785268671545808152,2189
0x1cffd4f5,2,1785268671543710577,1785268671545808152,2097
0x18fe50a7,2,1785268671544112908,1785268671545808152,1695
0x18ffd0ef,2,1785268671544545239,1785268671545808152,1262
0x18ff95ef,2,1785268671545619381,1785268671547801404,2182
0x87f9c,2,1785268671546772059,1785268671547801404,1029
0x18ff38ef,2,1785268671547765831,1785268671549801972,2036
0x18ff9528,2,1785268671548527956,1785268671549801972,1274
0x18fe38ef,2,1785268671548910250,1785268671549801972,891
0x18ffefa7,2,1785268671549623949,1785268671551850317,2226
0x1f2,1,1785268671549976651,1785268671551850317,1873
0xc7ea8,2,1785268671550409352,1785268671551850317,1440
0x18ff28a7,2,1785268671550971811,1785268671551850317,878
0x1cfe50ef,2,1785268671551063681,1785268671551850317,786
0x18ff2895,2,1785268671552158100,1785268671553935254,1777
0xc7f14,2,1785268671552310007,1785268671553935254,1625
0x18fff4ef,2,1785268671552612190,1785268671553935254,1323
0x18fe50a7,2,1785268671555206526,1785268671555926321,719
0x18ffefa7,2,1785268671560260422,1785268671561927004,1666
0x30c,1,1785268671562013985,1785268671563927423,1913
0x18ffa7ef,2,1785268671562786814,1785268671563927423,1140
0x18fe50a7,2,1785268671565500464,1785268671565927287,426
0x18ff9528,2,1785268671569574699,1785268671569927292,352
0x18ffefa7,2,1785268671570649026,1785268671572053766,1404
0x1f2,1,1785268671571281152,1785268671572053766,772
0x18fd50a7,2,1785268671571633335,1785268671572053766,420
0xc7f94,2,1785268671571787408,1785268671574053407,2265
0x18ff2895,2,1785268671572889475,1785268671574053407,1163
0x18fe2895,2,1785268671573261640,1785268671574053407,791
0x18fe50a7,2,1785268671576085863,1785268671578052986,1967
0x18ff28f4,2,1785268671579108401,1785268671580053146,944
0x18fe28f4,2,1785268671579468232,1785268671580053146,584
0x18ffefa7,2,1785268671581285980,1785268671582052806,766
0x18ffa7ef,2,1785268671583744151,1785268671584178113,433
0x18fe50a7,2,1785268671586457912,1785268671588178674,1720
0x1cff50f4,2,1785268671589475449,1785268671590178334,702
0x18ffeff4,2,1785268671589836410,1785268671592179549,2343
0x18ff9528,2,1785268671590790201,1785268671592179549,1389
0x18ffefa7,2,1785268671591741973,1785268671592179549,437
0x1f2,1,1785268671592375747,1785268671594191635,1815
0x18fd50a7,2,1785268671592735541,1785268671594191635,1456
0xc7f94,2,1785268671592888151,1785268671594191635,1303
0x18ff2895,2,1785268671593938052,1785268671596179035,2240
0x18fe2895,2,1785268671594298309,1785268671596179035,1880
0x18fe50a7,2,1785268671597187384,1785268671598304102,1116
0x18ff38f4,2,1785268671600187366,1785268671602304033,2116
0x18ffefa7,2,1785268671602311335,1785268671604304007,1992
0x18ffa7ef,2,1785268671604765227,1785268671606304556,1539
0x18fe50a7,2,1785268671607479230,1785268671608304327,825
0x18ff9528,2,1785268671611673501,1785268671612304721,631
0x10ffd438,2,1785268671612027313,1785268671614462510,2435
0x18ffefa7,2,1785268671612699920,1785268671614462510,1762
0x1f2,1,1785268671613332361,1785268671614462510,1130
0x18fd50a7,2,1785268671613684451,1785268671614462510,778
0xc7f94,2,1785268671613836839,1785268671614462510,625
0xc7f94,2,1785268671615001462,1785268671616430318,1428
0x18fe2895,2,1785268671615313145,1785268671616430318,1117
0x18fe50a7,2,1785268671618137443,1785268671620430193,2292
0x10ff38d4,2,1785268671622581268,1785268671624430828,1849
0x18ffefa7,2,1785268671623283171,1785268671624430828,1147
0x18fff5d4,2,1785268671624696978,1785268671626430710,1733
0x18ffa7ef,2,1785268671625788915,1785268671626430710,641
0xc7f28,2,1785268671628583047,1785268671630430937,1847
0x18ff9528,2,1785268671632633319,1785268671634552904,1919
0x18ffefa7,2,1785268671633656590,1785268671634552904,896
0x1f2,1,1785268671634291086,1785268671636553619,2262
0x18fd50a7,2,1785268671634643232,1785268671636553619,1910
0xc7f94,2,1785268671634795287,1785268671636553619,1758
0x18ff2895,2,1785268671635877725,1785268671636553619,675
0x18fe2895,2,1785268671636282278,1785268671638552890,2270
0x1801d08f,2,1785268671638376654,1785268671640553272,2176
0x18fe50a7,2,1785268671639178242,1785268671640553272,1375
0x18ffefa7,2,1785268671644253526,1785268671646553233,2299
0x18ffa7ef,2,1785268671646685734,1785268671648681726,1995
0x18fe50a7,2,1785268671649399347,1785268671650682219,1282
0x1cffd4f5,2,1785268671649761400,1785268671650682219,920
0x18ff9528,2,1785268671653665210,1785268671654681817,1016
0x18ffefa7,2,1785268671654619056,1785268671656683236,2064
0x1f2,1,1785268671655250793,1785268671656683236,1432
0xc7ea8,2,1785268671655602532,1785268671656683236,1080
0x18ff28a7,2,1785268671655694550,1785268671656683236,988
0x18ff2895,2,1785268671656858246,1785268671658682544,1824
0x18fe2895,2,1785268671657230355,1785268671658682544,1452
0x18fe50a7,2,1785268671660054246,1785268671660682259,628
0x18ffefa7,2,1785268671665128252,1785268671666807312,1679
0x30c,1,1785268671667072277,1785268671668815120,1742
0x18ff28d0,2,1785268671667154610,1785268671668815120,1660
0x18ffa7ef,2,1785268671667706996,1785268671668815120,1108
0xc7f28,2,1785268671670501016,1785268671672808977,2307
0x18ff9528,2,1785268671674574954,1785268671676809445,2234
0x18ffefa7,2,1785268671675567337,1785268671676809445,1242
0x1f2,1,1785268671676199889,1785268671676809445,609
0x18fd50a7,2,1785268671676553479,1785268671678852234,2298
0xc7f94,2,1785268671676705553,1785268671678852234,2146
0x18ff2895,2,1785268671677817898,1785268671678852234,1034
0x18fe2895,2,1785268671678180859,1785268671678852234,671
0x18fe50a7,2,1785268671681004304,1785268671682933368,1929
0x18ffe5f4,2,1785268671684008231,1785268671684934787,926
0x18ff28f4,2,1785268671684390284,1785268671684934787,544
0x10ffd4f4,2,1785268671684763597,1785268671686933984,2170
0x18ffefa7,2,1785268671686296754,1785268671686933984,637
0x18ffa7ef,2,1785268671688730110,1785268671690933970,2203
0x18fe50a7,2,1785268671691444019,1785268671692934797,1490
0x18ffeff4,2,1785268671694537760,1785268671694934253,396
0x18ff9528,2,1785268671695611605,1785268671697058950,1447
0x18ffefa7,2,1785268671696985393,1785268671699066554,2081
0x1f2,1,1785268671697001689,1785268671699066554,2064
0x18fd50a7,2,1785268671697373984,1785268671699066554,1692
0x18ff28a7,2,1785268671697646352,1785268671699066554,1420
0x18ff2895,2,1785268671698920289,1785268671701060732,2140
0x18fe2895,2,1785268671699192287,1785268671701060732,1868
0x18fe50a7,2,1785268671702065937,1785268671703059281,993
0x18ffefa7,2,1785268671707139739,1785268671709060797,1921
0x18ffa7ef,2,1785268671709513484,1785268671711059809,1546
0x18fe50a7,2,1785268671712287301,1785268671713184839,897
0x18ff9528,2,1785268671716564146,1785268671717186566,622
0x18ffefa7,2,1785268671717440122,1785268671719202781,1762
0x1f2,1,1785268671717812879,1785268671719202781,1389
0xc7ea8,2,1785268671718185802,1785268671719202781,1016
0x18ff28a7,2,1785268671718457634,1785268671719202781,745
0x18ff2895,2,1785268671719735849,1785268671721186848,1450
0x18fe2895,2,1785268671720008810,1785268671721186848,1178
0x18fe50a7,2,1785268671722898681,1785268671725320390,2421
0x18ffefa7,2,1785268671728281853,1785268671729313951,1032
0x10fff4d4,2,1785268671728299352,1785268671729313951,1014
0x18fff5d4,2,1785268671730574394,1785268671731311333,736
0x18ffa7ef,2,1785268671730746393,1785268671731311333,564
0x18fe50a7,2,1785268671733234415,1785268671735311376,2076
0x18ff9528,2,1785268671737514297,1785268671739327936,1813
0x18ffefa7,2,1785268671738389014,1785268671739327936,938
0x1f2,1,1785268671738961084,1785268671739327936,366
0xc7ea8,2,1785268671739334416,1785268671741348263,2013
0x18ff28a7,2,1785268671739351175,1785268671741348263,1997
0x18ff2895,2,1785268671740523242,1785268671741348263,825
0x18fe2895,2,1785268671740895239,1785268671741348263,453
0x1801d08f,2,1785268671742969282,1785268671743436386,467
0x18fe50a7,2,1785268671743841851,1785268671745437101,1595
0x18ffefa7,2,1785268671748915321,1785268671749437829,522
0x18ffa7ef,2,1785268671751388565,1785268671753438131,2049
0x18ff28ef,2,1785268671752360411,1785268671753438131,1077
0xc7f8f,2,1785268671753533848,1785268671755440068,1906
0x18fe50a7,2,1785268671754209141,1785268671755440068,1230
0x1cffd4f5,2,1785268671754883044,1785268671755440068,557
0x18ff9528,2,1785268671758460430,1785268671759438703,978
0xc7ff7,2,1785268671759739885,1785268671761576844,1836
0x1f2,1,1785268671760114920,1785268671761576844,1461
0x18fd50a7,2,1785268671760406048,1785268671761576844,1170
0x18ff28a7,2,1785268671760585639,1785268671761576844,991
0x18ff2895,2,1785268671761662373,1785268671763560208,1897
0x18fe2895,2,1785268671762034964,1785268671763560208,1525
0x18fe50a7,2,1785268671764910983,1785268671765559868,648
0x18ffefa7,2,1785268671769984842,1785268671771560478,1575
0x30c,1,1785268671771658980,1785268671773560935,1901
0x18ffa7ef,2,1785268671772430475,1785268671773560935,1130
0x18fe50a7,2,1785268671775204273,1785268671775688076,483
0x18ff9528,2,1785268671779477710,1785268671781707519,2229
0x18ffefa7,2,1785268671780649351,1785268671781707519,1058
0x1f2,1,1785268671780665759,1785268671781707519,1041
0x18fd50a7,2,1785268671781036145,1785268671781707519,671
0x18ff28a7,2,1785268671781329829,1785268671783689790,2359
0x18ff2895,2,1785268671782480729,1785268671783689790,1209
0x18fe2895,2,1785268671782852283,1785268671783689790,837
0x18fe50a7,2,1785268671785725599,1785268671787688777,1963
0x18ffefa7,2,1785268671790799568,1785268671791689467,889
0x18ffa7ef,2,1785268671793172554,1785268671793814497,641
0x18ff28f4,2,1785268671794846210,1785268671795814287,968
0x18fe50a7,2,1785268671796019203,1785268671797814910,1795
0x18ff9528,2,1785268671800393529,1785268671801814878,1421
0x18ffefa7,2,1785268671801484392,1785268671803941112,2456
0x0,0,1785268671801486337,1785268671803941112,2454
0x18fd50a7,2,1785268671801857501,1785268671803941112,2083
0x18ff28a7,2,1785268671802162888,1785268671803941112,1778
0x18ff2895,2,1785268671803341066,1785268671803941112,600
0xc7f14,2,1785268671803817249,1785268671805815328,1998
0x18ffeff4,2,1785268671805594886,1785268671807940451,2345
0x18fe50a7,2,1785268671806669676,1785268671807940451,1270
0x18ffefa7,2,1785268671811744201,1785268671813940820,2196
0x18ffa7ef,2,1785268671814119168,1785268671815940350,1821
0x18fe50a7,2,1785268671816892336,1785268671817940677,1048
0x18ff9528,2,1785268671821467550,1785268671821941367,473
0x10ffd438,2,1785268671821484475,1785268671821941367,456
0x18ffefa7,2,1785268671822359452,1785268671823989194,1629
0x0,0,1785268671822375840,1785268671823989194,1613
0x18fd50a7,2,1785268671822748690,1785268671823989194,1240
0x18ff28a7,2,1785268671823020503,1785268671823989194,968
0x18ff2895,2,1785268671824194311,1785268671826066502,1872
0x18fe2895,2,1785268671824566123,1785268671826066502,1500
0x18fe50a7,2,1785268671827439828,1785268671828066199,626
0x1cff50d4,2,1785268671831813858,1785268671834066975,2253
0x18ffefa7,2,1785268671832585816,1785268671834066975,1481
0x10ff38d4,2,1785268671833858938,1785268671836067191,2208
0x18ffa7ef,2,1785268671835032653,1785268671836067191,1034
0x18fff5d4,2,1785268671836007499,1785268671838066518,2059
0x18fe50a7,2,1785268671837881339,1785268671840192048,2310
0x18ff9528,2,1785268671842155517,1785268671844193423,2037
0x18ffefa7,2,1785268671843327862,1785268671844193423,865
0x0,0,1785268671843344732,1785268671844193423,848
0x18fd50a7,2,1785268671843716989,1785268671844193423,476
0x18ff28a7,2,1785268671843990580,1785268671846193047,2202
0x18ff2895,2,1785268671845162629,1785268671846193047,1030
0xc7f14,2,1785268671845634941,1785268671846193047,558
0x1801d08f,2,1785268671847609059,1785268671848192336,583
0xc7f28,2,1785268671848582775,1785268671850192367,1609
0x18ffefa7,2,1785268671853556300,1785268671854192909,636
0x18ffa7ef,2,1785268671856030637,1785268671858318303,2287
0x18ffd0ef,2,1785268671857002687,1785268671858318303,1315
0x18ff95ef,2,1785268671858077125,1785268671860318667,2241
0xc7f28,2,1785268671858949731,1785268671860318667,1368
0x10ff38ef,2,1785268671859222026,1785268671860318667,1096
0x1cffd4f5,2,1785268671860197909,1785268671862318141,2120
0x18ff9528,2,1785268671863279223,1785268671864318227,1039
0x18ffefa7,2,1785268671864455272,1785268671866362832,1907
0x1f2,1,1785268671864471790,1785268671866362832,1891
0x18fd50a7,2,1785268671864843214,1785268671866362832,1519
0x18ff28a7,2,1785268671865118805,1785268671866362832,1244
0x18ff2895,2,1785268671866598259,1785268671868443917,1845
0xc7f14,2,1785268671866614499,1785268671868443917,1829
0xc7f28,2,1785268671869588963,1785268671870443689,854
0x18ffefa7,2,1785268671874563674,1785268671876444058,1880
0x30c,1,1785268671876237312,1785268671878444996,2207
0x18ff28d0,2,1785268671876908808,1785268671878444996,1536
0x18ffa7ef,2,1785268671877280472,1785268671878444996,1164
0x18fe50a7,2,1785268671879855771,1785268671880443804,588
0x18ff9528,2,1785268671884330615,1785268671886567747,2237
0x18ffefa7,2,1785268671885303461,1785268671886567747,1264
0x1f2,1,1785268671885675921,1785268671886567747,891
0x18fd50a7,2,1785268671886047882,1785268671886567747,519
0x18ff28a7,2,1785268671886064104,1785268671886567747,503
0x18ff2895,2,1785268671887138450,1785268671888566888,1428
0x18fe2895,2,1785268671887510207,1785268671888566888,1056
0x18fe50a7,2,1785268671890384097,1785268671892566301,2182
0x18ffefa7,2,1785268671895459362,1785268671896566676,1107
0x18ffa7ef,2,1785268671897834163,1785268671898566633,732
0x18ffe5f4,2,1785268671899508819,1785268671900567256,1058
0x18ff28f4,2,1785268671899880595,1785268671900567256,686
0xc7f28,2,1785268671900854608,1785268671902566990,1712
0x18ffefa7,2,1785268671906128854,1785268671906695958,567
0x1f2,1,1785268671906145224,1785268671906695958,550
0x18fd50a7,2,1785268671906518999,1785268671908713692,2194
0x18ff28a7,2,1785268671906790757,1785268671908713692,1922
0x18ff9528,2,1785268671907162755,1785268671908713692,1550
0x18ff2895,2,1785268671908034972,1785268671908713692,678
0x18fe2895,2,1785268671908420303,1785268671910696259,2275
0x18ffeff4,2,1785268671910293921,1785268671910696259,402
0x18fe50a7,2,1785268671911370211,1785268671912695864,1325
0x18ffefa7,2,1785268671916441699,1785268671918696677,2254
0x18ffa7ef,2,1785268671918815518,1785268671920821652,2006
0x18fe50a7,2,1785268671921588834,1785268671922821201,1232
0x18ffefa7,2,1785268671926963154,1785268671928838737,1875
0x1f2,1,1785268671926979024,1785268671928838737,1859
0x18fd50a7,2,1785268671927351263,1785268671928838737,1487
0x18ff28a7,2,1785268671927623817,1785268671928838737,1214
0x18ff9528,2,1785268671927996351,1785268671928838737,842
0x18ff2895,2,1785268671928970512,1785268671930822026,1851
0x18fe2895,2,1785268671929242510,1785268671930822026,1579
0x18fe50a7,2,1785268671932116586,1785268671932822649,706
0x18ffefa7,2,1785268671937490942,1785268671938947777,1456
0x18fff5d4,2,1785268671937507127,1785268671938947777,1440
0xc7fd3,2,1785268671939680947,1785268671940948382,1267
0x18fe50a7,2,1785268671942354894,1785268671942947227,592
0x18ffefa7,2,1785268671947728695,1785268671948962170,1233
0x1f2,1,1785268671947745214,1785268671948962170,1216
0x18fd50a7,2,1785268671948117341,1785268671948962170,844
0x18ff28a7,2,1785268671948389284,1785268671948962170,572
0x18ff9528,2,1785268671948763078,1785268671950956682,2193
0x18ff2895,2,1785268671949935256,1785268671950956682,1021
0x18fe2895,2,1785268671949951756,1785268671950956682,1004
0x1801d08f,2,1785268671952025595,1785268671953073527,1047
0xc7f28,2,1785268671952998849,1785268671955073039,2074
0xc7ff7,2,1785268671957973004,1785268671959073414,1100
0xc7fd3,2,1785268671960546877,1785268671961074649,527
0x18ff28ef,2,1785268671961420483,1785268671963073957,1653
0x18ff1eef,2,1785268671962493347,1785268671963073957,580
0x18fe50a7,2,1785268671963266713,1785268671965073969,1807
0xe7fea,2,1785268671965140368,1785268671967198665,2058
0x18ffefa7,2,1785268671968713846,1785268671969199363,485
0x1f2,1,1785268671969087511,1785268671971227485,2139
0x18fd50a7,2,1785268671969359676,1785268671971227485,1867
0x18ff28a7,2,1785268671969531527,1785268671971227485,1695
0x18ff9528,2,1785268671969803618,1785268671971227485,1423
0x18ff2895,2,1785268671970676631,1785268671971227485,550
0x18fe2895,2,1785268671971050129,1785268671973199553,2149
0x18fe50a7,2,1785268671973923389,1785268671975199195,1275
0x18ffefa7,2,1785268671978997729,1785268671981200934,2203
0x30c,1,1785268671980669441,1785268671981200934,531
0x18ffa7ef,2,1785268671981443566,1785268671983324260,1880
0x18fe50a7,2,1785268671984217086,1785268671985325013,1107
0x18ffefa7,2,1785268671989591646,1785268671991351475,1759
0x1f2,1,1785268671989963626,1785268671991351475,1387
0x18fd50a7,2,1785268671990235883,1785268671991351475,1115
0x18ff28a7,2,1785268671990407586,1785268671991351475,943
0x18ff9528,2,1785268671990679381,1785268671991351475,672
0x18ff2895,2,1785268671991652893,1785268671993326487,1673
0x18fe2895,2,1785268671991924780,1785268671993326487,1401
0x18fe50a7,2,1785268671994798967,1785268671995325258,526
0xc7ff7,2,1785268671999872047,1785268672001450645,1578
0x18ffa7ef,2,1785268672002246477,1785268672003450731,1204
0x18ff28f4,2,1785268672004219484,1785268672005452150,1232
0x10ffd4f4,2,1785268672004235577,1785268672005452150,1216
0x18fe50a7,2,1785268672005107979,1785268672007450921,2342
0xc7ff7,2,1785268672010482150,1785268672011451612,969
0x1f2,1,1785268672010854129,1785268672011451612,597
0x18fd50a7,2,1785268672011140905,1785268672013485087,2344
0x18ff28a7,2,1785268672011300404,1785268672013485087,2184
0x18ff2895,2,1785268672011872753,1785268672013485087,1612
0x18fe2895,2,1785268672012245121,1785268672013485087,1239
0x18ffeff4,2,1785268672014619218,1785268672015572469,953
0x18fe50a7,2,1785268672015692674,1785268672017573610,1880
0xc7ff7,2,1785268672020766810,1785268672021574301,807
0x18ffa7ef,2,1785268672023140444,1785268672023573313,432
0x18fe50a7,2,1785268672025913612,1785268672027573818,1660
0x10ffd438,2,1785268672030487455,1785268672031574045,1086
0xc7ff7,2,1785268672031360709,1785268672033736798,2376
0x1f2,1,1785268672031732374,1785268672033736798,2004
0x18fd50a7,2,1785268672032004168,1785268672033736798,1732
0x18ff28a7,2,1785268672032176130,1785268672033736798,1560
0x18ff9528,2,1785268672032448258,1785268672033736798,1288
0xc7f94,2,1785268672033622177,1785268672035702717,2080
0x18fe2895,2,1785268672033793806,1785268672035702717,1908
0x18fe50a7,2,1785268672036567752,1785268672037704692,1136
0x18ffefa7,2,1785268672041941219,1785268672043703654,1762
0x10fff4d4,2,1785268672041957330,1785268672043703654,1746
0x10ff38d4,2,1785268672044232057,1785268672045704795,1472
0xc7fd3,2,1785268672044403538,1785268672045704795,1301
0x18fff5d4,2,1785268672046077528,1785268672047828233,1750
0x18fe50a7,2,1785268672046949967,1785268672047828233,878
0xc7ff7,2,1785268672052324120,1785268672053842287,1518
0x1f2,1,1785268672052695877,1785268672053842287,1146
0x18fd50a7,2,1785268672052967820,1785268672053842287,874
0x18ff28a7,2,1785268672053139374,1785268672053842287,702
0x18ff9528,2,1785268672053713389,1785268672055829317,2115
0x18ff2895,2,1785268672053729278,1785268672055829317,2100
0x18fe2895,2,1785268672054110850,1785268672055829317,1718
0x1801d08f,2,1785268672056684612,1785268672057828588,1143
0xc7f28,2,1785268672057658162,1785268672059828767,2170
0x18ffefa7,2,1785268672062631687,1785268672063828902,1197
0x18ffa7ef,2,1785268672065104857,1785268672065954099,849
0x18ff38ef,2,1785268672066078759,1785268672067954592,1875
0x18fe38ef,2,1785268672067151752,1785268672067954592,802
0x18fe50a7,2,1785268672067925507,1785268672069955289,2029
0x1cfe50ef,2,1785268672068297412,1785268672069955289,1657
0x18fff4ef,2,1785268672069369646,1785268672069955289,585
0x1cffd4f5,2,1785268672070443788,1785268672071954042,1510
0x18ffefa7,2,1785268672073217068,1785268672073954943,737
0x1f2,1,1785268672073890582,1785268672076003139,2112
0x18fd50a7,2,1785268672074163136,1785268672076003139,1840
0x18ff28a7,2,1785268672074334672,1785268672076003139,1668
0x18ff9528,2,1785268672074606189,1785268672076003139,1396
0x18ff2895,2,1785268672075578516,1785268672076003139,424
0x18fe2895,2,1785268672075952348,1785268672078079373,2127
0x18fe50a7,2,1785268672078725775,1785268672080079959,1354
0x18ffefa7,2,1785268672083799819,1785268672086080588,2280
0x30c,1,1785268672085504494,1785268672086080588,576
0x18ffa7ef,2,1785268672086588765,1785268672088080859,1492
0x18ff28d0,2,1785268672086606728,1785268672088080859,1474
0x18fe50a7,2,1785268672089081176,1785268672090080593,999
0x18ffefa7,2,1785268672094126960,1785268672096233813,2106
0x1f2,1,1785268672094800530,1785268672096233813,1433
0x18fd50a7,2,1785268672095096917,1785268672096233813,1136
0x18ff28a7,2,1785268672095474193,1785268672096233813,759
0x18ff9528,2,1785268672095491285,1785268672096233813,742
0x18ff2895,2,1785268672096465853,1785268672098206399,1740
0x18fe2895,2,1785268672096837610,1785268672098206399,1368
0x18fe50a7,2,1785268672099612983,1785268672100205726,592
0x18ffefa7,2,1785268672104706933,1785268672106206132,1499
0x18ffa7ef,2,1785268672107099400,1785268672108206496,1107
0x18ffe5f4,2,1785268672108780335,1785268672110332859,1552
0x18ff28f4,2,1785268672109152851,1785268672110332859,1180
0x18fe28f4,2,1785268672109524682,1785268672110332859,808
0x10ffd4f4,2,1785268672109896661,1785268672110332859,436
0x18fe50a7,2,1785268672110125197,1785268672112331871,2206
0x18ffd0f4,2,1785268672113132790,1785268672114332420,1199
0x1cff50f4,2,1785268672113511917,1785268672114332420,820
0x18ffeff4,2,1785268672113884359,1785268672114332420,448
0x18ff9528,2,1785268672114760873,1785268672116332266,1571
0x18ffefa7,2,1785268672115847755,1785268672116332266,484
0x1f2,1,1785268672116226882,1785268672118376388,2149
0x18fd50a7,2,1785268672116499288,1785268672118376388,1877
0x18ff28a7,2,1785268672116671454,1785268672118376388,1704
0x18ff2895,2,1785268672117142580,1785268672118376388,1233
0x18fe2895,2,1785268672117514337,1785268672118376388,862
0x18fe50a7,2,1785268672120988835,1785268672122332172,1343
0x18ff38f4,2,1785268672123965206,1785268672124456979,491
0x18ffefa7,2,1785268672126140674,1785268672128457522,2316
0xc7fd3,2,1785268672128614252,1785268672130457923,1843
0x18fe50a7,2,1785268672131290328,1785268672132457638,1167
0x18ff9528,2,1785268672134965084,1785268672136457958,1492
0x18ffefa7,2,1785268672136439297,1785268672138581174,2141
0x1f2,1,1785268672137112090,1785268672138581174,1469
0x18fd50a7,2,1785268672137384292,1785268672138581174,1196
0x18ff28a7,2,1785268672137556383,1785268672138581174,1024
0x18ff2895,2,1785268672138028214,1785268672138581174,552
0x18fe2895,2,1785268672138402545,1785268672140579741,2177
0x18fe50a7,2,1785268672141876579,1785268672142579920,703
0x18ffefa7,2,1785268672146953808,1785268672148580696,1626
0x10fff4d4,2,1785268672147526564,1785268672148580696,1054
0xc7fd3,2,1785268672149701569,1785268672150580764,879
0x18fff5d4,2,1785268672149873809,1785268672150580764,706
0x18fe50a7,2,1785268672152248035,1785268672152580127,332
0x18ff9528,2,1785268672155922180,1785268672156709040,786
0x18ffefa7,2,1785268672157395615,1785268672158709477,1313
0x1f2,1,1785268672158068111,1785268672158709477,641
0x18fd50a7,2,1785268672158340443,1785268672160710767,2370
0x18ff28a7,2,1785268672158513386,1785268672160710767,2197
0x18ff2895,2,1785268672159586084,1785268672160710767,1124
0xc7f14,2,1785268672160057840,1785268672160710767,652
0xc00e8,2,1785268672162132198,1785268672162709668,577
0x18fe50a7,2,1785268672162905786,1785268672164711347,1805
0x18ffefa7,2,1785268672167981070,1785268672168835203,854
0x1cffd4f5,2,1785268672170454111,1785268672172841357,2387
0x18ffa7ef,2,1785268672170827460,1785268672172841357,2013
0x1cfed4f5,2,1785268672170843553,1785268672172841357,1997
0xc7f94,2,1785268672171615918,1785268672172841357,1225
0x18ff1eef,2,1785268672172689949,1785268672174835406,2145
0xc7f28,2,1785268672173362204,1785268672174835406,1473
0x18ff9528,2,1785268672177036682,1785268672178835318,1798
0x18ffefa7,2,1785268672178519821,1785268672180871367,2351
0x1f2,1,1785268672179083299,1785268672180871367,1788
0xc7ea8,2,1785268672179454853,1785268672180871367,1416
0x18ff28a7,2,1785268672179471019,1785268672180871367,1400
0x18ff2895,2,1785268672180644679,1785268672182960990,2316
0x18fe2895,2,1785268672181016158,1785268672182960990,1944
0x18fe50a7,2,1785268672183890122,1785268672184960650,1070
0x18ffefa7,2,1785268672189015721,1785268672190961038,1945
0x30c,1,1785268672190707748,1785268672192961494,2253
0x18ffa7ef,2,1785268672191576928,1785268672192961494,1384
0xc7f28,2,1785268672194276948,1785268672194961191,684
0x18ff9528,2,1785268672198059722,1785268672198961511,901
0x18ffefa7,2,1785268672199637138,1785268672201087578,1450
0x0,0,1785268672199809452,1785268672201087578,1278
0x18fd50a7,2,1785268672200081210,1785268672201087578,1006
0x18ff28a7,2,1785268672200452467,1785268672201087578,635
0x18ff2895,2,1785268672201925754,1785268672203087016,1161
0x18fe2895,2,1785268672201942439,1785268672203087016,1144
0x18fe50a7,2,1785268672204816922,1785268672207086614,2269
0x18ff28f4,2,1785268672207790941,1785268672209088274,1297
0x18ffefa7,2,1785268672209981891,1785268672211087230,1105
0x18ffa7ef,2,1785268672212464098,1785268672213090576,626
0xc7f28,2,1785268672215199767,1785268672217213006,2013
0x18ffeff4,2,1785268672218177693,1785268672219212444,1034
0x18ff9528,2,1785268672218952225,1785268672221213438,2261
0x18ffefa7,2,1785268672220424068,1785268672221213438,789
0x1f2,1,1785268672220695474,1785268672221213438,517
0xc7ea8,2,1785268672221168379,1785268672223215783,2047
0x18ff28a7,2,1785268672221439729,1785268672223215783,1776
0x18ff2895,2,1785268672222010911,1785268672223215783,1204
0x18fe2895,2,1785268672222382538,1785268672223215783,833
0x18fe50a7,2,1785268672225855462,1785268672227213973,1358
0x18ffefa7,2,1785268672230929412,1785268672233338138,2408
0x18ffa7ef,2,1785268672233403675,1785268672235338298,1934
0x18fe50a7,2,1785268672236077789,1785268672237338514,1260
0x18ff9528,2,1785268672239752841,1785268672241341390,1588
0x10ffd438,2,1785268672240124561,1785268672241341390,1216
0x18ffefa7,2,1785268672241298239,1785268672243465531,2167
0x1f2,1,1785268672241869532,1785268672243465531,1595
0xc7ea8,2,1785268672242041105,1785268672243465531,1424
0x18ff28a7,2,1785268672242313955,1785268672243465531,1151
0xc7f94,2,1785268672242885414,1785268672243465531,580
0xc7f14,2,1785268672243258949,1785268672245386450,2127
0x18fe50a7,2,1785268672246732669,1785268672247463999,731
0x10ff38d4,2,1785268672251609547,1785268672253465757,1856
0x18ffefa7,2,1785268672251883045,1785268672253465757,1582
0x18fff5d4,2,1785268672253560128,1785268672255465232,1905
0x18ffa7ef,2,1785268672254455437,1785268672255465232,1009
0x18fe50a7,2,1785268672257168421,1785268672259464960,2296
0x18ff9528,2,1785268672260965213,1785268672261464657,499
0x18ffefa7,2,1785268672262548740,1785268672263587353,1038
0x0,0,1785268672262723665,1785268672263587353,863
0x18fd50a7,2,1785268672262997200,1785268672263587353,590
0x18ff28a7,2,1785268672263371624,1785268672265587662,2216
0x18ff2895,2,1785268672264844282,1785268672265587662,743
0x18fe2895,2,1785268672264860930,1785268672265587662,726
0x1801d08f,2,1785268672266936047,1785268672267586562,650
0x18fe50a7,2,1785268672267809634,1785268672269587685,1778
0x18ffefa7,2,1785268672272885807,1785268672273590209,704
0x18ffa7ef,2,1785268672275361070,1785268672277716696,2355
0x1cffd4f5,2,1785268672275734364,1785268672277716696,1982
0x18ffd0ef,2,1785268672276506471,1785268672277716696,1210
0x18ff95ef,2,1785268672277580816,1785268672279717133,2136
0x18fe50a7,2,1785268672278253368,1785268672279717133,1463
0x10ff38ef,2,1785268672278725346,1785268672279717133,991
0x18ff9528,2,1785268672282108881,1785268672283716157,1607
0x18ffefa7,2,1785268672283682594,1785268672285724039,2041
0x1f2,1,1785268672283853612,1785268672285724039,1870
0x18fd50a7,2,1785268672284125499,1785268672285724039,1598
0x18ff28a7,2,1785268672284497219,1785268672285724039,1226
0x18ff2895,2,1785268672285670453,1785268672287716533,2046
0xc7f14,2,1785268672286122598,1785268672287716533,1593
0x18fe50a7,2,1785268672288899507,1785268672289716786,817
0x18ffefa7,2,1785268672293975273,1785268672295842284,1867
0x18ff28d0,2,1785268672295048433,1785268672295842284,793
0x30c,1,1785268672295922150,1785268672297841925,1919
0x18ffa7ef,2,1785268672296594109,1785268672297841925,1247
0x18fe50a7,2,1785268672299268352,1785268672299841993,573
0x18ff9528,2,1785268672303044644,1785268672303841850,797
0x18ffefa7,2,1785268672304620097,1785268672305867991,1247
0x1f2,1,1785268672304792837,1785268672305867991,1075
0x18fd50a7,2,1785268672305065280,1785268672305867991,802
0x18ff28a7,2,1785268672305437407,1785268672305867991,430
0x18ff2895,2,1785268672306611993,1785268672307968040,1356
0x18fe2895,2,1785268672306985083,1785268672307968040,982
0x18fe50a7,2,1785268672309859214,1785268672311967731,2108
0x18ffe5f4,2,1785268672312833974,1785268672313968002,1134
0x18ff28f4,2,1785268672313205305,1785268672313968002,762
0x18ffefa7,2,1785268672315095182,1785268672315968051,872
0x18ffa7ef,2,1785268672317577834,1785268672317967840,390
0x18fe50a7,2,1785268672320255651,1785268672321968401,1712
0x18ffeff4,2,1785268672323232022,1785268672324093061,861
0x18ff9528,2,1785268672324106850,1785268672326093591,1986
0x18ffefa7,2,1785268672325679822,1785268672326093591,413
0x1f2,1,1785268672325854321,1785268672328093955,2239
0x18fd50a7,2,1785268672326127153,1785268672328093955,1966
0x18ff28a7,2,1785268672326498095,1785268672328093955,1595
0xc7f94,2,1785268672327971586,1785268672330093986,2122
0xc7f14,2,1785268672327987716,1785268672330093986,2106
0x18fe50a7,2,1785268672330861939,1785268672332093257,1231
0x18ffefa7,2,1785268672335937371,1785268672338094163,2156
0x18ffa7ef,2,1785268672338412764,1785268672340218952,1806
0x18fe50a7,2,1785268672341086989,1785268672342219260,1132
0x18ff9528,2,1785268672344961187,1785268672346225395,1264
0x18ffefa7,2,1785268672346436401,1785268672348254592,1818
0x0,0,1785268672346607752,1785268672348254592,1646
0x18fd50a7,2,1785268672346879509,1785268672348254592,1375
0x18ff28a7,2,1785268672347250840,1785268672348254592,1003
0x18ff2895,2,1785268672347822133,1785268672348254592,432
0x18fe2895